ccy,dataVersion,longRatio,longTraders,netNotionalUsdt,shortRatio,shortTraders,totalNotionalUsdt,tradersQualified,tradersWithPosition,weightedLongRatio,weightedShortRatio,ts,d_traders_with_position,d_total_notional_usdt,d_net_notional_usdt,d_weighted_long_ratio,smartmoney_direction,long_diffusion_event,long_exit_event,close,fwd_ret_1h,fwd_ret_3h,fwd_ret_6h,fwd_ret_12h,fwd_ret_24h
ETH,2026050805,0.7608695652,35,38421053.80515944,0.3043478261,14,53153672.45606653,100,46,0.8614148564,0.1385851436,2026-05-08 05:00:00+00:00,,,,,long,False,False,2275.23,-0.0003604031240798111,0.0030941926750263082,0.00846947341587434,0.012767939944533069,0.017378462836724173
ETH,2026050806,0.7826086956,36,40307590.20630668,0.2826086957,13,52249275.57467376,100,46,0.8857239144,0.1142760856,2026-05-08 06:00:00+00:00,0.0,-904396.8813927695,1886536.401147239,0.02430905799999994,long,False,True,2274.41,0.0025808891097032216,0.003882325526180397,0.004106559503343821,0.018607023359904495,0.017828799556808272
ETH,2026050807,0.7872340425,37,42609022.78849515,0.2340425532,11,54046496.75686223,100,47,0.8941885722,0.1058114278,2026-05-08 07:00:00+00:00,1.0,1797221.1821884736,2301432.582188472,0.008464657800000053,long,True,False,2280.28,0.0008726998438788325,0.002903152244461138,-0.0021313172066589336,0.015401617345238261,0.014892907888504725
ETH,2026050808,0.7959183673,39,46428778.08453326,0.2448979592,12,57957852.05290034,100,49,0.9005391542,0.0994608458,2026-05-08 08:00:00+00:00,2.0,3911355.296038106,3819755.296038106,0.006350581999999938,long,True,False,2282.27,0.00042501544514883527,0.0053586998908981,0.001161124669736724,0.01049393805290344,0.0155985049972176
ETH,2026050809,0.8076923076,42,47902693.41141325,0.2115384615,11,59340167.37978034,100,52,0.9036278925,0.0963721075,2026-05-08 09:00:00+00:00,3.0,1382315.3268800005,1473915.326879993,0.0030887383000000046,long,True,False,2283.24,0.0016029852315131432,0.00022336679455525754,-0.0007445559818503034,0.011260314290219231,
ETH,2026050810,0.8039215686,41,50119742.93190942,0.2352941176,12,61785390.10027649,100,51,0.9055954235,0.0944045765,2026-05-08 10:00:00+00:00,-1.0,2445222.7204961553,2217049.5204961672,0.0019675310000000223,long,True,True,2286.9,0.003323276050548829,-0.005019895928986884,0.001045082863264657,0.010105382832655607,
ETH,2026050811,0.8113207547,43,54001458.65050754,0.2452830189,13,65894595.21887462,100,53,0.9097563576,0.0902436424,2026-05-08 11:00:00+00:00,2.0,4109205.118598126,3881715.71859812,0.004160934099999958,long,True,False,2294.5,-0.004685116583133531,-0.004175201568969222,0.004262366528655637,0.005160165613423473,
ETH,2026050812,0.8,40,54683951.87803249,0.26,13,66622685.04639957,100,50,0.9104003901,0.0895996099,2026-05-08 12:00:00+00:00,-3.0,728089.8275249526,682493.2275249511,0.0006440325000000025,long,True,True,2283.75,-0.0036475095785439837,-0.0009677066228790387,0.014441160372194783,0.010627257799671552,
ETH,2026050813,0.8,40,54644155.89235901,0.26,13,66582889.0607261,100,50,0.9103468373,0.0896531627,2026-05-08 13:00:00+00:00,0.0,-39795.985673472285,-39795.985673479736,-5.3552799999967426e-05,long,False,True,2275.42,0.0041750533967355175,0.006095577959233767,0.017570382610682778,0.01455555457893487,
ETH,2026050814,0.7959183673,39,54186055.924289055,0.2653061224,13,66124789.09265614,100,49,0.9097257372,0.0902742628,2026-05-08 14:00:00+00:00,-1.0,-458099.9680699557,-458099.9680699557,-0.0006211000999999383,long,False,True,2284.92,-0.0014792640442554683,0.008472944348161038,0.009321989391313457,0.01401799625369815,
ETH,2026050815,0.7959183673,39,55257517.31102018,0.2448979592,12,66968119.47938726,100,49,0.9125658428,0.0874341572,2026-05-08 15:00:00+00:00,0.0,843330.386731118,1071461.3867311254,0.0028401055999999203,long,True,False,2281.54,0.0033968284579712904,0.015423792701420913,0.012013815230063951,0.013758251005899558,
ETH,2026050816,0.7916666666,38,55048843.47750859,0.2708333333,13,67440890.01337568,100,48,0.9081266088,0.0918733912,2026-05-08 16:00:00+00:00,-1.0,472770.53398842365,-208673.83351159096,-0.004439234000000014,long,True,True,2289.29,0.006547881657631871,0.011405282860625032,0.009050841090469275,0.011772208850779009,
ETH,2026050817,0.8260869565,38,55261383.527487285,0.2391304348,11,67024820.08915438,100,46,0.9122456684,0.0877543316,2026-05-08 17:00:00+00:00,-2.0,-416069.92422130704,212540.0499786958,0.00411905960000003,long,False,True,2304.28,0.005402989220059995,0.0008419115732460902,0.0008939885777770051,0.004552398146058456,
ETH,2026050818,0.8260869565,38,49954875.44551258,0.2391304348,11,61967247.21159174,100,46,0.9030748314,0.0969251686,2026-05-08 18:00:00+00:00,0.0,-5057572.877562635,-5306508.081974708,-0.009170836999999987,long,False,True,2316.73,-0.0005740850250136598,-0.003358181574892316,-0.0037596094495258026,-0.0007640078904317393,
ETH,2026050819,0.78,39,49975912.700902686,0.28,14,62402278.48878186,100,50,0.9004333969,0.0995666031,2026-05-08 19:00:00+00:00,4.0,435031.277190119,21037.25539010763,-0.002641434499999984,long,True,False,2315.4,-0.003964757709251199,-0.0023278915090264585,-0.002962771011488341,-0.0005009933488815399,
ETH,2026050820,0.7959183673,39,49930054.06594591,0.2653061224,13,62445150.05382509,100,49,0.899791289,0.100208711,2026-05-08 20:00:00+00:00,-1.0,42871.565043225884,-45858.634956777096,-0.0006421078999999663,long,True,True,2306.22,0.0011837552358404668,5.2033197180056945e-05,0.004652635047827092,0.005051556226205678,
ETH,2026050821,0.7826086956,36,48744552.938273735,0.2826086957,13,63588621.999345005,100,46,0.8832804628,0.1167195372,2026-05-08 21:00:00+00:00,-3.0,1143471.9455199167,-1185501.127672173,-0.016510826199999995,long,True,True,2308.95,0.0004590831330260059,-0.00040278048463582294,0.0017237272353234356,,
ETH,2026050822,0.804347826,37,49911139.300364725,0.2391304348,11,63793565.203236,100,46,0.8911925845,0.1088074155,2026-05-08 22:00:00+00:00,0.0,204943.2038909942,1166586.36209099,0.007912121699999997,long,True,False,2310.01,-0.0015887377110921364,-0.0006363608815547206,0.0026969580218265676,,
ETH,2026050823,0.78,39,47418524.03994581,0.28,14,67609657.38782328,100,50,0.8506786298,0.1493213702,2026-05-08 23:00:00+00:00,4.0,3816092.184587285,-2492615.2604189143,-0.04051395470000008,long,True,False,2306.34,0.0007284268581388975,0.004600362479079356,0.003655141913160964,,
ETH,2026050901,0.82,41,52247881.04733909,0.24,12,66875187.10451656,100,50,0.89063727,0.10936273,2026-05-09 01:00:00+00:00,0.0,-734470.2833067253,4829357.007393278,0.03995864020000006,long,False,True,2308.54,0.0036429951397851656,0.0033354414478414807,0.0024690930198305594,,
ETH,2026050902,0.7959183673,39,50252863.525048256,0.2857142857,14,65373131.77888371,100,49,0.8843541081,0.1156458919,2026-05-09 02:00:00+00:00,-1.0,-1502055.3256328478,-1995017.5222908333,-0.0062831619000000005,long,False,True,2316.95,-0.0017350395994734091,-0.0009408921211073729,0.0003970737391829626,,
ETH,2026050903,0.7872340425,37,46284926.08630882,0.2978723404,14,62135530.180924274,100,47,0.8724513651,0.1275486349,2026-05-09 03:00:00+00:00,-2.0,-3237601.5979594365,-3967937.438739434,-0.011902743000000049,long,False,True,2312.93,0.0014310852468513158,0.0008776746377971989,,,
ETH,2026050904,0.8,36,44229175.17664386,0.2888888889,13,59753020.945119314,100,45,0.8700999085,0.1299000915,2026-05-09 04:00:00+00:00,-2.0,-2382509.23580496,-2055750.9096649587,-0.0023514566000000237,long,False,True,2316.24,-0.0006346492591440267,-0.0008634683797879017,,,
ETH,2026050905,0.8139534883,35,43742961.226663865,0.2790697674,12,59569458.21047931,100,43,0.8671593005,0.1328406995,2026-05-09 05:00:00+00:00,-2.0,-183562.73464000225,-486213.9499799982,-0.0029406079999999557,long,False,True,2314.77,8.208158909961405e-05,0.0013392259274138674,,,
BTC,2026050805,0.4814814814,13,-3682421.4438992674,0.6296296296,17,29261276.063515656,100,27,0.4370768821,0.5629231179,2026-05-08 05:00:00+00:00,,,,,short,False,False,79555.0,-0.0009301740933944647,0.0037081264533971314,0.008022123059518549,0.006078813399535088,0.010254540883665397
BTC,2026050806,0.4814814814,13,-3679831.2904692674,0.6296296296,17,29263866.216945656,100,27,0.4371267066,0.5628732934,2026-05-08 06:00:00+00:00,0.0,2590.1534299999475,2590.1534299999475,4.982450000001748e-05,short,False,False,79481.0,0.001953926095544789,0.004370855927831707,0.006426693171952991,0.007138813049659687,0.009877832437941159
BTC,2026050807,0.5,14,-3522846.813189267,0.6071428571,17,29420850.694225658,100,28,0.4401300994,0.5598699006,2026-05-08 07:00:00+00:00,1.0,156984.4772800021,156984.47728000022,0.003003392799999949,short,False,False,79636.3,0.0026834496328935753,0.006797151550235192,-0.0003566212895376175,0.0063450963944835514,0.00692648955313091
BTC,2026050808,0.4814814814,13,-3606841.445389267,0.6296296296,17,29336856.062025655,100,27,0.4385271305,0.5614728695,2026-05-08 08:00:00+00:00,-1.0,-83994.63220000267,-83994.63219999988,-0.0016029689000000014,short,False,False,79850.0,-0.00027050720100196823,0.004298058860363163,0.003282404508453407,0.003130870381966133,0.006487163431433851
BTC,2026050809,0.4814814814,13,-3603298.3253892674,0.6296296296,17,29340399.182025656,100,27,0.4385949335,0.5614050665,2026-05-08 09:00:00+00:00,0.0,3543.120000001043,3543.119999999646,6.780300000003292e-05,short,False,False,79828.4,0.004374383051645836,0.0020468905802948356,0.0036340450265821556,0.0048541621778714905,
BTC,2026050810,0.4814814814,13,-3595246.121711587,0.5925925926,16,29332335.434347976,100,27,0.4387153107,0.5612846893,2026-05-08 10:00:00+00:00,0.0,-8063.747677680105,8052.203677680343,0.00012037720000002139,short,False,False,80177.6,0.00019456805890905038,-0.007105475843627307,-0.005082466923429951,0.0007159106782941294,
BTC,2026050811,0.4814814814,13,-3245204.4531630157,0.5925925926,16,29682377.102896545,100,27,0.4453344918,0.5546655082,2026-05-08 11:00:00+00:00,0.0,350041.6685485691,350041.6685485714,0.006619181099999982,short,False,False,80193.2,-0.0025114348847532497,-0.0010113076919239239,-0.0019278442561213582,-0.0005087713172687858,
BTC,2026050812,0.5185185185,14,-3141827.7802868253,0.5925925926,16,29785753.775772735,100,27,0.4472595556,0.5527404444,2026-05-08 12:00:00+00:00,0.0,103376.6728761904,103376.6728761904,0.0019250638000000153,short,False,False,79991.8,-0.004799241922297193,0.0015839123510159592,0.0007075725261838084,0.0026440210121536634,
BTC,2026050813,0.4814814814,13,-3221072.1826677774,0.5925925926,16,29706509.373391785,100,27,0.4457850779,0.5542149221,2026-05-08 13:00:00+00:00,0.0,-79244.40238095075,-79244.40238095215,-0.001474477700000032,short,False,False,79607.9,0.006333542274070902,0.002037486229381935,0.006704108511843776,0.007285709081636282,
BTC,2026050814,0.4615384615,12,-3327562.2869725395,0.6153846154,16,29600019.269087024,100,26,0.4437912141,0.5562087859,2026-05-08 14:00:00+00:00,-1.0,-106490.1043047607,-106490.10430476209,-0.0019938637999999953,short,False,False,80112.1,7.988805686021117e-05,-0.0009174644030053303,-0.00015103835750163164,0.0029695888636047663,
BTC,2026050815,0.4814814814,13,-3247613.3005779814,0.5925925926,16,29679968.25548158,100,27,0.4452894748,0.5547105252,2026-05-08 15:00:00+00:00,1.0,79948.98639455438,79948.9863945581,0.001498260699999976,short,False,False,80118.5,-0.004348558697429339,-0.0008749539744254964,0.0012156992454925852,0.002641087888565208,
BTC,2026050816,0.4814814814,13,-3090167.9983330835,0.5925925926,16,29837413.55772648,100,27,0.4482165571,0.5517834429,2026-05-08 16:00:00+00:00,0.0,157445.30224490166,157445.30224489793,0.00292708230000005,short,False,False,79770.1,0.0033659228207059133,0.0046571334372151885,0.005827998209855467,0.008343978508237981,
BTC,2026050817,0.5185185185,14,-2840435.3125081854,0.5555555556,15,29913230.454551376,100,27,0.4525220902,0.5474779098,2026-05-08 17:00:00+00:00,0.0,75816.89682489634,249732.68582489807,0.004305533099999981,short,False,False,80038.6,0.000122440922254885,0.0007671298598426191,0.0014218139747570469,0.00415049738501172,
BTC,2026050818,0.5185185185,14,-2939847.2335104533,0.5555555556,15,30015020.53754911,100,27,0.4510270661,0.5489729339,2026-05-08 18:00:00+00:00,0.0,101790.08299773186,-99411.92100226786,-0.0014950241000000197,short,False,False,80048.4,0.0011642956011614913,0.002092484047151455,0.0019350792770373992,0.002719604639193518,
BTC,2026050819,0.5555555555,15,-3115809.11908941,0.5555555556,15,29839074.788250152,100,27,0.4477897833,0.5522102167,2026-05-08 19:00:00+00:00,0.0,-175945.74929895625,-175961.88557895692,-0.003237282799999963,short,False,False,80141.6,-0.0005190812262296784,0.001165437176197992,0.0005777274224620932,0.0005777274224620932,
BTC,2026050820,0.5,13,-4274537.08861941,0.5769230769,15,28680362.87702015,100,26,0.4254797244,0.5745202756,2026-05-08 20:00:00+00:00,-1.0,-1158711.9112300016,-1158727.96953,-0.02231005890000004,short,False,False,80100.0,0.001446941323345774,0.0006541822721597423,0.003121098626716501,0.003345817727840261,
BTC,2026050821,0.5,13,-4109334.1088757026,0.5769230769,15,28845565.85676386,100,26,0.4287700901,0.5712299099,2026-05-08 21:00:00+00:00,0.0,165202.97974370793,165202.97974370746,0.0032903657000000197,short,False,False,80215.9,0.00023810740763363647,-0.00015707609089954389,0.0014236579032338437,,
BTC,2026050822,0.56,14,-3689440.1876645912,0.56,14,29265379.67075497,100,25,0.4369657897,0.5630342103,2026-05-08 22:00:00+00:00,-1.0,419813.8139911108,419893.92121111136,0.008195699599999995,short,False,False,80235.0,-0.001029475914501199,-0.0005870256122640916,0.002501402131239505,,
BTC,2026050823,0.5384615384,14,-3835816.3541629654,0.5769230769,15,29221521.836016595,100,26,0.4343665881,0.5656334119,2026-05-08 23:00:00+00:00,1.0,-43857.83473837376,-146376.1664983742,-0.0025992015999999896,short,False,False,80152.4,0.0006350402483270567,0.002465303596648427,0.002724809238400905,,
BTC,2026050901,0.5185185185,14,-4072016.1669808817,0.5925925926,16,29465259.08197868,100,27,0.4309014022,0.5690985978,2026-05-09 01:00:00+00:00,1.0,243737.24596208334,-236199.81281791627,-0.0034651859000000007,short,False,False,80187.9,0.002021501997184094,0.003090241794585058,0.0,,
BTC,2026050902,0.5384615384,14,-3693775.762951171,0.5769230769,15,29306543.25314839,100,26,0.4369803574,0.5630196426,2026-05-09 02:00:00+00:00,-1.0,-158715.82883028686,378240.4040297107,0.0060789552000000135,short,False,False,80350.0,-0.0002476664592407918,0.0002588674548849035,0.00022401991288112377,,
BTC,2026050903,0.5384615384,14,-4190752.914399198,0.5769230769,15,28809566.101700366,100,26,0.4272680313,0.5727319687,2026-05-09 03:00:00+00:00,0.0,-496977.1514480263,-496977.15144802677,-0.009712326100000002,short,False,False,80330.1,0.0013145757318862028,-0.0007967125647795337,,,
BTC,2026050904,0.5384615384,14,-12087462.355713809,0.5769230769,15,20912856.660385758,100,26,0.2110040356,0.7889959644,2026-05-09 04:00:00+00:00,0.0,-7896709.441314608,-7896709.441314612,-0.21626399570000002,short,False,False,80435.7,-0.0008068556623488377,-0.0030807216198778242,,,
BTC,2026050905,0.5384615384,14,-12087460.94283906,0.5769230769,15,20912858.0732605,100,26,0.2110040889,0.7889959111,2026-05-09 05:00:00+00:00,0.0,1.4128747433423996,1.412874748930335,5.329999999692525e-08,short,False,False,80370.8,-0.0013027119302034817,-3.483852344388083e-05,,,
SOL,2026050805,0.5555555555,5,-144854.71523266987,0.5555555556,5,3005638.730315053,100,9,0.4759028399,0.5240971601,2026-05-08 05:00:00+00:00,,,,,short,False,False,87.99,0.00011364927832713256,0.0037504261847935982,0.006818956699625067,0.041254688032731135,0.06148425957495185
SOL,2026050806,0.5555555555,5,-144854.71523266987,0.5555555556,5,3005638.730315053,100,9,0.4759028399,0.5240971601,2026-05-08 06:00:00+00:00,0.0,0.0,0.0,0.0,short,False,False,88.0,0.0020454545454546835,0.004204545454545405,0.00454545454545463,0.04772727272727284,0.0625
SOL,2026050807,0.5555555555,5,-144854.71523266987,0.5555555556,5,3005638.730315053,100,9,0.4759028399,0.5240971601,2026-05-08 07:00:00+00:00,0.0,0.0,0.0,0.0,short,False,False,88.18,0.0015876616012699962,0.0044227716035381,0.001020639600816331,0.04955772283964599,0.0625992288500794
SOL,2026050808,0.5555555555,5,-144854.71523266987,0.5555555556,5,3005638.730315053,100,9,0.4759028399,0.5240971601,2026-05-08 08:00:00+00:00,0.0,0.0,0.0,0.0,short,False,False,88.32,0.000566123188405987,0.0030570652173913526,0.008831521739130377,0.04234601449275366,0.061141304347826164
SOL,2026050809,0.6,6,-51514.88033266989,0.5,5,3098978.5652150526,100,10,0.4916884097,0.5083115903,2026-05-08 09:00:00+00:00,1.0,93339.83489999967,93339.83489999999,0.01578556980000001,short,False,False,88.37,0.0022632114971141704,0.00033948172456721437,0.004979065293651663,0.04481158764286519,
SOL,2026050810,0.6,6,-7183.31273266989,0.5,5,3143310.1328150528,100,10,0.4988573649,0.5011426351,2026-05-08 10:00:00+00:00,0.0,44331.567600000184,44331.5676,0.007168955199999993,short,False,False,88.57,0.00022581009371136496,-0.00338715140566781,0.009822739076436715,0.041549057242858733,
SOL,2026050811,0.6,6,-7183.31273266989,0.5,5,3143310.1328150528,100,10,0.4988573649,0.5011426351,2026-05-08 11:00:00+00:00,0.0,0.0,0.0,0.0,short,False,False,88.59,-0.0021447115927305527,0.005756857433118823,0.034202505926176796,0.03804041088158927,
SOL,2026050812,0.6,6,2818.6523673301103,0.5,5,3153312.097915053,100,10,0.5004469352,0.4995530648,2026-05-08 12:00:00+00:00,0.0,10001.965100000147,10001.9651,0.001589570300000065,long,False,False,88.4,-0.0014705882352942234,0.004638009049773739,0.042986425339366585,0.045475113122172006,
SOL,2026050813,0.6363636363,7,595507.4241673301,0.4545454545,5,3746000.8697150527,100,11,0.5794857562,0.4205142438,2026-05-08 13:00:00+00:00,1.0,592688.7717999998,592688.7718,0.07903882099999993,long,False,False,88.27,0.00940296816585473,0.013254786450662692,0.048487594879347506,0.04667497451002611,
SOL,2026050814,0.6,6,199927.20416733017,0.5,5,3350420.649715053,100,10,0.5298361347,0.4701638653,2026-05-08 14:00:00+00:00,-1.0,-395580.21999999974,-395580.22,-0.04964962149999996,long,False,False,89.1,-0.0032547699214364734,0.028282828282828465,0.03322109988776667,0.04837261503928181,
SOL,2026050815,0.6,6,199927.20416733017,0.5,5,3350420.649715053,100,10,0.5298361347,0.4701638653,2026-05-08 15:00:00+00:00,0.0,0.0,0.0,0.0,long,False,False,88.81,0.007093795743722486,0.038171377097173664,0.03963517621889423,0.05337236797657918,
SOL,2026050816,0.5555555555,5,43583.53526733016,0.5555555556,5,3194076.980815053,100,9,0.5068225555,0.4931774445,2026-05-08 16:00:00+00:00,-1.0,-156343.66889999993,-156343.66890000002,-0.023013579200000023,long,False,False,89.44,0.024373881932021613,0.034771914132379234,0.03141771019678008,0.04639982110912344,
SOL,2026050817,0.6666666666,6,9934.66466733015,0.4444444444,4,3293581.473815053,100,9,0.5015081856,0.4984918144,2026-05-08 17:00:00+00:00,0.0,99504.49299999978,-33648.87060000001,-0.005314369900000004,long,False,False,91.62,0.006330495524994539,0.00480244488103021,0.003710980135341435,0.019428072473259173,
SOL,2026050818,0.6666666666,6,58109.30370850572,0.4444444444,4,3245406.834773877,100,9,0.5089525453,0.4910474547,2026-05-08 18:00:00+00:00,0.0,-48174.6390411756,48174.63904117557,0.007444359700000014,long,False,False,92.2,0.003796095444685399,0.0014099783080259165,0.0023861171366594824,0.014099783080260275,
SOL,2026050819,0.6666666666,6,58109.30370850572,0.4444444444,4,3245406.834773877,100,9,0.5089525453,0.4910474547,2026-05-08 19:00:00+00:00,0.0,0.0,0.0,0.0,long,False,False,92.55,-0.005294435440302503,-0.0032414910858994395,-0.0017287952458130418,0.012425715829281536,
SOL,2026050820,0.6666666666,6,49101.89970850572,0.4444444444,4,3236399.430773877,100,9,0.5075858837,0.4924141163,2026-05-08 20:00:00+00:00,0.0,-9007.404000000097,-9007.404000000002,-0.0013666615999999854,long,False,False,92.06,0.002932869867477761,-0.0010862480990658785,0.014664349337388582,0.018031718444492695,
SOL,2026050821,0.625,5,14187.09650850572,0.5,4,3201484.627573877,100,8,0.5022157058,0.4977842942,2026-05-08 21:00:00+00:00,-1.0,-34914.803199999966,-34914.8032,-0.0053701779000000505,long,False,False,92.33,-0.0008664572728257491,0.0009747644319288984,0.013213473410592425,,
SOL,2026050822,0.625,5,14187.09650850572,0.5,4,3201484.627573877,100,8,0.5022157058,0.4977842942,2026-05-08 22:00:00+00:00,0.0,0.0,0.0,0.0,long,False,False,92.25,-0.0031436314363144646,0.0015176151761517875,0.014525745257452538,,
SOL,2026050823,0.7,7,242122.46310850573,0.4,4,3473866.963373877,100,10,0.5348491271,0.4651508729,2026-05-08 23:00:00+00:00,2.0,272382.3358,227935.3666,0.03263342130000002,long,False,False,91.96,0.00500217485863419,0.015767725097868723,0.01565898216615924,,
SOL,2026050901,0.7,7,239175.3847085057,0.4,4,3470919.884973877,100,10,0.5344541782,0.4655458218,2026-05-09 01:00:00+00:00,0.0,-2947.0783999999985,-2947.0784000000276,-0.00039494890000002503,long,False,False,92.39,0.011040155861023804,0.0129884186600282,0.014179023703864146,,
SOL,2026050902,0.7,7,43854.907203375995,0.4,4,3598500.8807368586,100,10,0.5060934968,0.4939065032,2026-05-09 02:00:00+00:00,0.0,127580.99576298147,-195320.4775051297,-0.02836068139999992,long,False,False,93.41,0.0014987688684295897,-0.00010705491917339938,0.0033187024943797105,,
SOL,2026050903,0.7272727272,8,27324.29820337599,0.3636363636,4,3581970.2717368584,100,11,0.5038141436,0.4961858564,2026-05-09 03:00:00+00:00,1.0,-16530.60900000017,-16530.609000000004,-0.002279353200000056,long,False,False,93.55,0.000427578834847786,-0.0005344735435595105,,,
SOL,2026050904,0.7272727272,8,-20820.304177427664,0.3636363636,4,3544780.403156054,100,11,0.4970632448,0.5029367552,2026-05-09 04:00:00+00:00,0.0,-37189.86858080421,-48144.602380803655,-0.00675089879999996,short,False,False,93.59,-0.002030131424297421,0.0011753392456459455,,,
SOL,2026050905,0.6363636363,7,-569513.5907794355,0.4545454545,5,4010984.8973540463,100,11,0.4290057672,0.5709942328,2026-05-09 05:00:00+00:00,0.0,466204.49419799214,-548693.2866020078,-0.06805747760000003,short,False,False,93.4,0.0010706638115631772,0.003426124197002167,,,
LAB,2026050805,0.3333333333,4,253429.86327075915,0.6666666667,8,441038.7530900654,100,12,0.7873101983,0.2126898017,2026-05-08 05:00:00+00:00,,,,,long,False,False,4.536,0.0037698412698412564,-0.016776895943562464,-0.03902116402116396,-0.07619047619047603,-0.060934744268077545
LAB,2026050806,0.3333333333,4,253429.86327075915,0.6666666667,8,441038.7530900654,100,12,0.7873101983,0.2126898017,2026-05-08 06:00:00+00:00,0.0,0.0,0.0,0.0,long,False,False,4.5531,-0.01179416221914742,-0.05249170894555355,-0.09925105971755488,-0.08569985284751047,-0.05978344424677684
LAB,2026050807,0.3636363636,4,248059.12427075917,0.6363636364,7,446409.4920900654,100,11,0.7778380933,0.2221619067,2026-05-08 07:00:00+00:00,-1.0,5370.739000000001,-5370.738999999972,-0.009472105000000064,long,True,True,4.4994,-0.008778948304218215,-0.046072809707961127,-0.06054140552073595,-0.09485709205671855,-0.06947593012401654
LAB,2026050808,0.3333333333,4,243795.35843742584,0.6666666667,8,450311.918256732,100,12,0.7706960981,0.2293039019,2026-05-08 08:00:00+00:00,1.0,3902.4261666666134,-4263.765833333338,-0.007141995200000029,long,True,False,4.4599,-0.03269131594878816,-0.022623825646314932,-0.03439539003116676,-0.10264804143590656,-0.06455301688378678
LAB,2026050809,0.4166666666,5,250839.50315892108,0.5833333333,7,449189.8709782272,100,12,0.7792132229,0.2207867771,2026-05-08 09:00:00+00:00,0.0,-1122.0472785048187,7044.1447214952495,0.008517124799999998,long,False,True,4.3141,-0.005099557265710208,-0.04934980644862186,-0.001483507568206588,-0.0393129505574743,
LAB,2026050810,0.3333333333,4,243470.81854577592,0.6666666667,8,450636.4581483819,100,12,0.7701410573,0.2298589427,2026-05-08 10:00:00+00:00,0.0,1446.5871701547294,-7368.68461314516,-0.009072165599999904,long,True,False,4.2921,0.01558677570420075,-0.015167400573145806,-0.017194380373243723,-0.03527410824538102,
LAB,2026050811,0.4166666666,5,261427.93643742584,0.5833333333,7,462656.440256732,100,12,0.7825292308,0.2174707692,2026-05-08 11:00:00+00:00,0.0,12019.982108350086,17957.11789164992,0.012388173499999988,long,True,False,4.359,-0.059142005047029045,-0.012044046799724706,-0.03867859600825874,-0.0844230328056893,
LAB,2026050812,0.3846153846,5,252357.65986389655,0.6923076923,9,471726.7168302613,100,13,0.7674828993,0.2325171007,2026-05-08 12:00:00+00:00,1.0,9070.276573529292,-9070.276573529292,-0.01504633150000001,long,True,False,4.1012,0.03067394908807186,0.05035111674631798,0.015044377255437169,0.006217692382717077,
LAB,2026050813,0.4166666666,5,253679.54828249625,0.6666666667,8,470404.8284116616,100,12,0.7696396092,0.2303603908,2026-05-08 13:00:00+00:00,-1.0,-1321.8884185996721,1321.8884185997013,0.0021567098999999423,long,False,True,4.227,0.01880766501064568,-0.0020581973030519007,-0.036527087769103295,-0.0258339247693401,
LAB,2026050814,0.3846153846,5,252720.39828249623,0.6923076923,9,471363.9784116616,100,13,0.7680735162,0.2319264838,2026-05-08 14:00:00+00:00,1.0,959.1499999999651,-959.1500000000233,-0.0015660929999999906,long,True,False,4.3065,0.00027864855451054105,-0.026959247648902673,-0.07068384999419464,-0.013073261349123233,
LAB,2026050815,0.3333333333,4,255972.41587169815,0.6666666667,8,467750.621155793,100,12,0.7736206049,0.2263793951,2026-05-08 15:00:00+00:00,-1.0,-3613.3572558685555,3252.017589201918,0.00554708869999998,long,False,True,4.3077,-0.020753534368688542,-0.033614225688882726,-0.03788564663277383,-0.00139285465561656,
LAB,2026050816,0.3076923076,4,205283.14387169812,0.6923076923,9,518439.893155793,100,13,0.6979816238,0.3020183762,2026-05-08 16:00:00+00:00,1.0,50689.272,-50689.272000000026,-0.0756389811,long,True,False,4.2183,-0.006614038830808577,-0.03453998056088936,-0.01839603631794806,0.012208709669772055,
LAB,2026050817,0.25,3,189900.8158716981,0.75,9,503845.121155793,100,12,0.6884515775,0.3115484225,2026-05-08 17:00:00+00:00,-1.0,-14594.771999999997,-15382.328000000009,-0.009530046299999984,long,False,True,4.1904,-0.006562619320351404,-0.04493604429171438,-0.04758495609011082,0.016513936617029268,
LAB,2026050818,0.2307692307,3,190300.30332521928,0.7692307692,10,503445.6337022719,100,13,0.6889978684,0.3110021316,2026-05-08 18:00:00+00:00,1.0,-399.4874535211129,399.4874535211711,0.0005462909000000238,long,True,True,4.1629,-0.0216916092147299,-0.004419995676091082,-0.008695861058396814,0.028345624444497952,
LAB,2026050819,0.3333333333,4,195204.6110609733,0.6666666667,8,504207.2694999978,100,12,0.6935757602,0.3064242398,2026-05-08 19:00:00+00:00,-1.0,761.635797725874,4904.307735754002,0.004577891800000011,long,True,True,4.0726,-0.017310808819918533,0.01672150468987854,0.011098561115749028,0.028041054854392566,
LAB,2026050820,0.3333333333,4,243178.27704218592,0.6666666667,8,453944.7874812104,100,12,0.7678500599,0.2321499401,2026-05-08 20:00:00+00:00,0.0,-50262.482018787356,47973.66598121263,0.07427429969999999,long,False,True,4.0021,0.03558131980710111,-0.002773543889458163,0.06199245396167008,0.04245271232602854,
LAB,2026050821,0.3333333333,4,190679.90919024436,0.6666666667,8,508969.903629269,100,12,0.6873194346,0.3126805654,2026-05-08 21:00:00+00:00,0.0,55025.11614805856,-52498.367851941555,-0.08053062529999999,long,True,False,4.1445,-0.0009168777898419522,-0.004294848594522893,0.03792978646398848,,
LAB,2026050822,0.3076923076,4,188641.45362078745,0.6923076923,9,508856.14005981205,100,13,0.6853583348,0.3146416652,2026-05-08 22:00:00+00:00,1.0,-113.7635694569326,-2038.4555694569135,-0.0019610998000000324,long,True,True,4.1407,-0.036153307411790236,-0.005530465863259781,0.031178303185451783,,
LAB,2026050823,0.3076923076,4,175516.67746839934,0.6923076923,9,520690.065907424,100,13,0.6685423719,0.3314576281,2026-05-08 23:00:00+00:00,0.0,11833.925847611972,-13124.776152388105,-0.01681596289999998,long,True,False,3.991,0.034001503382610654,0.06494612878977701,0.06730142821348029,,
LAB,2026050901,0.3076923076,4,160187.31248224675,0.6923076923,9,537962.3349212714,100,13,0.6488833902,0.3511166098,2026-05-09 01:00:00+00:00,0.0,17272.2690138474,-15329.364986152592,-0.019658981700000022,long,True,False,4.1178,0.03215309145660328,0.036912914663169705,0.016756520472096748,,
LAB,2026050902,0.25,3,154378.81895200085,0.75,9,532153.8413910256,100,12,0.6450509297,0.3549490703,2026-05-09 02:00:00+00:00,-1.0,-5808.493530245847,-5808.493530245905,-0.003832460499999968,long,False,True,4.2502,0.012117076843442653,0.0022116606277349238,-0.01839913415839267,,
LAB,2026050903,0.2727272727,3,223108.28285787476,0.7272727273,8,465775.86729689926,100,11,0.7395017631,0.2604982369,2026-05-09 03:00:00+00:00,-1.0,-66377.97409412632,68729.46390587391,0.09445083340000004,long,False,True,4.3017,-0.007415672873515189,-0.00483529767301305,,,
LAB,2026050904,0.2727272727,3,212135.08130103475,0.7272727273,8,476361.56174005935,100,11,0.7226618374,0.2773381626,2026-05-09 04:00:00+00:00,0.0,10585.694443160086,-10973.20155684001,-0.016839925700000036,long,True,False,4.2698,-0.0023888706730994524,-0.01943884959482889,,,
LAB,2026050905,0.3,3,240188.43303414216,0.7,7,448621.36547316675,100,10,0.7676961592,0.2323038408,2026-05-09 05:00:00+00:00,-1.0,-27740.1962668926,28053.35173310741,0.0450343218,long,False,True,4.2596,0.005000469527655094,-0.020565311296835365,,,
DOGE,2026050805,1.0,2,260283.57450000424,0.0,0,260283.57450000424,100,2,1.0,0.0,2026-05-08 05:00:00+00:00,,,,,long,False,False,0.10591,0.0031158530828061526,0.009914077990746728,0.013596449815881373,0.020016995562269768,0.040694929657256074
DOGE,2026050806,1.0,2,260283.57450000424,0.0,0,260283.57450000424,100,2,1.0,0.0,2026-05-08 06:00:00+00:00,0.0,0.0,0.0,0.0,long,False,False,0.10624,0.00018825301204805633,0.008094879518072196,0.003765060240963791,0.02324924698795172,0.03849774096385539
DOGE,2026050807,1.0,2,260283.57450000424,0.0,0,260283.57450000424,100,2,1.0,0.0,2026-05-08 07:00:00+00:00,0.0,0.0,0.0,0.0,long,False,False,0.10626,0.006587615283267567,0.010257858083945193,0.0043290043290042934,0.02503293807641649,0.03613777526821016
DOGE,2026050808,1.0,3,267717.63450000423,0.0,0,267717.63450000423,100,3,1.0,0.0,2026-05-08 08:00:00+00:00,1.0,7434.059999999998,7434.059999999998,0.0,long,True,False,0.10696,0.0013089005235602524,0.003646222887060624,0.007198952879581277,0.015519820493642422,0.03281600598354517
DOGE,2026050809,1.0,3,270942.63450000423,0.0,0,270942.63450000423,100,3,1.0,0.0,2026-05-08 09:00:00+00:00,0.0,3225.0,3225.0,0.0,long,True,False,0.1071,0.002334267040149385,-0.004295051353874868,0.001680672268907557,0.017180205415499472,
DOGE,2026050810,1.0,4,312000.1149000062,0.0,0,312000.1149000062,100,4,1.0,0.0,2026-05-08 10:00:00+00:00,1.0,41057.48040000198,41057.48040000198,0.0,long,True,False,0.10735,0.0,-0.005868653935724333,0.0016767582673498094,0.020214252445272418,
DOGE,2026050811,1.0,4,440675.34140001127,0.0,0,440675.34140001127,100,4,1.0,0.0,2026-05-08 11:00:00+00:00,0.0,128675.22650000505,128675.22650000505,0.0,long,True,False,0.10735,-0.006613879832324199,0.0035398230088496963,0.0063344201210993045,0.019748486259897557,
DOGE,2026050812,1.0,4,472514.3414000143,0.0,0,472514.3414000143,100,4,1.0,0.0,2026-05-08 12:00:00+00:00,0.0,31839.000000003027,31839.000000003027,0.0,long,True,False,0.10664,0.0007501875468867159,0.006001500375093727,0.019411102775694022,0.026256564141035277,
DOGE,2026050813,1.0,5,502513.82140001433,0.0,0,502513.82140001433,100,5,1.0,0.0,2026-05-08 13:00:00+00:00,1.0,29999.48000000004,29999.48000000004,0.0,long,True,False,0.10672,0.009464017991004603,0.007589955022488715,0.020614692653673217,0.025955772113943176,
DOGE,2026050814,1.0,5,502513.82140001433,0.0,0,502513.82140001433,100,5,1.0,0.0,2026-05-08 14:00:00+00:00,0.0,0.0,0.0,0.0,long,False,False,0.10773,-0.00417710944026739,0.002784739626844779,0.00826139422630634,0.026269377146570072,
DOGE,2026050815,1.0,5,551203.9856000156,0.0,0,551203.9856000156,100,5,1.0,0.0,2026-05-08 15:00:00+00:00,0.0,48690.16420000128,48690.16420000128,0.0,long,True,False,0.10728,0.002330350484712973,0.013329604772557735,0.015473527218493599,0.030387770320656315,
DOGE,2026050816,1.0,5,561829.9856000157,0.0,0,561829.9856000157,100,5,1.0,0.0,2026-05-08 16:00:00+00:00,0.0,10626.000000000116,10626.000000000116,0.0,long,True,False,0.10753,0.004649865153910637,0.012926625127871239,0.018506463312564003,0.02734120710499388,
DOGE,2026050817,1.0,6,571830.3419000157,0.0,0,571830.3419000157,100,6,1.0,0.0,2026-05-08 17:00:00+00:00,1.0,10000.356299999985,10000.356299999985,0.0,long,True,False,0.10803,0.006294547810793194,0.005461445894658912,0.013329630658150515,0.020272146625937237,
DOGE,2026050818,1.0,6,571830.3419000157,0.0,0,571830.3419000157,100,6,1.0,0.0,2026-05-08 18:00:00+00:00,0.0,0.0,0.0,0.0,long,False,False,0.10871,0.0019317450096587585,0.002115720724864323,0.006715113605004097,0.014902032931652931,
DOGE,2026050819,1.0,6,571830.3419000157,0.0,0,571830.3419000157,100,6,1.0,0.0,2026-05-08 19:00:00+00:00,0.0,0.0,0.0,0.0,long,False,False,0.10892,-0.002754315093646764,0.005508630187293528,0.005233198677928819,0.010833639368343695,
DOGE,2026050820,1.0,6,571830.3419000157,0.0,0,571830.3419000157,100,6,1.0,0.0,2026-05-08 20:00:00+00:00,0.0,0.0,0.0,0.0,long,False,False,0.10862,0.0029460504511140684,0.007825446510771439,0.01786043085987865,0.01703185417050279,
DOGE,2026050821,1.0,5,539903.2819000155,0.0,0,539903.2819000155,100,5,1.0,0.0,2026-05-08 21:00:00+00:00,-1.0,-31927.060000000172,-31927.060000000172,0.0,long,False,True,0.10894,0.005324031577014887,0.004589682393978389,0.014686983660730624,,
DOGE,2026050822,1.0,6,578040.5473000156,0.0,0,578040.5473000156,100,6,1.0,0.0,2026-05-08 22:00:00+00:00,1.0,38137.26540000003,38137.26540000003,0.0,long,True,False,0.10952,-0.0004565376186999037,-0.00027392257121994223,0.00867421475529584,,
DOGE,2026050823,1.0,6,578040.5473000156,0.0,0,578040.5473000156,100,6,1.0,0.0,2026-05-08 23:00:00+00:00,0.0,0.0,0.0,0.0,long,False,False,0.10947,-0.00027404768429706294,0.009957065862793435,0.006851192107426796,,
DOGE,2026050901,1.0,6,594382.3257000156,0.0,0,594382.3257000156,100,6,1.0,0.0,2026-05-09 01:00:00+00:00,0.0,16341.778400000068,16341.778400000068,0.0,long,True,False,0.10949,0.009772581970956207,0.008950589094894434,0.005571285048862951,,
DOGE,2026050902,1.0,6,594382.3257000156,0.0,0,594382.3257000156,100,6,1.0,0.0,2026-05-09 02:00:00+00:00,0.0,0.0,0.0,0.0,long,False,False,0.11056,-0.00018089725036185555,-0.0030752532561505452,-0.000814037626628128,,
DOGE,2026050903,1.0,6,594382.3257000156,0.0,0,594382.3257000156,100,6,1.0,0.0,2026-05-09 03:00:00+00:00,0.0,0.0,0.0,0.0,long,False,False,0.11054,-0.0006332549303419421,-0.0018997647910259374,,,
DOGE,2026050904,1.0,6,594382.3257000156,0.0,0,594382.3257000156,100,6,1.0,0.0,2026-05-09 04:00:00+00:00,0.0,0.0,0.0,0.0,long,False,False,0.11047,-0.0022630578437584647,-0.0033493256087625545,,,
DOGE,2026050905,1.0,6,594382.3257000156,0.0,0,594382.3257000156,100,6,1.0,0.0,2026-05-09 05:00:00+00:00,0.0,0.0,0.0,0.0,long,False,False,0.11022,0.0009980039920158834,0.002268190890945432,,,
ZEC,2026050805,0.6666666666,2,26740.1181015625,0.3333333333,1,32454.7258984375,100,3,0.9119603133,0.0880396867,2026-05-08 05:00:00+00:00,,,,,long,False,False,570.0,0.011561403508771884,-0.0027368421052630376,0.005017543859649143,0.008631578947368324,0.0938245614035087
ZEC,2026050806,0.5,1,-2841.2963984375,0.5,1,2873.3113984375,100,2,0.0055710982,0.9944289018,2026-05-08 06:00:00+00:00,-1.0,-29581.4145,-29581.4145,-0.9063892151,short,False,False,576.59,-0.012227059088780745,-0.030333512547911057,-0.002896338819611932,-0.0034860125912693496,0.08531192008186039
ZEC,2026050807,0.5,1,-2841.2963984375,0.5,1,2873.3113984375,100,2,0.0055710982,0.9944289018,2026-05-08 07:00:00+00:00,0.0,0.0,0.0,0.0,short,False,False,569.54,-0.0019313832215470672,0.0034764897987851207,3.5116058573647635e-05,0.00765530076904164,0.07005653685430357
ZEC,2026050808,0.5,1,-2841.2963984375,0.5,1,2873.3113984375,100,2,0.0055710982,0.9944289018,2026-05-08 08:00:00+00:00,0.0,0.0,0.0,0.0,short,False,False,568.44,-0.01643093378368876,0.007775666737034559,0.02160298360425017,0.020740975300823195,0.06987544859615769
ZEC,2026050809,0.5,1,-2841.2963984375,0.5,1,2873.3113984375,100,2,0.0055710982,0.9944289018,2026-05-08 09:00:00+00:00,0.0,0.0,0.0,0.0,short,False,False,559.1,0.022214272938651414,0.028295474870327242,0.031479162940440064,0.06710785190484714,
ZEC,2026050810,1.0,1,16.0075,0.0,0,16.0075,100,1,1.0,0.0,2026-05-08 10:00:00+00:00,-1.0,-2857.3038984375,2857.3038984375003,0.9944289018,long,False,True,571.52,0.002344624860022515,-0.0034294512877940386,0.01384028555431116,0.044547872340425565,
ZEC,2026050811,1.0,1,16.0075,0.0,0,16.0075,100,1,1.0,0.0,2026-05-08 11:00:00+00:00,0.0,0.0,0.0,0.0,long,False,False,572.86,0.003595992039939766,0.01372062982229516,0.003595992039939766,0.06963306916174972,
ZEC,2026050812,1.0,1,16.0075,0.0,0,16.0075,100,1,1.0,0.0,2026-05-08 12:00:00+00:00,0.0,0.0,0.0,0.0,long,False,False,574.92,-0.009323036248521599,0.0030960829332777884,-0.0005913866277045265,0.052198566757114095,
ZEC,2026050813,1.0,1,16.0075,0.0,0,16.0075,100,1,1.0,0.0,2026-05-08 13:00:00+00:00,0.0,0.0,0.0,0.0,long,False,False,569.56,0.01959407261745927,0.017329166374043137,0.007619917129011888,0.0627326357188005,
ZEC,2026050814,1.0,1,16.0075,0.0,0,16.0075,100,1,1.0,0.0,2026-05-08 14:00:00+00:00,0.0,0.0,0.0,0.0,long,False,False,580.72,-0.006922441107590549,-0.009987601598016371,-0.0008437801350048568,0.06254305000688798,
ZEC,2026050815,1.0,1,16.0075,0.0,0,16.0075,100,1,1.0,0.0,2026-05-08 15:00:00+00:00,0.0,0.0,0.0,0.0,long,False,False,576.7,0.004733830414426654,-0.003676088087393836,0.03454135599098307,0.06264955782902715,
ZEC,2026050816,1.0,1,16.0075,0.0,0,16.0075,100,1,1.0,0.0,2026-05-08 16:00:00+00:00,0.0,0.0,0.0,0.0,long,False,False,579.43,-0.007783511381875274,-0.009543862071345943,0.030288386862951544,0.0819425987608513,
ZEC,2026050817,1.0,1,16.0075,0.0,0,16.0075,100,1,1.0,0.0,2026-05-08 17:00:00+00:00,0.0,0.0,0.0,0.0,long,False,False,574.92,-0.0005913866277045265,0.009236067626800404,0.06580045919432287,0.08446392541571002,
ZEC,2026050818,1.0,1,16.0075,0.0,0,16.0075,100,1,1.0,0.0,2026-05-08 18:00:00+00:00,0.0,0.0,0.0,0.0,long,False,False,574.58,-0.0011834731456020764,0.03835845313098263,0.05282119113091288,0.08910856625709207,
ZEC,2026050819,1.0,1,16.0075,0.0,0,16.0075,100,1,1.0,0.0,2026-05-08 19:00:00+00:00,0.0,0.0,0.0,0.0,long,False,False,573.9,0.011029796131730274,0.04021606551664059,0.05469594005924372,0.061927165011326224,
ZEC,2026050820,1.0,1,16.0075,0.0,0,16.0075,100,1,1.0,0.0,2026-05-08 20:00:00+00:00,0.0,0.0,0.0,0.0,long,False,False,580.23,0.028247419126897988,0.056046740085827995,0.0634403598572979,0.04813608396670288,
ZEC,2026050821,1.0,1,16.0075,0.0,0,16.0075,100,1,1.0,0.0,2026-05-08 21:00:00+00:00,0.0,0.0,0.0,0.0,long,False,False,596.62,0.0006033991485367984,0.013928463678723357,0.027169722771613447,,
ZEC,2026050822,1.0,1,16.0075,0.0,0,16.0075,100,1,1.0,0.0,2026-05-08 22:00:00+00:00,0.0,0.0,0.0,0.0,long,False,False,596.98,0.026416295353278052,0.013920064323762915,0.05013568293745174,,
ZEC,2026050823,1.0,1,16.0075,0.0,0,16.0075,100,1,1.0,0.0,2026-05-08 23:00:00+00:00,0.0,0.0,0.0,0.0,long,False,False,612.75,-0.01276213790289682,0.007001223990207972,0.01751121991024074,,
ZEC,2026050901,0.6666666666,2,-50810.4891,0.3333333333,1,83452.5509,100,3,0.1955725825,0.8044274175,2026-05-09 01:00:00+00:00,2.0,83436.5434,-50826.4966,-0.8044274175,short,False,False,605.29,0.019412182590163418,0.03571841596590075,0.0068562176807813735,,
ZEC,2026050902,0.6666666666,2,-50810.4891,0.3333333333,1,83452.5509,100,3,0.1955725825,0.8044274175,2026-05-09 02:00:00+00:00,0.0,0.0,0.0,0.0,short,False,False,617.04,-0.006822896408660628,0.010436924672630798,-0.014391287436794964,,
ZEC,2026050903,0.6666666666,2,-50810.4891,0.3333333333,1,83452.5509,100,3,0.1955725825,0.8044274175,2026-05-09 03:00:00+00:00,0.0,0.0,0.0,0.0,short,False,False,612.83,0.022975376531827685,0.021131472023236286,,,
ZEC,2026050904,0.6666666666,2,-50810.4891,0.3333333333,1,83452.5509,100,3,0.1955725825,0.8044274175,2026-05-09 04:00:00+00:00,0.0,0.0,0.0,0.0,short,False,False,626.91,-0.0054712797690257275,-0.02786683894019859,,,
ZEC,2026050905,0.6666666666,2,-50810.4891,0.3333333333,1,83452.5509,100,3,0.1955725825,0.8044274175,2026-05-09 05:00:00+00:00,0.0,0.0,0.0,0.0,short,False,False,623.48,0.0036889715788797073,-0.024571758516712672,,,
RAVE,2026050805,0.8,4,178778.0744200005,0.2,1,220730.9295000008,100,5,0.9049683359,0.0950316641,2026-05-08 05:00:00+00:00,,,,,long,False,False,0.6941,0.04163665177928233,0.0033136435672092013,-0.01080535945829142,0.01411900302550051,0.10085002161071888
RAVE,2026050806,0.8,4,178778.0744200005,0.2,1,220730.9295000008,100,5,0.9049683359,0.0950316641,2026-05-08 06:00:00+00:00,0.0,0.0,0.0,0.0,long,False,False,0.723,-0.02766251728907332,-0.04896265560165969,-0.06473029045643153,-0.02448132780082979,0.03278008298755197
RAVE,2026050807,0.8,4,178778.0744200005,0.2,1,220730.9295000008,100,5,0.9049683359,0.0950316641,2026-05-08 07:00:00+00:00,0.0,0.0,0.0,0.0,long,False,False,0.703,-0.009388335704125117,-0.021906116642958717,-0.003271692745376864,0.010241820768136733,0.05106685633001429
RAVE,2026050808,0.8,4,178778.0744200005,0.2,1,220730.9295000008,100,5,0.9049683359,0.0950316641,2026-05-08 08:00:00+00:00,0.0,0.0,0.0,0.0,long,False,False,0.6964,-0.01263641585295816,-0.01407237219988522,-0.00014359563469268366,0.030729465824238966,0.08989086731763352
RAVE,2026050809,0.8,4,178778.0744200005,0.2,1,220730.9295000008,100,5,0.9049683359,0.0950316641,2026-05-08 09:00:00+00:00,0.0,0.0,0.0,0.0,long,False,False,0.6876,0.0,-0.016579406631762605,0.00523560209424101,0.024432809773123898,
RAVE,2026050810,0.8,4,178778.0744200005,0.2,1,220730.9295000008,100,5,0.9049683359,0.0950316641,2026-05-08 10:00:00+00:00,0.0,0.0,0.0,0.0,long,False,False,0.6876,-0.0014543339150668855,0.019051774287376366,0.019488074461896376,0.023851076207097144,
RAVE,2026050811,0.8,4,178778.0744200005,0.2,1,220730.9295000008,100,5,0.9049683359,0.0950316641,2026-05-08 11:00:00+00:00,0.0,0.0,0.0,0.0,long,False,False,0.6866,-0.015147101660355378,0.014127585202446946,0.025196621031168043,0.06306437518205654,
RAVE,2026050812,0.8,4,178778.0744200005,0.2,1,220730.9295000008,100,5,0.9049683359,0.0950316641,2026-05-08 12:00:00+00:00,0.0,0.0,0.0,0.0,long,False,False,0.6762,0.03623188405797095,0.02218278615794156,0.043034605146406335,0.08532978408754799,
RAVE,2026050813,0.8,4,178778.0744200005,0.2,1,220730.9295000008,100,5,0.9049683359,0.0950316641,2026-05-08 13:00:00+00:00,0.0,0.0,0.0,0.0,long,False,False,0.7007,-0.006279434850863352,0.0004281432852861755,0.013557870700728003,0.05994005994005991,
RAVE,2026050814,0.8,4,178778.0744200005,0.2,1,220730.9295000008,100,5,0.9049683359,0.0950316641,2026-05-08 14:00:00+00:00,0.0,0.0,0.0,0.0,long,False,False,0.6963,-0.007324429125377008,0.010914835559385327,0.030877495332471527,0.061898606922303534,
RAVE,2026050815,0.8,4,178778.0744200005,0.2,1,220730.9295000008,100,5,0.9049683359,0.0950316641,2026-05-08 15:00:00+00:00,0.0,0.0,0.0,0.0,long,False,False,0.6912,0.0141782407407407,0.02039930555555558,0.0190972222222221,0.07262731481481466,
RAVE,2026050816,0.8,4,178778.0744200005,0.2,1,220730.9295000008,100,5,0.9049683359,0.0950316641,2026-05-08 16:00:00+00:00,0.0,0.0,0.0,0.0,long,False,False,0.701,0.0041369472182597455,0.013124108416547875,0.004279600570613384,0.05848787446504988,
RAVE,2026050817,0.8,4,178778.0744200005,0.2,1,220730.9295000008,100,5,0.9049683359,0.0950316641,2026-05-08 17:00:00+00:00,0.0,0.0,0.0,0.0,long,False,False,0.7039,0.001988918880522883,0.01974712317090499,0.036937064923994845,0.08552351186248042,
RAVE,2026050818,0.8,4,178778.0744200005,0.2,1,220730.9295000008,100,5,0.9049683359,0.0950316641,2026-05-08 18:00:00+00:00,0.0,0.0,0.0,0.0,long,False,False,0.7053,0.006947398270239713,-0.0012760527435133895,0.0405501205160923,0.05869842620161636,
RAVE,2026050819,0.8,4,178778.0744200005,0.2,1,220730.9295000008,100,5,0.9049683359,0.0950316641,2026-05-08 19:00:00+00:00,0.0,0.0,0.0,0.0,long,False,False,0.7102,0.01070121092649945,-0.00872993522951293,0.04576175725147835,0.04041115178822863,
RAVE,2026050820,0.8,4,178778.0744200005,0.2,1,220730.9295000008,100,5,0.9049683359,0.0950316641,2026-05-08 20:00:00+00:00,0.0,0.0,0.0,0.0,long,False,False,0.7178,-0.0186681526887712,0.016857063248815862,0.030091947617720827,0.05739760378935643,
RAVE,2026050821,0.8,4,178778.0744200005,0.2,1,220730.9295000008,100,5,0.9049683359,0.0950316641,2026-05-08 21:00:00+00:00,0.0,0.0,0.0,0.0,long,False,False,0.7044,-0.0005678591709257219,0.041879613855763775,0.05252697331061884,,
RAVE,2026050822,0.8,4,178778.0744200005,0.2,1,220730.9295000008,100,5,0.9049683359,0.0950316641,2026-05-08 22:00:00+00:00,0.0,0.0,0.0,0.0,long,False,False,0.704,0.036789772727272796,0.054971590909091095,0.05397727272727271,,
RAVE,2026050823,0.8,4,178778.0744200005,0.2,1,220730.9295000008,100,5,0.9049683359,0.0950316641,2026-05-08 23:00:00+00:00,0.0,0.0,0.0,0.0,long,False,False,0.7299,0.005480202767502496,0.013015481572818066,0.04685573366214557,,
RAVE,2026050901,0.8,4,178778.0744200005,0.2,1,220730.9295000008,100,5,0.9049683359,0.0950316641,2026-05-09 01:00:00+00:00,0.0,0.0,0.0,0.0,long,False,False,0.7427,-0.004443247610071421,-0.0009425070688030557,-0.005116466944930731,,
RAVE,2026050902,0.8,4,178778.0744200005,0.2,1,220730.9295000008,100,5,0.9049683359,0.0950316641,2026-05-09 02:00:00+00:00,0.0,0.0,0.0,0.0,long,False,False,0.7394,0.0027048958615092378,0.033405463889640385,0.026507979442791596,,
RAVE,2026050903,0.8,4,178778.0744200005,0.2,1,220730.9295000008,100,5,0.9049683359,0.0950316641,2026-05-09 03:00:00+00:00,0.0,0.0,0.0,0.0,long,False,False,0.7414,0.0008092797410306218,0.007148637712436123,,,
RAVE,2026050904,0.8,4,178778.0744200005,0.2,1,220730.9295000008,100,5,0.9049683359,0.0950316641,2026-05-09 04:00:00+00:00,0.0,0.0,0.0,0.0,long,False,False,0.742,0.029784366576819377,-0.004177897574124012,,,
RAVE,2026050905,0.8,4,178778.0744200005,0.2,1,220730.9295000008,100,5,0.9049683359,0.0950316641,2026-05-09 05:00:00+00:00,0.0,0.0,0.0,0.0,long,False,False,0.7641,-0.0227718884962701,-0.0066745190420102185,,,
NOT,2026050805,0.6666666666,2,99569.32170462592,0.3333333333,1,99778.09189544048,100,3,0.9989538275,0.0010461725,2026-05-08 05:00:00+00:00,,,,,long,False,False,0.0007137,0.0477791789267199,-0.004203446826397617,-0.032506655457475,-0.024099761804679765,-0.07173882583718638
NOT,2026050806,0.6666666666,2,99647.59197872305,0.3333333333,1,99699.82162134333,100,3,0.9997380655,0.0002619345,2026-05-08 06:00:00+00:00,0.0,-78.27027409714356,78.270274097129,0.0007842380000000482,long,False,True,0.0007478,-0.005883926183471555,-0.08986359989301951,-0.09093340465365063,-0.052687884461085854,-0.1071142016581973
NOT,2026050807,0.6666666666,2,99647.59197872305,0.3333333333,1,99699.82162134333,100,3,0.9997380655,0.0002619345,2026-05-08 07:00:00+00:00,0.0,0.0,0.0,0.0,long,False,False,0.0007434,-0.04398708635996773,-0.0856873822975518,-0.07304277643260693,-0.0660478880817863,-0.11272531611514658
NOT,2026050808,0.6666666666,2,99660.64938937812,0.3333333333,1,99686.76421068827,100,3,0.9998690156,0.0001309844,2026-05-08 08:00:00+00:00,0.0,-13.057410655062995,13.057410655062995,0.00013095009999997131,long,False,True,0.0007107,-0.04235261010271563,-0.028422681862951937,0.018010412269593434,-0.04784015759110727,-0.07091599831152384
NOT,2026050809,0.75,3,101081.78192937872,0.25,1,101107.89675068886,100,4,0.9998708566,0.0001291434,2026-05-08 09:00:00+00:00,1.0,1421.132540000588,1421.1325400006026,1.841000000002424e-06,long,True,False,0.0006806,-0.001322362621216544,-0.0011754334410812861,0.043491037320011916,-0.0033793711431090445,
NOT,2026050810,0.75,3,101081.78192937872,0.25,1,101107.89675068886,100,4,0.9998708566,0.0001291434,2026-05-08 10:00:00+00:00,0.0,0.0,0.0,0.0,long,False,False,0.0006797,0.01588936295424448,0.013829630719434993,0.036339561571281376,-0.0026482271590406725,
NOT,2026050811,0.75,3,101081.78192937872,0.25,1,101107.89675068886,100,4,0.9998708566,0.0001291434,2026-05-08 11:00:00+00:00,0.0,0.0,0.0,0.0,long,False,False,0.0006905,-0.015496017378711091,0.04779145546705266,0.008689355539464039,-0.018537291817523505,
NOT,2026050812,0.75,3,101069.58313470626,0.25,1,101120.09554536131,100,4,0.9997502355,0.0002497645,2026-05-08 12:00:00+00:00,0.0,12.198794672454824,-12.198794672454824,-0.0001206210999999957,long,True,False,0.0006798,0.013680494263018428,0.04471903501029706,0.04207119741100307,-0.00044130626654903526,
NOT,2026050813,0.75,3,101082.21123737004,0.25,1,101107.46744269755,100,4,0.9998751021,0.0001248979,2026-05-08 13:00:00+00:00,0.0,-12.62810266375891,12.628102663773461,0.0001248665999999954,long,False,True,0.0006891,0.04992018574952839,0.02220287331301707,0.007546074590045082,-0.013786097808735964,
NOT,2026050814,0.6666666666,2,83248.50443733683,0.3333333333,1,83273.76064266436,100,3,0.9998483543,0.0001516457,2026-05-08 14:00:00+00:00,-1.0,-17833.706800033193,-17833.706800033207,-2.6747800000004318e-05,long,False,True,0.0007235,-0.018382861091914227,-0.037318590186593004,-0.06468555632342776,-0.107394609536973,
NOT,2026050815,0.6666666666,2,83248.50443733683,0.3333333333,1,83273.76064266436,100,3,0.9998483543,0.0001516457,2026-05-08 15:00:00+00:00,0.0,0.0,0.0,0.0,long,False,False,0.0007102,-0.008166713601802322,-0.002534497324697349,-0.04491692480991283,-0.0729372007885104,
NOT,2026050816,0.5,2,78687.75582733606,0.5,2,87834.50925266514,100,4,0.947931892,0.052068108,2026-05-08 16:00:00+00:00,1.0,4560.748610000781,-4560.748610000766,-0.05191646229999991,long,True,False,0.0007044,-0.011215218625780898,-0.014338444065871592,-0.03762067007382164,-0.04429301533219765,
NOT,2026050817,0.6,3,88284.80246734002,0.4,2,98726.16661267175,100,5,0.9471195707,0.0528804293,2026-05-08 17:00:00+00:00,1.0,10891.657360006604,9597.046640003959,-0.0008123213000000851,long,True,False,0.0006965,0.0170854271356784,-0.028427853553481652,-0.02699210337401281,-0.04881550610193819,
NOT,2026050818,0.6666666666,2,25006.55057002802,0.3333333333,1,35422.65851003222,100,3,0.8529739384,0.1470260616,2026-05-08 18:00:00+00:00,-2.0,-63303.50810263953,-63278.251897312,-0.09414563229999995,long,False,True,0.0007084,-0.01990400903444378,-0.04249011857707519,-0.04079616036137779,-0.05745341614906829,
NOT,2026050819,0.6666666666,2,25006.55057002802,0.3333333333,1,35422.65851003222,100,3,0.8529739384,0.1470260616,2026-05-08 19:00:00+00:00,0.0,0.0,0.0,0.0,long,False,False,0.0006943,-0.025349272648710897,-0.023620913149935086,-0.021172403860002853,-0.04997839550626537,
NOT,2026050820,0.6666666666,2,25006.55057002802,0.3333333333,1,35422.65851003222,100,3,0.8529739384,0.1470260616,2026-05-08 20:00:00+00:00,0.0,0.0,0.0,0.0,long,False,False,0.0006767,0.0023644155460320615,0.0014777597162700662,-0.0456627752327472,-0.02423525934683035,
NOT,2026050821,0.6666666666,2,25006.55057002802,0.3333333333,1,35422.65851003222,100,3,0.8529739384,0.1470260616,2026-05-08 21:00:00+00:00,0.0,0.0,0.0,0.0,long,False,False,0.0006783,-0.0005897095680376108,0.0017691287041132764,-0.02933805100987763,,
NOT,2026050822,0.6666666666,2,25006.55057002802,0.3333333333,1,35422.65851003222,100,3,0.8529739384,0.1470260616,2026-05-08 22:00:00+00:00,0.0,0.0,0.0,0.0,long,False,False,0.0006779,-0.00029502876530462796,0.002507744505089171,-0.0069331759846585905,,
NOT,2026050823,0.5,2,24968.26057002802,0.5,2,35460.94851003222,100,4,0.8520529148,0.1479470852,2026-05-08 23:00:00+00:00,1.0,38.29000000000087,-38.29000000000087,-0.0009210236000000149,long,True,False,0.0006777,0.0026560424966799445,-0.047070975357828004,-0.022428803305297396,,
NOT,2026050901,0.75,3,98625.95057002873,0.25,1,109042.05851003292,100,4,0.9522381176,0.0477618824,2026-05-09 01:00:00+00:00,0.0,73581.1100000007,73657.6900000007,0.10018520279999998,long,True,False,0.0006796,-0.04973513831665699,-0.009417304296645113,-0.029429075927015935,,
NOT,2026050902,0.75,3,99321.65057002901,0.25,1,109737.75851003322,100,4,0.9525409117,0.0474590883,2026-05-09 02:00:00+00:00,0.0,695.7000000003027,695.7000000002881,0.0003027941000000034,long,True,False,0.0006458,0.019510684422421765,0.025859399194797295,0.022452771755961498,,
NOT,2026050903,0.75,3,99321.65057002901,0.25,1,109737.75851003322,100,4,0.9525409117,0.0474590883,2026-05-09 03:00:00+00:00,0.0,0.0,0.0,0.0,long,False,False,0.0006584,0.022478736330498128,0.014125151883353615,,,
NOT,2026050904,0.75,3,99321.65057002901,0.25,1,109737.75851003322,100,4,0.9525409117,0.0474590883,2026-05-09 04:00:00+00:00,0.0,0.0,0.0,0.0,long,False,False,0.0006732,-0.01589423648247179,-0.02020202020202022,,,
NOT,2026050905,0.75,3,105876.5305700403,0.25,1,116292.6385100445,100,4,0.9552159617,0.0447840383,2026-05-09 05:00:00+00:00,0.0,6554.880000011282,6554.880000011282,0.002675050000000012,long,True,False,0.0006625,0.007849056603773663,-0.0033207547169812335,,,
XRP,2026050805,0.5,1,1941276.6993944568,0.5,1,1943036.9193944568,100,2,0.9995470441,0.0004529559,2026-05-08 05:00:00+00:00,,,,,long,False,False,1.382,-0.0007235890014470892,0.0028943560057888007,0.0065123010130245795,0.01808972503617956,0.0347322720694645
XRP,2026050806,0.5,1,1941276.6993944568,0.5,1,1943036.9193944568,100,2,0.9995470441,0.0004529559,2026-05-08 06:00:00+00:00,0.0,0.0,0.0,0.0,long,False,False,1.381,0.0014482259232440065,0.003620564808110016,0.003620564808110016,0.028240405503258348,0.029688631426502576
XRP,2026050807,0.5,1,1941276.6993944568,0.5,1,1943036.9193944568,100,2,0.9995470441,0.0004529559,2026-05-08 07:00:00+00:00,0.0,0.0,0.0,0.0,long,False,False,1.383,0.002169197396963085,0.003615328994938549,0.001446131597975464,0.025307302964569622,0.029645697758496015
XRP,2026050808,0.5,1,1941276.6993944568,0.5,1,1943036.9193944568,100,2,0.9995470441,0.0004529559,2026-05-08 08:00:00+00:00,0.0,0.0,0.0,0.0,long,False,False,1.386,0.0,0.003607503607503615,0.003607503607503615,0.018759018759018753,0.02741702741702734
XRP,2026050809,0.5,1,1941276.6993944568,0.5,1,1943036.9193944568,100,2,0.9995470441,0.0004529559,2026-05-08 09:00:00+00:00,0.0,0.0,0.0,0.0,long,False,False,1.386,0.0014430014430013571,0.0,0.0007215007215009006,0.024531024531024626,
XRP,2026050810,0.5,1,1941276.6993944568,0.5,1,1943036.9193944568,100,2,0.9995470441,0.0004529559,2026-05-08 10:00:00+00:00,0.0,0.0,0.0,0.0,long,False,False,1.388,0.002161383285302687,-0.002161383285302465,0.0036023054755043304,0.021613832853025983,
XRP,2026050811,0.5,1,1941276.6993944568,0.5,1,1943036.9193944568,100,2,0.9995470441,0.0004529559,2026-05-08 11:00:00+00:00,0.0,0.0,0.0,0.0,long,False,False,1.391,-0.0035945363048167644,0.0,0.011502516175413424,0.01869158878504673,
XRP,2026050812,0.3333333333,1,1803216.6993944568,0.6666666667,2,2081096.9193944568,100,3,0.9332370786,0.0667629214,2026-05-08 12:00:00+00:00,1.0,138060.0,-138060.0,-0.0663099654999999,long,True,False,1.386,-0.0007215007215006786,0.0007215007215009006,0.024531024531024626,0.02813852813852824,
XRP,2026050813,0.3333333333,1,1803216.6993944568,0.6666666667,2,2081096.9193944568,100,3,0.9332370786,0.0667629214,2026-05-08 13:00:00+00:00,0.0,0.0,0.0,0.0,long,False,False,1.385,0.0043321299638989785,0.005776173285198638,0.023826714801443938,0.029602888086642576,
XRP,2026050814,0.3333333333,1,1803216.6993944568,0.6666666667,2,2081096.9193944568,100,3,0.9332370786,0.0667629214,2026-05-08 14:00:00+00:00,0.0,0.0,0.0,0.0,long,False,False,1.391,-0.0028756290438533005,0.011502516175413424,0.015097052480230078,0.028037383177569986,
XRP,2026050815,0.3333333333,1,1761816.699394457,0.6666666667,2,2122496.919394457,100,3,0.9150339826,0.0849660174,2026-05-08 15:00:00+00:00,0.0,41400.0,-41399.99999999977,-0.01820309600000003,long,True,False,1.387,0.00432588320115368,0.023792357606344572,0.023792357606344572,0.03028118240807509,
XRP,2026050816,0.3333333333,1,1761816.699394457,0.6666666667,2,2122496.919394457,100,3,0.9150339826,0.0849660174,2026-05-08 16:00:00+00:00,0.0,0.0,0.0,0.0,long,False,False,1.393,0.01005025125628145,0.017946877243359527,0.017946877243359527,0.026561378320172135,
XRP,2026050817,0.3333333333,1,1692646.6993944568,0.6666666667,2,2191666.9193944572,100,3,0.886155096,0.113844904,2026-05-08 17:00:00+00:00,0.0,69170.00000000047,-69170.00000000023,-0.028878886600000042,long,True,False,1.407,0.009239516702203243,0.003553660270078085,0.007107320540156392,0.016346837242359635,
XRP,2026050818,0.3333333333,1,1692646.6993944568,0.6666666667,2,2191666.9193944572,100,3,0.886155096,0.113844904,2026-05-08 18:00:00+00:00,0.0,0.0,0.0,0.0,long,False,False,1.42,-0.0014084507042253502,0.0,0.0035211267605634866,0.0014084507042253502,
XRP,2026050819,0.3333333333,1,1692646.6993944568,0.6666666667,2,2191666.9193944572,100,3,0.886155096,0.113844904,2026-05-08 19:00:00+00:00,0.0,0.0,0.0,0.0,long,False,False,1.418,-0.004231311706629048,0.0,0.005641748942172065,0.004231311706629048,
XRP,2026050820,0.3333333333,1,1692646.6993944568,0.6666666667,2,2191666.9193944572,100,3,0.886155096,0.113844904,2026-05-08 20:00:00+00:00,0.0,0.0,0.0,0.0,long,False,False,1.412,0.0056657223796034994,0.003541076487252104,0.012747875354107707,0.008498583569405138,
XRP,2026050821,0.3333333333,1,1692646.6993944568,0.6666666667,2,2191666.9193944572,100,3,0.886155096,0.113844904,2026-05-08 21:00:00+00:00,0.0,0.0,0.0,0.0,long,False,False,1.42,-0.0014084507042253502,0.0035211267605634866,0.006338028169014187,,
XRP,2026050822,0.3333333333,1,1692646.6993944568,0.6666666667,2,2191666.9193944572,100,3,0.886155096,0.113844904,2026-05-08 22:00:00+00:00,0.0,0.0,0.0,0.0,long,False,False,1.418,-0.000705218617771397,0.005641748942172065,0.008462623413258097,,
XRP,2026050823,0.5,1,1665565.5050466307,0.5,1,2218748.113742283,100,2,0.8753390244,0.1246609756,2026-05-08 23:00:00+00:00,-1.0,27081.194347825833,-27081.194347826065,-0.010816071599999977,long,True,True,1.417,0.0056457304163726185,0.00917431192660545,0.00917431192660545,,
XRP,2026050901,0.5,1,1665565.5050466307,0.5,1,2218748.113742283,100,2,0.8753390244,0.1246609756,2026-05-09 01:00:00+00:00,0.0,0.0,0.0,0.0,long,False,False,1.426,0.0028050490883591017,0.0028050490883591017,-0.0014025245441795509,,
XRP,2026050902,0.5,1,1637619.082585392,0.5,1,2135483.430411479,100,2,0.8834305289,0.1165694711,2026-05-09 02:00:00+00:00,0.0,-83264.68333080411,-27946.42246123869,0.008091504499999957,long,False,True,1.43,-0.0006993006993005757,0.0,-0.004195804195804231,,
XRP,2026050903,0.75,3,1589622.92220317,0.25,1,2087487.2700292575,100,4,0.8807503272,0.1192496728,2026-05-09 03:00:00+00:00,2.0,-47996.16038222145,-47996.16038222215,-0.00268020169999994,long,True,True,1.429,0.0006997900629810427,-0.004898530440867854,,,
XRP,2026050904,0.75,3,1589622.92220317,0.25,1,2087487.2700292575,100,4,0.8807503272,0.1192496728,2026-05-09 04:00:00+00:00,0.0,0.0,0.0,0.0,long,False,False,1.43,0.0,-0.004195804195804231,,,
XRP,2026050905,0.75,3,1589622.92220317,0.25,1,2087487.2700292575,100,4,0.8807503272,0.1192496728,2026-05-09 05:00:00+00:00,0.0,0.0,0.0,0.0,long,False,False,1.43,-0.005594405594405605,-0.004195804195804231,,,
PEPE,2026050805,0.25,1,-639863.5584315103,0.75,3,1443301.4230026405,100,4,0.2783333584,0.7216666416,2026-05-08 05:00:00+00:00,,,,,short,False,False,4.124e-06,0.0029097963142579175,0.009941804073714922,0.016488845780795458,0.042919495635305616,0.0499515033947624
PEPE,2026050806,0.4,2,-440070.3442102543,0.6,3,1452234.7387813844,100,5,0.34848512,0.65151488,2026-05-08 06:00:00+00:00,1.0,8933.315778743941,199793.21422125603,0.07015176159999997,short,False,False,4.136e-06,0.0,0.010638297872340496,0.008704061895551396,0.04787234042553212,0.04666344294003877
PEPE,2026050807,0.4,2,-415799.6427050581,0.6,3,1511101.263301053,100,5,0.3624183392,0.6375816608,2026-05-08 07:00:00+00:00,0.0,58866.52451966866,24270.701505196223,0.013933219200000013,short,False,False,4.136e-06,0.0070116054158606556,0.013781431334622951,0.012330754352031015,0.04738878143133474,0.040860735009671245
PEPE,2026050808,0.4,2,-468829.9857535268,0.6,3,1564131.6063495218,100,5,0.350130902,0.649869098,2026-05-08 08:00:00+00:00,0.0,53030.3430484687,-53030.3430484687,-0.012287437199999973,short,False,False,4.165e-06,0.0036014405762303525,0.006482593037214768,0.01632653061224487,0.037935174069627875,0.03649459783913578
PEPE,2026050809,0.4,2,-517254.7001355123,0.6,3,1612556.3207315071,100,5,0.3396165475,0.6603834525,2026-05-08 09:00:00+00:00,0.0,48424.714381985366,-48424.71438198548,-0.010514354500000045,short,False,False,4.18e-06,0.0031100478468901738,-0.00191387559808609,0.008851674641148222,0.038277511961722466,
PEPE,2026050810,0.4,2,-495089.8523541108,0.6,3,1590391.4729501058,100,5,0.3443496897,0.6556503103,2026-05-08 10:00:00+00:00,0.0,-22164.84778140136,22164.847781401477,0.00473314220000004,short,False,False,4.193e-06,-0.0002384927259719838,-0.0014309563558312366,0.016694490818029983,0.02981159074648221,
PEPE,2026050811,0.4,2,-464169.4792045043,0.6,3,1559471.0998004992,100,5,0.3511772743,0.6488227257,2026-05-08 11:00:00+00:00,0.0,-30920.373149606632,30920.373149606516,0.006827584599999992,short,False,False,4.192e-06,-0.004770992366412208,0.00978053435114501,0.026001908396946494,0.029103053435114434,
PEPE,2026050812,0.4,2,-525644.1491038051,0.6,3,1620945.7696998,100,5,0.3378588109,0.6621411891,2026-05-08 12:00:00+00:00,0.0,61474.669899300905,-61474.66989930079,-0.013318463400000036,short,False,False,4.172e-06,0.0035953978906999584,0.010786193672099653,0.03883029721955911,0.037631831255992454,
PEPE,2026050813,0.4,2,-525644.1491038051,0.6,3,1620945.7696998,100,5,0.3378588109,0.6621411891,2026-05-08 13:00:00+00:00,0.0,0.0,0.0,0.0,short,False,False,4.187e-06,0.010986386434201023,0.018151421065201845,0.0346310007165036,0.0346310007165036,
PEPE,2026050814,0.4,2,-517064.3544888019,0.6,3,1612365.9750847968,100,5,0.3396566404,0.6603433596,2026-05-08 14:00:00+00:00,0.0,-8579.79461500328,8579.794615003164,0.0017978295000000144,short,False,False,4.233e-06,-0.0037798251830853946,0.016064257028112428,0.02126151665485465,0.02433262461611152,
PEPE,2026050815,0.4,2,-525728.1760158953,0.6,3,1621029.7966118904,100,5,0.3378412978,0.6621587022,2026-05-08 15:00:00+00:00,0.0,8663.821527093649,-8663.821527093416,-0.0018153425999999917,short,False,False,4.217e-06,0.010908228598529801,0.02774484230495622,0.029167654730851478,0.029641925539483083,
PEPE,2026050816,0.4,2,-525756.3040813023,0.6,3,1621057.9246772972,100,5,0.3378354357,0.6621645643,2026-05-08 16:00:00+00:00,0.0,28.128065406810492,-28.128065406926908,-5.862099999975889e-06,short,False,False,4.263e-06,0.008913910391743052,0.01618578465869125,0.01290171240910154,0.01876612714051129,
PEPE,2026050817,0.25,1,-730084.821096269,0.75,3,1533522.685667399,100,4,0.2619582586,0.7380417414,2026-05-08 17:00:00+00:00,-1.0,-87535.23900989816,-204328.5170149667,-0.07587717710000003,short,False,False,4.301e-06,0.007672634271099765,0.005115089514066584,0.0030225528946756786,0.006742617995814992,
PEPE,2026050818,0.25,1,-828987.8808210166,0.75,3,1632425.7453921465,100,4,0.2460871089,0.7539128911,2026-05-08 18:00:00+00:00,0.0,98903.05972474744,-98903.05972474767,-0.015871149700000003,short,False,False,4.334e-06,-0.00046146746654363024,0.0013844023996307797,-0.00115366866635902,-0.00115366866635902,
PEPE,2026050819,0.25,1,-755480.3952698275,0.75,3,1764871.6662218275,100,4,0.2859673284,0.7140326716,2026-05-08 19:00:00+00:00,0.0,132445.92082968098,73507.48555118917,0.03988021950000001,short,False,False,4.332e-06,-0.0020775623268698418,-0.003231763619575334,0.0,-0.006232686980609414,
PEPE,2026050820,0.25,1,-740908.468941717,0.75,3,1750299.739893717,100,4,0.2883481177,0.7116518823,2026-05-08 20:00:00+00:00,0.0,-14571.926328110509,14571.926328110509,0.002380789300000019,short,False,False,4.323e-06,0.003932454314133693,-0.002081887578070818,0.0030071709461021445,-0.001387925052047101,
PEPE,2026050821,0.25,1,-711857.4723616932,0.75,3,1721248.7433136932,100,4,0.2932148171,0.7067851829,2026-05-08 21:00:00+00:00,0.0,-29050.996580023784,29050.996580023784,0.0048666994000000074,short,False,False,4.34e-06,-0.005069124423963123,-0.0025345622119814504,0.00046082949308767773,,
PEPE,2026050822,0.25,1,-745791.9995300208,0.75,3,1755183.2704820207,100,4,0.2875458329,0.7124541671,2026-05-08 22:00:00+00:00,0.0,33934.52716832748,-33934.52716832759,-0.005668984200000005,short,False,False,4.318e-06,-0.0009263547938861416,0.003242241778601329,0.005789717461787802,,
PEPE,2026050823,0.25,1,-869910.9776278783,0.75,3,1879302.2485798784,100,4,0.2685547978,0.7314452022,2026-05-08 23:00:00+00:00,0.0,124118.97809785767,-124118.97809785756,-0.018991035099999998,short,False,False,4.314e-06,0.003477051460361702,0.005099675475197074,0.0037088548910524377,,
PEPE,2026050901,0.0,0,-1505642.774976108,1.0,3,1505642.774976108,100,3,0.0,1.0,2026-05-09 01:00:00+00:00,-1.0,-373659.47360377037,-635731.7973482297,-0.2685547978,short,False,False,4.332e-06,0.0009233610341641274,0.0025392428439519055,-0.006232686980609414,,
PEPE,2026050902,0.0,0,-2236482.439943854,1.0,4,2236482.439943854,100,4,0.0,1.0,2026-05-09 02:00:00+00:00,1.0,730839.6649677462,-730839.6649677462,0.0,short,False,False,4.336e-06,0.0013837638376383854,-0.0013837638376382744,-0.004381918819188035,,
PEPE,2026050903,0.0,0,-2336613.207756452,1.0,5,2336613.207756452,100,5,0.0,1.0,2026-05-09 03:00:00+00:00,1.0,100130.76781259757,-100130.76781259757,0.0,short,False,False,4.342e-06,0.00023030861354200738,-0.0029940119760478723,,,
PEPE,2026050904,0.0,0,-2316807.462150719,1.0,5,2316807.462150719,100,5,0.0,1.0,2026-05-09 04:00:00+00:00,0.0,-19805.74560573278,19805.74560573278,0.0,short,False,False,4.343e-06,-0.002993322588072722,-0.00874971218052023,,,
PEPE,2026050905,0.0,0,-2317195.5081074014,1.0,5,2317195.5081074014,100,5,0.0,1.0,2026-05-09 05:00:00+00:00,0.0,388.0459566824138,-388.0459566824138,0.0,short,False,False,4.33e-06,-0.0002309468822170313,-0.003002309468822073,,,
BSB,2026050805,1.0,2,131129.71000000014,0.0,0,131129.71000000014,100,2,1.0,0.0,2026-05-08 05:00:00+00:00,,,,,long,False,False,,,,,,
BSB,2026050806,1.0,2,131129.71000000014,0.0,0,131129.71000000014,100,2,1.0,0.0,2026-05-08 06:00:00+00:00,0.0,0.0,0.0,0.0,long,False,False,,,,,,
BSB,2026050807,1.0,2,131129.71000000014,0.0,0,131129.71000000014,100,2,1.0,0.0,2026-05-08 07:00:00+00:00,0.0,0.0,0.0,0.0,long,False,False,,,,,,
BSB,2026050808,1.0,2,131129.71000000014,0.0,0,131129.71000000014,100,2,1.0,0.0,2026-05-08 08:00:00+00:00,0.0,0.0,0.0,0.0,long,False,False,,,,,,
BSB,2026050809,1.0,2,131129.71000000014,0.0,0,131129.71000000014,100,2,1.0,0.0,2026-05-08 09:00:00+00:00,0.0,0.0,0.0,0.0,long,False,False,,,,,,
BSB,2026050810,1.0,2,131129.71000000014,0.0,0,131129.71000000014,100,2,1.0,0.0,2026-05-08 10:00:00+00:00,0.0,0.0,0.0,0.0,long,False,False,,,,,,
BSB,2026050811,1.0,3,140770.9280000002,0.0,0,140770.9280000002,100,3,1.0,0.0,2026-05-08 11:00:00+00:00,1.0,9641.218000000052,9641.218000000052,0.0,long,True,False,,,,,,
BSB,2026050812,1.0,3,140770.9280000002,0.0,0,140770.9280000002,100,3,1.0,0.0,2026-05-08 12:00:00+00:00,0.0,0.0,0.0,0.0,long,False,False,,,,,,
BSB,2026050813,1.0,3,144763.4100000002,0.0,0,144763.4100000002,100,3,1.0,0.0,2026-05-08 13:00:00+00:00,0.0,3992.482000000018,3992.482000000018,0.0,long,True,False,,,,,,
BSB,2026050814,0.75,3,144734.9827500002,0.25,1,144791.8372500002,100,4,0.9998036681,0.0001963319,2026-05-08 14:00:00+00:00,1.0,28.427249999978812,-28.427250000007916,-0.000196331900000013,long,True,False,,,,,,
BSB,2026050815,1.0,2,131129.71000000014,0.0,0,131129.71000000014,100,2,1.0,0.0,2026-05-08 15:00:00+00:00,-2.0,-13662.127250000049,-13605.272750000062,0.000196331900000013,long,False,True,,,,,,
BSB,2026050816,0.75,3,143238.3710000002,0.25,1,143360.1310000002,100,4,0.9995753352,0.0004246648,2026-05-08 16:00:00+00:00,2.0,12230.42100000006,12108.661000000051,-0.0004246648000000297,long,True,False,,,,,,
BSB,2026050817,1.0,2,131129.71000000014,0.0,0,131129.71000000014,100,2,1.0,0.0,2026-05-08 17:00:00+00:00,-2.0,-12230.42100000006,-12108.661000000051,0.0004246648000000297,long,False,True,,,,,,
BSB,2026050818,1.0,2,131129.71000000014,0.0,0,131129.71000000014,100,2,1.0,0.0,2026-05-08 18:00:00+00:00,0.0,0.0,0.0,0.0,long,False,False,,,,,,
BSB,2026050819,1.0,2,131129.71000000014,0.0,0,131129.71000000014,100,2,1.0,0.0,2026-05-08 19:00:00+00:00,0.0,0.0,0.0,0.0,long,False,False,,,,,,
BSB,2026050820,1.0,2,131129.71000000014,0.0,0,131129.71000000014,100,2,1.0,0.0,2026-05-08 20:00:00+00:00,0.0,0.0,0.0,0.0,long,False,False,,,,,,
BSB,2026050821,1.0,2,131129.71000000014,0.0,0,131129.71000000014,100,2,1.0,0.0,2026-05-08 21:00:00+00:00,0.0,0.0,0.0,0.0,long,False,False,,,,,,
BSB,2026050822,1.0,2,131129.71000000014,0.0,0,131129.71000000014,100,2,1.0,0.0,2026-05-08 22:00:00+00:00,0.0,0.0,0.0,0.0,long,False,False,,,,,,
BSB,2026050823,1.0,2,131129.71000000014,0.0,0,131129.71000000014,100,2,1.0,0.0,2026-05-08 23:00:00+00:00,0.0,0.0,0.0,0.0,long,False,False,,,,,,
BSB,2026050901,1.0,3,134282.78854663068,0.0,0,134282.78854663068,100,3,1.0,0.0,2026-05-09 01:00:00+00:00,1.0,3153.0785466305388,3153.0785466305388,0.0,long,True,False,,,,,,
BSB,2026050902,1.0,4,167082.897568024,0.0,0,167082.897568024,100,4,1.0,0.0,2026-05-09 02:00:00+00:00,1.0,32800.10902139332,32800.10902139332,0.0,long,True,False,,,,,,
BSB,2026050903,1.0,5,189954.562841635,0.0,0,189954.562841635,100,5,1.0,0.0,2026-05-09 03:00:00+00:00,1.0,22871.665273610997,22871.665273610997,0.0,long,True,False,,,,,,
BSB,2026050904,0.8,4,168721.96955798968,0.2,1,182088.0132632352,100,5,0.9632978484,0.0367021516,2026-05-09 04:00:00+00:00,0.0,-7866.549578399805,-21232.593283645314,-0.03670215160000001,long,False,True,,,,,,
BSB,2026050905,0.8,4,189522.6087409898,0.2,1,202128.64808023552,100,5,0.968816792,0.031183208,2026-05-09 05:00:00+00:00,0.0,20040.634817000333,20800.63918300011,0.005518943600000048,long,True,False,,,,,,
MEGA,2026050805,1.0,1,12555.00000000013,0.0,0,12555.00000000013,100,1,1.0,0.0,2026-05-08 05:00:00+00:00,,,,,long,False,False,,,,,,
MEGA,2026050806,1.0,1,12555.00000000013,0.0,0,12555.00000000013,100,1,1.0,0.0,2026-05-08 06:00:00+00:00,0.0,0.0,0.0,0.0,long,False,False,,,,,,
MEGA,2026050807,1.0,1,12555.00000000013,0.0,0,12555.00000000013,100,1,1.0,0.0,2026-05-08 07:00:00+00:00,0.0,0.0,0.0,0.0,long,False,False,,,,,,
MEGA,2026050808,1.0,1,12555.00000000013,0.0,0,12555.00000000013,100,1,1.0,0.0,2026-05-08 08:00:00+00:00,0.0,0.0,0.0,0.0,long,False,False,,,,,,
MEGA,2026050809,1.0,1,12555.00000000013,0.0,0,12555.00000000013,100,1,1.0,0.0,2026-05-08 09:00:00+00:00,0.0,0.0,0.0,0.0,long,False,False,,,,,,
MEGA,2026050810,1.0,1,12555.00000000013,0.0,0,12555.00000000013,100,1,1.0,0.0,2026-05-08 10:00:00+00:00,0.0,0.0,0.0,0.0,long,False,False,,,,,,
MEGA,2026050811,1.0,1,12555.00000000013,0.0,0,12555.00000000013,100,1,1.0,0.0,2026-05-08 11:00:00+00:00,0.0,0.0,0.0,0.0,long,False,False,,,,,,
MEGA,2026050812,1.0,1,12555.00000000013,0.0,0,12555.00000000013,100,1,1.0,0.0,2026-05-08 12:00:00+00:00,0.0,0.0,0.0,0.0,long,False,False,,,,,,
MEGA,2026050813,1.0,1,12555.00000000013,0.0,0,12555.00000000013,100,1,1.0,0.0,2026-05-08 13:00:00+00:00,0.0,0.0,0.0,0.0,long,False,False,,,,,,
MEGA,2026050814,1.0,1,12555.00000000013,0.0,0,12555.00000000013,100,1,1.0,0.0,2026-05-08 14:00:00+00:00,0.0,0.0,0.0,0.0,long,False,False,,,,,,
MEGA,2026050815,1.0,1,12555.00000000013,0.0,0,12555.00000000013,100,1,1.0,0.0,2026-05-08 15:00:00+00:00,0.0,0.0,0.0,0.0,long,False,False,,,,,,
MEGA,2026050816,1.0,1,12555.00000000013,0.0,0,12555.00000000013,100,1,1.0,0.0,2026-05-08 16:00:00+00:00,0.0,0.0,0.0,0.0,long,False,False,,,,,,
MEGA,2026050817,1.0,1,12555.00000000013,0.0,0,12555.00000000013,100,1,1.0,0.0,2026-05-08 17:00:00+00:00,0.0,0.0,0.0,0.0,long,False,False,,,,,,
MEGA,2026050818,1.0,1,12555.00000000013,0.0,0,12555.00000000013,100,1,1.0,0.0,2026-05-08 18:00:00+00:00,0.0,0.0,0.0,0.0,long,False,False,,,,,,
MEGA,2026050819,1.0,1,12555.00000000013,0.0,0,12555.00000000013,100,1,1.0,0.0,2026-05-08 19:00:00+00:00,0.0,0.0,0.0,0.0,long,False,False,,,,,,
MEGA,2026050820,1.0,1,12555.00000000013,0.0,0,12555.00000000013,100,1,1.0,0.0,2026-05-08 20:00:00+00:00,0.0,0.0,0.0,0.0,long,False,False,,,,,,
MEGA,2026050821,1.0,1,12555.00000000013,0.0,0,12555.00000000013,100,1,1.0,0.0,2026-05-08 21:00:00+00:00,0.0,0.0,0.0,0.0,long,False,False,,,,,,
MEGA,2026050822,1.0,1,12555.00000000013,0.0,0,12555.00000000013,100,1,1.0,0.0,2026-05-08 22:00:00+00:00,0.0,0.0,0.0,0.0,long,False,False,,,,,,
MEGA,2026050823,1.0,1,12555.00000000013,0.0,0,12555.00000000013,100,1,1.0,0.0,2026-05-08 23:00:00+00:00,0.0,0.0,0.0,0.0,long,False,False,,,,,,
MEGA,2026050901,1.0,2,13554.63500000013,0.0,0,13554.63500000013,100,2,1.0,0.0,2026-05-09 01:00:00+00:00,1.0,999.6350000000002,999.6350000000002,0.0,long,True,False,,,,,,
MEGA,2026050902,1.0,2,13554.63500000013,0.0,0,13554.63500000013,100,2,1.0,0.0,2026-05-09 02:00:00+00:00,0.0,0.0,0.0,0.0,long,False,False,,,,,,
MEGA,2026050903,1.0,2,13554.63500000013,0.0,0,13554.63500000013,100,2,1.0,0.0,2026-05-09 03:00:00+00:00,0.0,0.0,0.0,0.0,long,False,False,,,,,,
MEGA,2026050904,1.0,2,13554.63500000013,0.0,0,13554.63500000013,100,2,1.0,0.0,2026-05-09 04:00:00+00:00,0.0,0.0,0.0,0.0,long,False,False,,,,,,
MEGA,2026050905,1.0,2,13554.63500000013,0.0,0,13554.63500000013,100,2,1.0,0.0,2026-05-09 05:00:00+00:00,0.0,0.0,0.0,0.0,long,False,False,,,,,,
TRUMP,2026050805,0.0,0,-62.7188905360218,1.0,1,62.7188905360218,100,1,0.0,1.0,2026-05-08 05:00:00+00:00,,,,,short,False,False,2.372,0.005059021922428242,0.012225969645868418,0.010539629005059004,0.03246205733558183,0.051011804384485604
TRUMP,2026050806,0.0,0,-62.71443187529354,1.0,1,62.71443187529354,100,1,0.0,1.0,2026-05-08 06:00:00+00:00,0.0,-0.004458660728261066,0.004458660728261066,0.0,short,False,False,2.384,0.003355704697986628,0.009228187919463116,0.002936241610738355,0.0343959731543626,0.044463087248322264
TRUMP,2026050807,0.0,0,-59.84845080087456,1.0,1,59.84845080087456,100,1,0.0,1.0,2026-05-08 07:00:00+00:00,0.0,-2.8659810744189826,2.8659810744189826,0.0,short,False,False,2.392,0.003762541806020092,-0.0012541806020067714,-0.002090301003344397,0.02926421404682289,0.03428093645484953
TRUMP,2026050808,0.0,0,-65.54845080087456,1.0,1,65.54845080087456,100,1,0.0,1.0,2026-05-08 08:00:00+00:00,0.0,5.700000000000003,-5.700000000000003,0.0,short,False,False,2.401,0.0020824656393170216,-0.0016659725114536172,0.001249479383590213,0.0279050395668472,0.03498542274052485
TRUMP,2026050809,0.0,0,-65.5750707368046,1.0,1,65.5750707368046,100,1,0.0,1.0,2026-05-08 09:00:00+00:00,0.0,0.02661993593004297,-0.02661993593004297,0.0,short,False,False,2.406,-0.007065669160432386,-0.006234413965087282,-0.0024937655860349794,0.027015793848711445,
TRUMP,2026050810,0.5,1,286257.38682387833,0.5,1,286405.76357612386,100,2,0.9997409675,0.0002590325,2026-05-08 10:00:00+00:00,1.0,286340.18850538705,286322.96189461515,0.9997409675,long,True,False,2.389,0.003348681456676328,-0.000837170364168971,0.009627459187944831,0.03432398493093358,
TRUMP,2026050811,0.5,1,310044.094317738,0.5,1,310175.39148226444,100,2,0.9997883501,0.0002116499,2026-05-08 11:00:00+00:00,0.0,23769.62790614058,23786.707493859692,4.738260000003436e-05,long,True,False,2.397,-0.0025031289111387967,0.002920317062995448,0.021693783896537422,0.03337505214851899,
TRUMP,2026050812,0.5,1,333526.6362845704,0.5,1,333646.2707154328,100,2,0.9998207166,0.0001792834,2026-05-08 12:00:00+00:00,0.0,23470.87923316838,23482.54196683236,3.236650000004726e-05,long,True,False,2.391,-0.0016729401923881726,0.0037641154328731385,0.031367628607277265,0.03847762442492675,
TRUMP,2026050813,0.5,1,333526.6508420875,0.5,1,333646.25615791563,100,2,0.9998207602,0.0001792398,2026-05-08 13:00:00+00:00,0.0,-0.014557517191860825,0.014557517133653164,4.3599999943744194e-08,long,False,True,2.387,0.007121910347716698,0.010473397570171628,0.03142019271051533,0.04315039798910769,
TRUMP,2026050814,0.5,1,333523.7933713997,0.5,1,333649.11362860346,100,2,0.9998121975,0.0001878025,2026-05-08 14:00:00+00:00,0.0,2.8574706878280267,-2.8574706878280267,-8.56269999993664e-06,long,True,False,2.404,-0.0016638935108153063,0.018718801996672196,0.0266222961730449,0.04242928452579031,
TRUMP,2026050815,0.5,1,333518.0640874749,0.5,1,333654.84291252826,100,2,0.9997950294,0.0002049706,2026-05-08 15:00:00+00:00,0.0,5.7292839247966185,-5.7292839247966185,-1.7168100000075626e-05,long,True,False,2.4,0.0050000000000001155,0.02750000000000008,0.029583333333333517,0.03833333333333333,
TRUMP,2026050816,0.5,1,333512.24771996913,0.5,1,333660.659280034,100,2,0.999777601,0.000222399,2026-05-08 16:00:00+00:00,0.0,5.816367505758535,-5.816367505758535,-1.7428399999963595e-05,long,True,False,2.412,0.015339966832504048,0.02072968490878946,0.024461028192371614,0.03814262023217241,
TRUMP,2026050817,0.5,1,333509.29209930165,0.5,1,333663.6149007015,100,2,0.9997687449,0.0002312551,2026-05-08 17:00:00+00:00,0.0,2.955620667489711,-2.955620667489711,-8.856100000009803e-06,long,True,False,2.449,0.006941608819926559,0.007758268681094416,0.011433238056349548,0.01796651694569218,
TRUMP,2026050818,0.5,1,333509.203361443,0.5,1,333663.70363856014,100,2,0.999768479,0.000231521,2026-05-08 18:00:00+00:00,0.0,0.08873785863397643,-0.08873785863397643,-2.6590000001824876e-07,long,True,False,2.466,-0.0016220600162205612,0.002027575020275618,0.006893755068937413,0.009732360097323589,
TRUMP,2026050819,0.5,1,333514.89284623053,0.5,1,333658.0141537726,100,2,0.9997855269,0.0002144731,2026-05-08 19:00:00+00:00,0.0,-5.689484787522815,5.689484787522815,1.7047900000011218e-05,long,False,True,2.462,0.002437043054427157,0.0036555645816409577,0.011372867587327473,0.004874086108854536,
TRUMP,2026050820,0.5,1,333511.9988852591,0.5,1,333660.90811474406,100,2,0.9997768554,0.0002231446,2026-05-08 20:00:00+00:00,0.0,2.893960971443448,-2.893960971443448,-8.671499999945986e-06,long,True,False,2.468,0.001215559157212276,0.0036466774716368278,0.015397082658022532,0.006888168557536378,
TRUMP,2026050821,0.5,1,333514.78279670357,0.5,1,333658.1242032996,100,2,0.9997851971,0.0002148029,2026-05-08 21:00:00+00:00,0.0,-2.7839114444795996,2.7839114444795996,8.341699999969698e-06,long,False,True,2.471,0.0,0.004856333468231444,0.008498583569405138,,
TRUMP,2026050822,0.5,1,333514.79342992714,0.5,1,333658.113570076,100,2,0.999785229,0.000214771,2026-05-08 22:00:00+00:00,0.0,-0.010633223573677242,0.010633223573677242,3.1899999974882576e-08,long,False,True,2.471,0.002428166734115722,0.007689194658033305,0.013354917037636582,,
TRUMP,2026050823,0.5,1,333508.9798576645,0.5,1,333663.92714233865,100,2,0.9997678093,0.0002321907,2026-05-08 23:00:00+00:00,0.0,5.81357226264663,-5.81357226264663,-1.741970000002091e-05,long,True,False,2.477,0.002422285022204429,0.011707710940654037,0.006459426725878181,,
TRUMP,2026050901,0.6666666666,2,345504.7739503342,0.3333333333,1,345671.500649669,100,3,0.9997588364,0.0002411636,2026-05-09 01:00:00+00:00,1.0,12007.573507330322,11995.794092669676,-8.972900000014938e-06,long,True,False,2.49,0.006425702811244882,0.005622489959839383,-0.006425702811244993,,
TRUMP,2026050902,0.6666666666,2,345486.27858140966,0.3333333333,1,345689.99601859343,100,3,0.9997053466,0.0002946534,2026-05-09 02:00:00+00:00,0.0,18.49536892445758,-18.495368924515788,-5.348979999997283e-05,long,True,False,2.506,-0.005586592178770888,-0.0051875498802872455,-0.008379888268156388,,
TRUMP,2026050903,0.6666666666,2,345476.8033845896,0.3333333333,1,345699.47121541353,100,3,0.9996779459,0.0003220541,2026-05-09 03:00:00+00:00,0.0,9.4751968201017,-9.475196820043493,-2.7400699999957645e-05,long,True,False,2.492,0.0048154093097914075,-0.0008025682182984939,,,
TRUMP,2026050904,0.6666666666,2,345479.6661309065,0.3333333333,1,345696.60846909665,100,3,0.9996862243,0.0003137757,2026-05-09 04:00:00+00:00,0.0,-2.8627463168813847,2.8627463168813847,8.278399999950281e-06,long,False,True,2.504,-0.004392971246006461,-0.011980830670926479,,,
TRUMP,2026050905,0.6666666666,2,345476.61299117486,0.3333333333,1,345699.66160882823,100,3,0.9996773953,0.0003226047,2026-05-09 05:00:00+00:00,0.0,3.0531397315789945,-3.053139731637202,-8.828999999987985e-06,long,True,False,2.493,-0.001203369434416235,-0.0032089851584437,,,
LTC,2026050805,1.0,2,82835.37,0.0,0,82835.37,100,2,1.0,0.0,2026-05-08 05:00:00+00:00,,,,,long,False,False,56.44,-0.0019489723600283337,0.0012402551381998084,0.0019489723600283337,0.031360737065910804,0.03809355067328157
LTC,2026050806,1.0,2,82835.37,0.0,0,82835.37,100,2,1.0,0.0,2026-05-08 06:00:00+00:00,0.0,0.0,0.0,0.0,long,False,False,56.33,0.0030179300550328136,0.002485354162968134,0.006035860110065849,0.04349369785194401,0.04047576779691098
LTC,2026050807,1.0,2,82835.37,0.0,0,82835.37,100,2,1.0,0.0,2026-05-08 07:00:00+00:00,0.0,0.0,0.0,0.0,long,False,False,56.5,0.00017699115044234048,-0.0012389380530973826,0.000353982300884903,0.03415929203539814,0.03522123893805307
LTC,2026050808,1.0,2,82835.37,0.0,0,82835.37,100,2,1.0,0.0,2026-05-08 08:00:00+00:00,0.0,0.0,0.0,0.0,long,False,False,56.51,-0.0007078393204742461,0.0007078393204742461,0.011856308617943734,0.026897894178021575,0.03751548398513549
LTC,2026050809,1.0,2,82835.37,0.0,0,82835.37,100,2,1.0,0.0,2026-05-08 09:00:00+00:00,0.0,0.0,0.0,0.0,long,False,False,56.47,-0.0007083407118824159,0.0035417035594120794,0.010802195856206787,0.03134407650079685,
LTC,2026050810,1.0,2,82835.37,0.0,0,82835.37,100,2,1.0,0.0,2026-05-08 10:00:00+00:00,0.0,0.0,0.0,0.0,long,False,False,56.43,0.0021265284423179764,0.0015948963317384823,0.020556441609073328,0.03367003367003374,
LTC,2026050811,1.0,2,82835.37,0.0,0,82835.37,100,2,1.0,0.0,2026-05-08 11:00:00+00:00,0.0,0.0,0.0,0.0,long,False,False,56.55,0.002122015915119402,0.011140583554376748,0.029354553492484614,0.030769230769230882,
LTC,2026050812,1.0,2,82835.37,0.0,0,82835.37,100,2,1.0,0.0,2026-05-08 12:00:00+00:00,0.0,0.0,0.0,0.0,long,False,False,56.67,-0.0026469031233457008,0.007234868537144834,0.03723310393506263,0.03335097935415554,
LTC,2026050813,1.0,3,352584.134,0.0,0,352584.134,100,3,1.0,0.0,2026-05-08 13:00:00+00:00,1.0,269748.764,269748.764,0.0,long,True,False,56.52,0.011677282377919207,0.018931351733899593,0.033793347487614867,0.03662420382165599,
LTC,2026050814,1.0,3,352584.134,0.0,0,352584.134,100,3,1.0,0.0,2026-05-08 14:00:00+00:00,0.0,0.0,0.0,0.0,long,False,False,57.18,-0.0017488632388947822,0.01801329136061569,0.01486533753060515,0.02728226652675758,
LTC,2026050815,1.0,3,365382.206,0.0,0,365382.206,100,3,1.0,0.0,2026-05-08 15:00:00+00:00,0.0,12798.071999999986,12798.071999999986,0.0,long,True,False,57.08,0.00893482831114234,0.029782761037140837,0.020322354590049052,0.028731604765241725,
LTC,2026050816,1.0,3,365382.206,0.0,0,365382.206,100,3,1.0,0.0,2026-05-08 16:00:00+00:00,0.0,0.0,0.0,0.0,long,False,False,57.59,0.010765757944087406,0.014585865601666859,0.012849453030039815,0.01823233200208363,
LTC,2026050817,1.0,3,365382.206,0.0,0,365382.206,100,3,1.0,0.0,2026-05-08 17:00:00+00:00,0.0,0.0,0.0,0.0,long,False,False,58.21,0.009792131936093407,-0.003092252190345257,0.001374334306820213,0.0065280879573956785,
LTC,2026050818,1.0,3,365382.206,0.0,0,365382.206,100,3,1.0,0.0,2026-05-08 18:00:00+00:00,0.0,0.0,0.0,0.0,long,False,False,58.78,-0.005954406260632927,-0.009186798230690685,-0.003742769649540678,-0.0028921401837359584,
LTC,2026050819,1.0,3,365382.206,0.0,0,365382.206,100,3,1.0,0.0,2026-05-08 19:00:00+00:00,0.0,0.0,0.0,0.0,long,False,False,58.43,-0.006845798391237334,-0.0017114495978093336,0.0027383193564949337,0.0010268697586857112,
LTC,2026050820,1.0,3,365382.206,0.0,0,365382.206,100,3,1.0,0.0,2026-05-08 20:00:00+00:00,0.0,0.0,0.0,0.0,long,False,False,58.03,0.003618817852834688,0.004480441151128778,0.012235050835774697,0.010339479579527744,
LTC,2026050821,1.0,3,365382.206,0.0,0,365382.206,100,3,1.0,0.0,2026-05-08 21:00:00+00:00,0.0,0.0,0.0,0.0,long,False,False,58.24,0.0015453296703296093,0.005494505494505475,0.008241758241758212,,
LTC,2026050822,1.0,3,365382.206,0.0,0,365382.206,100,3,1.0,0.0,2026-05-08 22:00:00+00:00,0.0,0.0,0.0,0.0,long,False,False,58.33,-0.0006857534716269154,0.004457397565575283,0.005314589405108983,,
LTC,2026050823,1.0,3,365382.206,0.0,0,365382.206,100,3,1.0,0.0,2026-05-08 23:00:00+00:00,0.0,0.0,0.0,0.0,long,False,False,58.29,0.0046320123520329215,0.00772002058672161,0.00514668039114774,,
LTC,2026050901,1.0,3,365382.206,0.0,0,365382.206,100,3,1.0,0.0,2026-05-09 01:00:00+00:00,0.0,0.0,0.0,0.0,long,False,False,58.59,0.0025601638504864077,0.0008533879501619879,-0.0017067759003243088,,
LTC,2026050902,1.0,3,365382.206,0.0,0,365382.206,100,3,1.0,0.0,2026-05-09 02:00:00+00:00,0.0,0.0,0.0,0.0,long,False,False,58.74,-0.0003404834865509132,-0.0025536261491317935,-0.0018726591760299671,,
LTC,2026050903,1.0,3,365382.206,0.0,0,365382.206,100,3,1.0,0.0,2026-05-09 03:00:00+00:00,0.0,0.0,0.0,0.0,long,False,False,58.72,-0.0013623978201634523,-0.0018732970027247609,,,
LTC,2026050904,1.0,3,365382.206,0.0,0,365382.206,100,3,1.0,0.0,2026-05-09 04:00:00+00:00,0.0,0.0,0.0,0.0,long,False,False,58.64,-0.0008526603001364208,-0.0025579809004092624,,,
LTC,2026050905,1.0,3,365382.206,0.0,0,365382.206,100,3,1.0,0.0,2026-05-09 05:00:00+00:00,0.0,0.0,0.0,0.0,long,False,False,58.59,0.00034135518006483956,0.0006827103601296791,,,
CHIP,2026050805,1.0,1,6868.506000000066,0.0,0,6868.506000000066,100,1,1.0,0.0,2026-05-08 05:00:00+00:00,,,,,long,False,False,,,,,,
CHIP,2026050806,1.0,1,6868.506000000066,0.0,0,6868.506000000066,100,1,1.0,0.0,2026-05-08 06:00:00+00:00,0.0,0.0,0.0,0.0,long,False,False,,,,,,
CHIP,2026050807,1.0,1,6868.506000000066,0.0,0,6868.506000000066,100,1,1.0,0.0,2026-05-08 07:00:00+00:00,0.0,0.0,0.0,0.0,long,False,False,,,,,,
CHIP,2026050808,1.0,1,6868.506000000066,0.0,0,6868.506000000066,100,1,1.0,0.0,2026-05-08 08:00:00+00:00,0.0,0.0,0.0,0.0,long,False,False,,,,,,
CHIP,2026050809,1.0,1,6868.506000000066,0.0,0,6868.506000000066,100,1,1.0,0.0,2026-05-08 09:00:00+00:00,0.0,0.0,0.0,0.0,long,False,False,,,,,,
CHIP,2026050810,1.0,1,6868.506000000066,0.0,0,6868.506000000066,100,1,1.0,0.0,2026-05-08 10:00:00+00:00,0.0,0.0,0.0,0.0,long,False,False,,,,,,
CHIP,2026050811,1.0,1,6868.506000000066,0.0,0,6868.506000000066,100,1,1.0,0.0,2026-05-08 11:00:00+00:00,0.0,0.0,0.0,0.0,long,False,False,,,,,,
CHIP,2026050812,1.0,1,3437.6166170421484,0.0,0,3437.6166170421484,100,1,1.0,0.0,2026-05-08 12:00:00+00:00,0.0,-3430.8893829579174,-3430.8893829579174,0.0,long,False,True,,,,,,
CHIP,2026050813,1.0,1,4263.832617042154,0.0,0,4263.832617042154,100,1,1.0,0.0,2026-05-08 13:00:00+00:00,0.0,826.2160000000058,826.2160000000058,0.0,long,True,False,,,,,,
CHIP,2026050814,1.0,1,4263.832617042154,0.0,0,4263.832617042154,100,1,1.0,0.0,2026-05-08 14:00:00+00:00,0.0,0.0,0.0,0.0,long,False,False,,,,,,
CHIP,2026050815,1.0,1,4263.832617042154,0.0,0,4263.832617042154,100,1,1.0,0.0,2026-05-08 15:00:00+00:00,0.0,0.0,0.0,0.0,long,False,False,,,,,,
CHIP,2026050816,0.6666666666,2,15470.978175188184,0.3333333333,1,15578.30444185485,100,3,0.9965552648,0.0034447352,2026-05-08 16:00:00+00:00,2.0,11314.471824812696,11207.145558146029,-0.003444735199999993,long,True,False,,,,,,
CHIP,2026050817,1.0,1,2131.916308521077,0.0,0,2131.916308521077,100,1,1.0,0.0,2026-05-08 17:00:00+00:00,-2.0,-13446.388133333774,-13339.061866667107,0.003444735199999993,long,False,True,,,,,,
CHIP,2026050818,1.0,1,2131.916308521077,0.0,0,2131.916308521077,100,1,1.0,0.0,2026-05-08 18:00:00+00:00,0.0,0.0,0.0,0.0,long,False,False,,,,,,
CHIP,2026050819,1.0,1,2131.916308521077,0.0,0,2131.916308521077,100,1,1.0,0.0,2026-05-08 19:00:00+00:00,0.0,0.0,0.0,0.0,long,False,False,,,,,,
CHIP,2026050820,1.0,2,113555.76930852284,0.0,0,113555.76930852284,100,2,1.0,0.0,2026-05-08 20:00:00+00:00,1.0,111423.85300000176,111423.85300000176,0.0,long,True,False,,,,,,
CHIP,2026050821,1.0,2,113555.76930852284,0.0,0,113555.76930852284,100,2,1.0,0.0,2026-05-08 21:00:00+00:00,0.0,0.0,0.0,0.0,long,False,False,,,,,,
CHIP,2026050822,1.0,2,113555.76930852284,0.0,0,113555.76930852284,100,2,1.0,0.0,2026-05-08 22:00:00+00:00,0.0,0.0,0.0,0.0,long,False,False,,,,,,
CHIP,2026050823,1.0,1,111423.85300000176,0.0,0,111423.85300000176,100,1,1.0,0.0,2026-05-08 23:00:00+00:00,-1.0,-2131.916308521075,-2131.916308521075,0.0,long,False,True,,,,,,
CHIP,2026050901,0.0,0,-11693.748375710033,1.0,2,11693.748375710033,100,2,0.0,1.0,2026-05-09 01:00:00+00:00,1.0,-99730.10462429174,-123117.60137571179,-1.0,short,False,False,,,,,,
CHIP,2026050902,0.5,1,-225.1362356687967,0.5,1,4312.5762356687965,100,2,0.4738977094,0.5261022906,2026-05-09 02:00:00+00:00,0.0,-7381.172140041236,11468.612140041236,0.4738977094,short,False,False,,,,,,
CHIP,2026050903,0.3333333333,1,-2282.216235668797,0.6666666667,2,10395.496235668796,100,3,0.3902305294,0.6097694706,2026-05-09 03:00:00+00:00,1.0,6082.919999999999,-2057.08,-0.08366717999999995,short,False,False,,,,,,
CHIP,2026050904,0.3333333333,1,-5269.51223566881,0.6666666667,2,13382.792235668809,100,3,0.303123588,0.696876412,2026-05-09 04:00:00+00:00,0.0,2987.296000000013,-2987.296000000013,-0.08710694140000003,short,False,False,,,,,,
CHIP,2026050905,0.25,1,-2582.0974777070146,0.75,3,10695.377477707014,100,4,0.3792890908,0.6207109092,2026-05-09 05:00:00+00:00,1.0,-2687.4147579617947,2687.414757961795,0.0761655028,short,False,False,,,,,,
TON,2026050805,0.75,3,157765.1731789263,0.25,1,160065.83082107373,100,4,0.9928134017,0.0071865983,2026-05-08 05:00:00+00:00,,,,,long,False,False,2.692,0.019687964338781505,0.008543833580980653,-0.0442050520059436,-0.03491827637444289,-0.02563150074294207
TON,2026050806,0.75,3,157700.3439348022,0.25,1,160130.66006519785,100,4,0.992411459,0.007588541,2026-05-08 06:00:00+00:00,0.0,64.82924412412103,-64.82924412412103,-0.00040194269999993537,long,True,False,2.745,-0.00837887067395271,-0.03606557377049191,-0.06120218579234982,-0.05573770491803276,-0.051730418943533696
TON,2026050807,0.75,3,157485.0434632958,0.25,1,160345.96053670425,100,4,0.9910789237,0.0089210763,2026-05-08 07:00:00+00:00,0.0,215.30047150640166,-215.30047150640166,-0.001332535300000104,long,True,False,2.722,-0.0025716385011022025,-0.06502571638501109,-0.03490080822924324,-0.06722997795738417,-0.06722997795738417
TON,2026050808,0.75,3,157259.98259529847,0.25,1,160571.02140470155,100,4,0.9896897996,0.0103102004,2026-05-08 08:00:00+00:00,0.0,225.06086799729383,-225.06086799732293,-0.0013891240999999166,long,True,False,2.715,-0.02541436464088398,-0.05230202578268872,-0.03867403314917128,-0.0847145488029466,-0.06482504604051553
TON,2026050809,0.6666666666,2,78324.27925731835,0.3333333333,1,81373.72074268165,100,3,0.9812627377,0.0187372623,2026-05-08 09:00:00+00:00,-1.0,-79197.3006620199,-78935.70333798011,-0.008427061899999977,long,False,True,2.646,-0.03817082388510962,-0.02607709750566889,-0.01436130007558567,-0.042705971277399835,
TON,2026050810,0.75,3,141850.0974246089,0.25,1,145047.9025753911,100,4,0.9889767273,0.0110232727,2026-05-08 10:00:00+00:00,1.0,63674.181832709466,63525.818167290534,0.007713989599999915,long,True,False,2.545,0.011001964636542239,0.03222003929273076,0.0216110019646365,-0.0007858546168958425,
TON,2026050811,0.75,3,141920.40264007144,0.25,1,144977.59735992856,100,4,0.9894563202,0.0105436798,2026-05-08 11:00:00+00:00,0.0,-70.3052154625475,70.3052154625475,0.0004795928999999921,long,False,True,2.573,0.001554605518849561,0.014380101049358718,0.009716284492809812,-0.021375825884181965,
TON,2026050812,0.6666666666,2,78395.34606988617,0.3333333333,1,81302.65393011383,100,3,0.9821204615,0.0178795385,2026-05-08 12:00:00+00:00,-1.0,-63674.94342981474,-63525.05657018526,-0.007335858699999975,long,False,True,2.577,0.01940240589833131,0.01202949165696543,0.005820721769499437,-0.004268529297632995,
TON,2026050813,0.6666666666,2,78248.87592729728,0.3333333333,1,81449.12407270272,100,3,0.980354312,0.019645688,2026-05-08 13:00:00+00:00,0.0,146.4701425888925,-146.4701425888925,-0.0017661494999999805,long,True,False,2.627,-0.006471259992386735,-0.010277883517320063,-0.0334982870194136,-0.02169775409212027,
TON,2026050814,0.6666666666,2,78244.7401187697,0.3333333333,1,81453.2598812303,100,3,0.9803045343,0.0196954657,2026-05-08 14:00:00+00:00,0.0,4.13580852758605,-4.13580852758605,-4.977770000003101e-05,long,True,False,2.61,-0.0007662835249041544,-0.0045977011494252595,-0.04789272030651337,-0.003831417624520994,
TON,2026050815,0.6666666666,2,78014.88384407891,0.3333333333,1,81683.11615592109,100,3,0.9775459575,0.0224540425,2026-05-08 15:00:00+00:00,0.0,229.85627469078463,-229.85627469078463,-0.0027585768000000233,long,True,False,2.608,-0.0030674846625766694,-0.006134969325153339,-0.028757668711656525,0.0007668711656441118,
TON,2026050816,0.6666666666,2,78159.41110586103,0.3333333333,1,81538.58889413897,100,3,0.9792786591,0.0207213409,2026-05-08 16:00:00+00:00,0.0,-144.52726178211742,144.52726178211742,0.0017327016000000528,long,False,True,2.6,-0.0007692307692308553,-0.023461538461538423,-0.021923076923076934,0.007307692307692459,
TON,2026050817,0.6666666666,2,78155.2240015392,0.3333333333,1,81542.7759984608,100,3,0.9792283745,0.0207716255,2026-05-08 17:00:00+00:00,0.0,4.187104321827064,-4.187104321827064,-5.0284600000005675e-05,long,True,False,2.598,-0.002309468822170868,-0.04349499615088526,-0.030792917628945427,0.009622786759045487,
TON,2026050818,0.6,3,85652.11632542664,0.4,2,199076.28367457335,100,5,0.7151238579,0.2848761421,2026-05-08 18:00:00+00:00,2.0,117533.50767611255,7496.892323887441,-0.2641045166,long,True,False,2.592,-0.020447530864197483,-0.022762345679012363,-0.010030864197530964,0.004243827160493874,
TON,2026050819,0.75,3,99197.74815392047,0.25,1,101044.25184607953,100,4,0.9908628959,0.0091371041,2026-05-08 19:00:00+00:00,-1.0,-98032.03182849383,13545.631828493832,0.275739038,long,False,True,2.539,-0.0212682158330052,0.0015754233950373564,0.01220953131153979,0.0,
TON,2026050820,0.8,4,149716.58950159396,0.2,1,151691.49049840603,100,5,0.9934904028,0.0065095972,2026-05-08 20:00:00+00:00,1.0,50647.2386523265,50518.841347673486,0.0026275069000000206,long,True,False,2.485,0.019315895372233438,0.01327967806841035,0.04627766599597605,0.021730382293762673,
TON,2026050821,0.75,3,99065.78144804378,0.25,1,101176.2185519562,100,4,0.9895704883,0.0104295117,2026-05-08 21:00:00+00:00,-1.0,-50515.27194644982,-50650.80805355018,-0.003919914499999955,long,False,True,2.533,0.003947887879984346,0.01302803000394781,0.030398736675878446,,
TON,2026050822,0.75,3,98855.51341059987,0.25,1,101386.48658940013,100,4,0.9875181926,0.0124818074,2026-05-08 22:00:00+00:00,0.0,210.26803744392237,-210.26803744390782,-0.002052295700000095,long,True,False,2.543,-0.009830908375934033,0.010617381046008623,0.029885961462839283,,
TON,2026050823,0.75,3,98992.8513768977,0.25,1,101249.14862310232,100,4,0.9888576976,0.0111423024,2026-05-08 23:00:00+00:00,0.0,-137.33796629781136,137.33796629782591,0.0013395050000000186,long,False,True,2.518,0.019062748212867353,0.032565528196981886,0.0416997617156476,,
TON,2026050901,0.75,3,75727.48914541274,0.25,1,77557.71085458726,100,4,0.9882009042,0.0117990958,2026-05-09 01:00:00+00:00,0.0,-23691.437768515054,-23265.362231484964,-0.000656793400000022,long,False,True,2.57,0.011673151750972943,0.019066147859922333,-0.012062256809338368,,
TON,2026050902,0.75,3,75518.07870798696,0.25,1,77767.12129201303,100,4,0.9855398878,0.0144601122,2026-05-09 02:00:00+00:00,0.0,209.41043742577313,-209.41043742577313,-0.002661016399999938,long,True,False,2.6,0.0038461538461538325,0.008846153846153948,-0.023461538461538423,,
TON,2026050903,0.75,3,75588.36277069166,0.25,1,77696.83722930834,100,4,0.9864314009,0.0135685991,2026-05-09 03:00:00+00:00,0.0,-70.28406270469713,70.28406270469713,0.0008915131000000187,long,False,True,2.61,0.0034482758620690834,-0.002681992337164596,,,
TON,2026050904,0.75,3,75728.92893868698,0.25,1,77556.27106131302,100,4,0.9882192497,0.0117807503,2026-05-09 04:00:00+00:00,0.0,-140.56616799531912,140.56616799531912,0.001787848799999936,long,False,True,2.619,0.00152730049637273,-0.030546009927453266,,,
TON,2026050905,0.6666666666,2,71542.4651792092,0.3333333333,1,72789.8668207908,100,3,0.9914314883,0.0085685117,2026-05-09 05:00:00+00:00,-1.0,-4766.4042405222135,-4186.463759477774,0.0032122386000000835,long,False,True,2.623,-0.0076248570339305655,-0.032024399542508575,,,
CL,2026050805,0.0,0,-17478.4,1.0,1,17478.4,100,1,0.0,1.0,2026-05-08 05:00:00+00:00,,,,,short,False,False,,,,,,
CL,2026050806,0.0,0,-117767.6,1.0,2,117767.6,100,2,0.0,1.0,2026-05-08 06:00:00+00:00,1.0,100289.20000000001,-100289.20000000001,0.0,short,False,False,,,,,,
CL,2026050807,0.0,0,-117767.6,1.0,2,117767.6,100,2,0.0,1.0,2026-05-08 07:00:00+00:00,0.0,0.0,0.0,0.0,short,False,False,,,,,,
CL,2026050808,0.0,0,-117767.6,1.0,2,117767.6,100,2,0.0,1.0,2026-05-08 08:00:00+00:00,0.0,0.0,0.0,0.0,short,False,False,,,,,,
CL,2026050809,0.0,0,-117767.6,1.0,2,117767.6,100,2,0.0,1.0,2026-05-08 09:00:00+00:00,0.0,0.0,0.0,0.0,short,False,False,,,,,,
CL,2026050810,0.0,0,-247795.5,1.0,2,247795.5,100,2,0.0,1.0,2026-05-08 10:00:00+00:00,0.0,130027.9,-130027.9,0.0,short,False,False,,,,,,
CL,2026050811,0.0,0,-247795.5,1.0,2,247795.5,100,2,0.0,1.0,2026-05-08 11:00:00+00:00,0.0,0.0,0.0,0.0,short,False,False,,,,,,
CL,2026050812,0.0,0,-247795.5,1.0,2,247795.5,100,2,0.0,1.0,2026-05-08 12:00:00+00:00,0.0,0.0,0.0,0.0,short,False,False,,,,,,
CL,2026050813,0.0,0,-247795.5,1.0,2,247795.5,100,2,0.0,1.0,2026-05-08 13:00:00+00:00,0.0,0.0,0.0,0.0,short,False,False,,,,,,
CL,2026050814,0.0,0,-149995.5,1.0,1,149995.5,100,1,0.0,1.0,2026-05-08 14:00:00+00:00,-1.0,-97800.0,97800.0,0.0,short,False,False,,,,,,
CL,2026050815,0.3333333333,1,-421766.656,0.6666666667,2,431758.68,100,3,0.0115713064,0.9884286936,2026-05-08 15:00:00+00:00,2.0,281763.18,-271771.156,0.0115713064,short,False,False,,,,,,
CL,2026050816,0.3333333333,1,-421766.656,0.6666666667,2,431758.68,100,3,0.0115713064,0.9884286936,2026-05-08 16:00:00+00:00,0.0,0.0,0.0,0.0,short,False,False,,,,,,
CL,2026050817,0.5,1,-269277.376,0.5,1,284256.96,100,2,0.026348667,0.973651333,2026-05-08 17:00:00+00:00,-1.0,-147501.71999999997,152489.28000000003,0.0147773606,short,False,False,,,,,,
CL,2026050818,0.5,1,-269277.376,0.5,1,284256.96,100,2,0.026348667,0.973651333,2026-05-08 18:00:00+00:00,0.0,0.0,0.0,0.0,short,False,False,,,,,,
CL,2026050819,0.5,1,-269277.376,0.5,1,284256.96,100,2,0.026348667,0.973651333,2026-05-08 19:00:00+00:00,0.0,0.0,0.0,0.0,short,False,False,,,,,,
CL,2026050820,0.5,1,-269277.376,0.5,1,284256.96,100,2,0.026348667,0.973651333,2026-05-08 20:00:00+00:00,0.0,0.0,0.0,0.0,short,False,False,,,,,,
CL,2026050821,0.5,1,-547911.697,0.5,1,562891.281,100,2,0.01330593,0.98669407,2026-05-08 21:00:00+00:00,0.0,278634.32099999994,-278634.32100000005,-0.013042736999999999,short,False,False,,,,,,
CL,2026050822,1.0,1,12485.087,0.0,0,12485.087,100,1,1.0,0.0,2026-05-08 22:00:00+00:00,-1.0,-550406.1939999999,560396.784,0.98669407,long,False,True,,,,,,
CL,2026050823,0.5,1,-352408.573,0.5,1,377378.747,100,2,0.0330837046,0.9669162954,2026-05-08 23:00:00+00:00,1.0,364893.66,-364893.66,-0.9669162954,short,False,False,,,,,,
CL,2026050901,0.6666666666,2,-52262.36599999999,0.3333333333,1,677524.954,100,3,0.4614314087,0.5385685913,2026-05-09 01:00:00+00:00,1.0,300146.20700000005,300146.207,0.4283477041,short,False,False,,,,,,
CL,2026050902,0.6666666666,2,-52262.36599999999,0.3333333333,1,677524.954,100,3,0.4614314087,0.5385685913,2026-05-09 02:00:00+00:00,0.0,0.0,0.0,0.0,short,False,False,,,,,,
CL,2026050903,0.6666666666,2,-52262.36599999999,0.3333333333,1,677524.954,100,3,0.4614314087,0.5385685913,2026-05-09 03:00:00+00:00,0.0,0.0,0.0,0.0,short,False,False,,,,,,
CL,2026050904,0.6666666666,2,-52262.36599999999,0.3333333333,1,677524.954,100,3,0.4614314087,0.5385685913,2026-05-09 04:00:00+00:00,0.0,0.0,0.0,0.0,short,False,False,,,,,,
CL,2026050905,0.6666666666,2,-52262.36599999999,0.3333333333,1,677524.954,100,3,0.4614314087,0.5385685913,2026-05-09 05:00:00+00:00,0.0,0.0,0.0,0.0,short,False,False,,,,,,
HYPE,2026050805,1.0,1,322730.00292668864,0.0,0,322730.00292668864,100,1,1.0,0.0,2026-05-08 05:00:00+00:00,,,,,long,False,False,42.3,-0.00023640661938528762,0.007092198581560405,0.004728132387706863,0.013711583924350013,0.0375886524822695
HYPE,2026050806,1.0,1,322730.00292668864,0.0,0,322730.00292668864,100,1,1.0,0.0,2026-05-08 06:00:00+00:00,0.0,0.0,0.0,0.0,long,False,False,42.29,0.01064081343107115,0.008276188224166425,0.003546937810356976,0.02270040198628509,0.04256325372428482
HYPE,2026050807,1.0,1,322730.00292668864,0.0,0,322730.00292668864,100,1,1.0,0.0,2026-05-08 07:00:00+00:00,0.0,0.0,0.0,0.0,long,False,False,42.74,-0.0032756200280767978,-0.005849321478708425,-0.008656995788488664,0.007955077211043493,0.02503509592887232
HYPE,2026050808,1.0,1,322730.00292668864,0.0,0,322730.00292668864,100,1,1.0,0.0,2026-05-08 08:00:00+00:00,0.0,0.0,0.0,0.0,long,False,False,42.6,0.0009389671361501595,-0.0023474178403756207,0.0035211267605632646,0.011032863849765207,0.0284037558685446
HYPE,2026050809,1.0,1,322730.00292668864,0.0,0,322730.00292668864,100,1,1.0,0.0,2026-05-08 09:00:00+00:00,0.0,0.0,0.0,0.0,long,False,False,42.64,-0.0035178236397748197,-0.004690431519699834,0.0011726078799247919,0.012664165103189573,
HYPE,2026050810,1.0,1,322730.00292668864,0.0,0,322730.00292668864,100,1,1.0,0.0,2026-05-08 10:00:00+00:00,0.0,0.0,0.0,0.0,long,False,False,42.49,0.0002353494939986156,-0.002824193927983165,0.01059072722993637,0.017415862555895334,
HYPE,2026050811,1.0,1,322730.00292668864,0.0,0,322730.00292668864,100,1,1.0,0.0,2026-05-08 11:00:00+00:00,0.0,0.0,0.0,0.0,long,False,False,42.5,-0.0014117647058824456,0.00588235294117645,0.00894117647058823,0.01741176470588246,
HYPE,2026050812,1.0,1,322730.00292668864,0.0,0,322730.00292668864,100,1,1.0,0.0,2026-05-08 12:00:00+00:00,0.0,0.0,0.0,0.0,long,False,False,42.44,-0.0016493873704053197,0.005890669180018904,0.01908576814326124,0.01932139491046181,
HYPE,2026050813,1.0,1,322730.00292668864,0.0,0,322730.00292668864,100,1,1.0,0.0,2026-05-08 13:00:00+00:00,0.0,0.0,0.0,0.0,long,False,False,42.37,0.008968609865470878,0.013452914798206317,0.016757139485485073,0.021713476516403096,
HYPE,2026050814,1.0,1,322730.00292668864,0.0,0,322730.00292668864,100,1,1.0,0.0,2026-05-08 14:00:00+00:00,0.0,0.0,0.0,0.0,long,False,False,42.75,-0.0014035087719298511,0.003040935672514733,0.007485380116958984,0.025497076023391907,
HYPE,2026050815,1.0,1,322730.00292668864,0.0,0,322730.00292668864,100,1,1.0,0.0,2026-05-08 15:00:00+00:00,0.0,0.0,0.0,0.0,long,False,False,42.69,0.005856172405715565,0.013117826188802972,0.011478097915202712,0.02998360271726397,
HYPE,2026050816,1.0,2,357094.38092668867,0.0,0,357094.38092668867,100,2,1.0,0.0,2026-05-08 16:00:00+00:00,1.0,34364.378000000026,34364.378000000026,0.0,long,True,False,42.94,-0.0013972985561246931,0.003260363297624691,0.00675360968793659,0.026315789473684292,
HYPE,2026050817,1.0,2,363328.9289266886,0.0,0,363328.9289266886,100,2,1.0,0.0,2026-05-08 17:00:00+00:00,0.0,6234.547999999952,6234.547999999952,0.0,long,True,False,42.88,0.008628731343283569,0.0044309701492537545,0.008395522388059629,0.02355410447761197,
HYPE,2026050818,1.0,2,363328.9289266886,0.0,0,363328.9289266886,100,2,1.0,0.0,2026-05-08 18:00:00+00:00,0.0,0.0,0.0,0.0,long,False,False,43.25,-0.0039306358381503426,-0.0016184971098266443,0.00023121387283242534,0.019421965317919065,
HYPE,2026050819,1.0,2,363328.9289266886,0.0,0,363328.9289266886,100,2,1.0,0.0,2026-05-08 19:00:00+00:00,0.0,0.0,0.0,0.0,long,False,False,43.08,-0.0002321262766944443,0.0034818941504177747,0.004874651810584885,0.016945218198700207,
HYPE,2026050820,1.0,2,363328.9289266886,0.0,0,363328.9289266886,100,2,1.0,0.0,2026-05-08 20:00:00+00:00,0.0,0.0,0.0,0.0,long,False,False,43.07,0.0025539818899464883,0.003947062920826694,0.017877873229626307,0.017181332714186315,
HYPE,2026050821,1.0,2,363328.9289266886,0.0,0,363328.9289266886,100,2,1.0,0.0,2026-05-08 21:00:00+00:00,0.0,0.0,0.0,0.0,long,False,False,43.18,0.0011579434923574272,0.0018527095877720612,0.01829550717924966,,
HYPE,2026050822,1.0,2,385787.19092668867,0.0,0,385787.19092668867,100,2,1.0,0.0,2026-05-08 22:00:00+00:00,0.0,22458.262000000046,22458.262000000046,0.0,long,True,False,43.23,0.00023132084200794267,0.001387925052047212,0.019430950728660745,,
HYPE,2026050823,1.0,2,385787.19092668867,0.0,0,385787.19092668867,100,2,1.0,0.0,2026-05-08 23:00:00+00:00,0.0,0.0,0.0,0.0,long,False,False,43.24,0.00046253469010171244,0.013876040703052706,0.015032377428306987,,
HYPE,2026050901,1.0,2,385787.19092668867,0.0,0,385787.19092668867,100,2,1.0,0.0,2026-05-09 01:00:00+00:00,0.0,0.0,0.0,0.0,long,False,False,43.29,0.012705012705012786,0.018018018018018056,0.012012012012012185,,
HYPE,2026050902,1.0,1,322730.00292668864,0.0,0,322730.00292668864,100,1,1.0,0.0,2026-05-09 02:00:00+00:00,-1.0,-63057.188000000024,-63057.188000000024,0.0,long,False,True,43.84,0.002965328467153139,0.0011405109489051046,-0.0006843065693430406,,
HYPE,2026050903,1.0,2,365853.45892668865,0.0,0,365853.45892668865,100,2,1.0,0.0,2026-05-09 03:00:00+00:00,1.0,43123.456000000006,43123.456000000006,0.0,long,True,False,43.97,0.0022742779167614913,0.002729133500113834,,,
HYPE,2026050904,1.0,2,365853.45892668865,0.0,0,365853.45892668865,100,2,1.0,0.0,2026-05-09 04:00:00+00:00,0.0,0.0,0.0,0.0,long,False,False,44.07,-0.004084411164057222,-0.005899705014749235,,,
HYPE,2026050905,1.0,2,365853.45892668865,0.0,0,365853.45892668865,100,2,1.0,0.0,2026-05-09 05:00:00+00:00,0.0,0.0,0.0,0.0,long,False,False,43.89,0.004556846662109981,-0.001822738664843837,,,
IP,2026050805,1.0,3,275893.7211440004,0.0,0,275893.7211440004,100,3,1.0,0.0,2026-05-08 05:00:00+00:00,,,,,long,False,False,0.5438,-0.0029422581831554107,-0.0018389113644722288,-0.006068407502758277,0.0027583670467083987,0.06381022434718653
IP,2026050806,1.0,3,275893.7211440004,0.0,0,275893.7211440004,100,3,1.0,0.0,2026-05-08 06:00:00+00:00,0.0,0.0,0.0,0.0,long,False,False,0.5422,-0.00036886757653997737,0.0007377351530799547,-0.004795278495020372,0.01567687200295076,0.06528956104758388
IP,2026050807,1.0,3,275893.7211440004,0.0,0,275893.7211440004,100,3,1.0,0.0,2026-05-08 07:00:00+00:00,0.0,0.0,0.0,0.0,long,False,False,0.542,0.0014760147601473594,0.0025830258302581566,-0.010332103321033292,0.017896678966789592,0.05664206642066416
IP,2026050808,1.0,3,275893.7211440004,0.0,0,275893.7211440004,100,3,1.0,0.0,2026-05-08 08:00:00+00:00,0.0,0.0,0.0,0.0,long,False,False,0.5428,-0.0003684598378775883,-0.004237288135593209,-0.004605747973470797,0.017133382461311797,0.06208548268238778
IP,2026050809,1.0,3,275893.7211440004,0.0,0,275893.7211440004,100,3,1.0,0.0,2026-05-08 09:00:00+00:00,0.0,0.0,0.0,0.0,long,False,False,0.5426,0.0014743826022853845,-0.005528934758569859,-0.004607445632141438,0.02340582381127909,
IP,2026050810,1.0,3,275893.7211440004,0.0,0,275893.7211440004,100,3,1.0,0.0,2026-05-08 10:00:00+00:00,0.0,0.0,0.0,0.0,long,False,False,0.5434,-0.0053367684946632465,-0.012881854987118135,-0.002760397497239553,0.022083179977916867,
IP,2026050811,1.0,3,275893.7211440004,0.0,0,275893.7211440004,100,3,1.0,0.0,2026-05-08 11:00:00+00:00,0.0,0.0,0.0,0.0,long,False,False,0.5405,-0.0016651248843663202,-0.00037002775208139216,0.008880666049953856,0.04329324699352455,
IP,2026050812,1.0,3,275893.7211440004,0.0,0,275893.7211440004,100,3,1.0,0.0,2026-05-08 12:00:00+00:00,0.0,0.0,0.0,0.0,long,False,False,0.5396,-0.005930318754633013,0.0009266123054114672,0.02057079318013333,0.059488510007412954,
IP,2026050813,1.0,3,275893.7211440004,0.0,0,275893.7211440004,100,3,1.0,0.0,2026-05-08 13:00:00+00:00,0.0,0.0,0.0,0.0,long,False,False,0.5364,0.00727069351230436,0.01025354213273677,0.028523489932885893,0.08724832214765121,
IP,2026050814,1.0,3,275893.7211440004,0.0,0,275893.7211440004,100,3,1.0,0.0,2026-05-08 14:00:00+00:00,0.0,0.0,0.0,0.0,long,False,False,0.5403,-0.000370164723301869,0.009254118082546725,0.02183971867481027,0.09883398112159902,
IP,2026050815,1.0,3,275893.7211440004,0.0,0,275893.7211440004,100,3,1.0,0.0,2026-05-08 15:00:00+00:00,0.0,0.0,0.0,0.0,long,False,False,0.5401,0.003332716163673366,0.01962599518607644,0.028142936493241955,0.07628216996852433,
IP,2026050816,1.0,3,275893.7211440004,0.0,0,275893.7211440004,100,3,1.0,0.0,2026-05-08 16:00:00+00:00,0.0,0.0,0.0,0.0,long,False,False,0.5419,0.0062742203358552295,0.0180845174386417,0.024912345451190143,0.0680937442332532,
IP,2026050817,1.0,3,275893.7211440004,0.0,0,275893.7211440004,100,3,1.0,0.0,2026-05-08 17:00:00+00:00,0.0,0.0,0.0,0.0,long,False,False,0.5453,0.009902805794975267,0.01247019988996878,0.034109664404914586,0.06088391710984786,
IP,2026050818,1.0,3,247027.06350400037,0.0,0,247027.06350400037,100,3,1.0,0.0,2026-05-08 18:00:00+00:00,0.0,-28866.65764000005,-28866.65764000005,0.0,long,False,True,0.5507,0.0018158707100055516,0.008353005266025226,0.03813328491011436,0.04884692209914654,
IP,2026050819,1.0,3,247027.06350400037,0.0,0,247027.06350400037,100,3,1.0,0.0,2026-05-08 19:00:00+00:00,0.0,0.0,0.0,0.0,long,False,False,0.5517,0.0007250317201379364,0.006706543411274302,0.057096247960848334,0.03806416530723222,
IP,2026050820,1.0,3,247027.06350400037,0.0,0,247027.06350400037,100,3,1.0,0.0,2026-05-08 20:00:00+00:00,0.0,0.0,0.0,0.0,long,False,False,0.5521,0.005796051439956429,0.021372939684839665,0.07534866871943491,0.04419489222966844,
IP,2026050821,1.0,3,247027.06350400037,0.0,0,247027.06350400037,100,3,1.0,0.0,2026-05-08 21:00:00+00:00,0.0,0.0,0.0,0.0,long,False,False,0.5553,0.00018008283810555525,0.02953358544930662,0.04682153790743748,,
IP,2026050822,1.0,3,247027.06350400037,0.0,0,247027.06350400037,100,3,1.0,0.0,2026-05-08 22:00:00+00:00,0.0,0.0,0.0,0.0,long,False,False,0.5554,0.015304285199855938,0.050054015124234796,0.042131796903132734,,
IP,2026050823,1.0,3,247027.06350400037,0.0,0,247027.06350400037,100,3,1.0,0.0,2026-05-08 23:00:00+00:00,0.0,0.0,0.0,0.0,long,False,False,0.5639,0.01383223975882264,0.052846249334988604,0.02589111544600109,,
IP,2026050901,1.0,3,247027.06350400037,0.0,0,247027.06350400037,100,3,1.0,0.0,2026-05-09 01:00:00+00:00,0.0,0.0,0.0,0.0,long,False,False,0.5832,0.01800411522633727,-0.007544581618655788,-0.018004115226337603,,
IP,2026050902,1.0,3,247027.06350400037,0.0,0,247027.06350400037,100,3,1.0,0.0,2026-05-09 02:00:00+00:00,0.0,0.0,0.0,0.0,long,False,False,0.5937,-0.020885969344786925,-0.025602155971029106,-0.028970860704059298,,
IP,2026050903,1.0,3,218160.40586400023,0.0,0,218160.40586400023,100,3,1.0,0.0,2026-05-09 03:00:00+00:00,0.0,-28866.657640000136,-28866.657640000136,0.0,long,False,True,0.5813,-0.004300705315671838,-0.0063650438671942755,,,
IP,2026050904,1.0,3,189293.74822400016,0.0,0,189293.74822400016,100,3,1.0,0.0,2026-05-09 04:00:00+00:00,0.0,-28866.657640000078,-28866.657640000078,0.0,long,False,True,0.5788,-0.0005183137525914816,-0.010539046302695199,,,
IP,2026050905,1.0,3,189293.74822400016,0.0,0,189293.74822400016,100,3,1.0,0.0,2026-05-09 05:00:00+00:00,0.0,0.0,0.0,0.0,long,False,False,0.5785,-0.0015557476231633505,-0.0034572169403630504,,,
INTC,2026050817,0.0,0,-55794.497,1.0,1,55794.497,100,1,0.0,1.0,2026-05-08 17:00:00+00:00,,,,,short,False,False,125.58,-0.009157509157509125,-0.003822264691829891,0.005175983436852993,0.007644529383659782,
INTC,2026050818,0.0,0,-55794.497,1.0,1,55794.497,100,1,0.0,1.0,2026-05-08 18:00:00+00:00,0.0,0.0,0.0,0.0,short,False,False,124.43,0.0056256529775775554,0.01591256127943419,0.016073294221650825,0.017198424817166158,
INTC,2026050819,0.0,0,-55794.497,1.0,1,55794.497,100,1,0.0,1.0,2026-05-08 19:00:00+00:00,0.0,0.0,0.0,0.0,short,False,False,125.13,-0.0002397506593143639,0.009030608167505783,0.010069527691201285,0.011028530328458519,
INTC,2026050820,0.0,0,-55794.497,1.0,1,55794.497,100,1,0.0,1.0,2026-05-08 20:00:00+00:00,0.0,0.0,0.0,0.0,short,False,False,125.1,0.010471622701838657,0.009032773780975223,0.008473221422861776,0.011191047162270262,
INTC,2026050821,0.0,0,-55794.497,1.0,1,55794.497,100,1,0.0,1.0,2026-05-08 21:00:00+00:00,0.0,0.0,0.0,0.0,short,False,False,126.41,-0.0011866149829917738,0.00015821533106574748,-0.00031643066213105087,,
INTC,2026050822,0.0,0,-55794.497,1.0,1,55794.497,100,1,0.0,1.0,2026-05-08 22:00:00+00:00,0.0,0.0,0.0,0.0,short,False,False,126.26,-0.00023760494218283412,0.0010296214161253925,0.0019008395374622289,,
INTC,2026050823,0.0,0,-61654.931,1.0,1,61654.931,100,1,0.0,1.0,2026-05-08 23:00:00+00:00,0.0,5860.433999999994,-5860.433999999994,0.0,short,False,False,126.23,0.0015844094113919294,-0.0005545432939871864,0.002455834587657524,,
INTC,2026050901,0.5,1,-17613.115,0.5,1,117586.271,100,2,0.4251055635,0.5748944365,2026-05-09 01:00:00+00:00,1.0,55931.34,44041.81599999999,0.4251055635,short,False,False,126.39,-0.0018197642218530374,0.0008703220191470518,0.0009494422027058746,,
INTC,2026050902,0.3333333333,1,-17676.780000000002,0.6666666667,2,117649.936,100,3,0.4248755222,0.5751244778,2026-05-09 02:00:00+00:00,1.0,63.66500000000815,-63.66500000000087,-0.00023004129999998346,short,False,False,126.16,0.001664552948636766,0.003012048192771122,0.0026949904882689335,,
INTC,2026050903,0.5,1,-17613.115,0.5,1,117586.271,100,2,0.4251055635,0.5748944365,2026-05-09 03:00:00+00:00,-1.0,-63.66500000000815,63.66500000000087,0.00023004129999998346,short,False,False,126.37,0.0010287251721134982,0.0015826541109440484,,,
INTC,2026050904,0.5,1,-17613.115,0.5,1,117586.271,100,2,0.4251055635,0.5748944365,2026-05-09 04:00:00+00:00,0.0,0.0,0.0,0.0,short,False,False,126.5,0.0003162055335967917,7.905138339925344e-05,,,
INTC,2026050905,0.5,1,-17613.115,0.5,1,117586.271,100,2,0.4251055635,0.5748944365,2026-05-09 05:00:00+00:00,0.0,0.0,0.0,0.0,short,False,False,126.54,0.0002370791844474862,-0.000316105579263537,,,
BILL,2026050805,1.0,1,10890.0,0.0,0,10890.0,100,1,1.0,0.0,2026-05-08 05:00:00+00:00,,,,,long,False,False,,,,,,
BILL,2026050806,1.0,2,20899.271000000233,0.0,0,20899.271000000233,100,2,1.0,0.0,2026-05-08 06:00:00+00:00,1.0,10009.271000000233,10009.271000000233,0.0,long,True,False,,,,,,
BILL,2026050807,1.0,1,10890.0,0.0,0,10890.0,100,1,1.0,0.0,2026-05-08 07:00:00+00:00,-1.0,-10009.271000000233,-10009.271000000233,0.0,long,False,True,,,,,,
BILL,2026050808,1.0,1,10890.0,0.0,0,10890.0,100,1,1.0,0.0,2026-05-08 08:00:00+00:00,0.0,0.0,0.0,0.0,long,False,False,,,,,,
BILL,2026050809,1.0,1,10890.0,0.0,0,10890.0,100,1,1.0,0.0,2026-05-08 09:00:00+00:00,0.0,0.0,0.0,0.0,long,False,False,,,,,,
BILL,2026050810,1.0,1,10890.0,0.0,0,10890.0,100,1,1.0,0.0,2026-05-08 10:00:00+00:00,0.0,0.0,0.0,0.0,long,False,False,,,,,,
BILL,2026050811,1.0,1,10890.0,0.0,0,10890.0,100,1,1.0,0.0,2026-05-08 11:00:00+00:00,0.0,0.0,0.0,0.0,long,False,False,,,,,,
BILL,2026050812,0.5,1,10741.24,0.5,1,11038.76,100,2,0.9865238486,0.0134761514,2026-05-08 12:00:00+00:00,1.0,148.76000000000022,-148.76000000000022,-0.013476151400000025,long,True,False,,,,,,
BILL,2026050813,1.0,2,25931.724000000737,0.0,0,25931.724000000737,100,2,1.0,0.0,2026-05-08 13:00:00+00:00,0.0,14892.964000000737,15190.484000000737,0.013476151400000025,long,True,False,,,,,,
BILL,2026050814,1.0,2,25931.724000000737,0.0,0,25931.724000000737,100,2,1.0,0.0,2026-05-08 14:00:00+00:00,0.0,0.0,0.0,0.0,long,False,False,,,,,,
BILL,2026050815,0.6666666666,2,24934.624000000735,0.3333333333,1,26928.824000000735,100,3,0.962972761,0.037027239,2026-05-08 15:00:00+00:00,1.0,997.0999999999985,-997.1000000000022,-0.037027239000000045,long,True,False,,,,,,
BILL,2026050816,0.6666666666,2,22946.84300000073,0.3333333333,1,28916.605000000745,100,3,0.8967762294,0.1032237706,2026-05-08 16:00:00+00:00,0.0,1987.78100000001,-1987.7810000000063,-0.06619653159999994,long,True,False,,,,,,
BILL,2026050817,0.6666666666,2,20447.21900000073,0.3333333333,1,31416.229000000745,100,3,0.8254244645,0.1745755355,2026-05-08 17:00:00+00:00,0.0,2499.624,-2499.624,-0.07135176490000006,long,True,False,,,,,,
BILL,2026050818,0.6666666666,2,20447.21900000073,0.3333333333,1,31416.229000000745,100,3,0.8254244645,0.1745755355,2026-05-08 18:00:00+00:00,0.0,0.0,0.0,0.0,long,False,False,,,,,,
BILL,2026050819,0.6666666666,2,18456.13600000066,0.3333333333,1,33407.31200000081,100,3,0.7762289884,0.2237710116,2026-05-08 19:00:00+00:00,0.0,1991.0830000000678,-1991.0830000000678,-0.04919547609999997,long,True,False,,,,,,
BILL,2026050820,0.6666666666,2,14182.08500000052,0.3333333333,1,37681.36300000095,100,3,0.6881843419,0.3118156581,2026-05-08 20:00:00+00:00,0.0,4274.051000000138,-4274.051000000141,-0.08804464649999999,long,True,False,,,,,,
BILL,2026050821,1.0,2,30944.409000000673,0.0,0,30944.409000000673,100,2,1.0,0.0,2026-05-08 21:00:00+00:00,-1.0,-6736.954000000278,16762.324000000153,0.3118156581,long,False,True,,,,,,
BILL,2026050822,1.0,2,30944.409000000673,0.0,0,30944.409000000673,100,2,1.0,0.0,2026-05-08 22:00:00+00:00,0.0,0.0,0.0,0.0,long,False,False,,,,,,
BILL,2026050823,0.5,1,9892.224,0.5,1,11887.776,100,2,0.9160670591,0.0839329409,2026-05-08 23:00:00+00:00,0.0,-19056.63300000067,-21052.185000000674,-0.08393294090000003,long,False,True,,,,,,
BILL,2026050901,0.5,1,8947.875554216862,0.5,1,12832.124445783136,100,2,0.8486513707,0.1513486293,2026-05-09 01:00:00+00:00,0.0,944.3484457831364,-944.3484457831382,-0.0674156884,long,True,False,,,,,,
BILL,2026050902,0.6666666666,2,28978.859554217765,0.3333333333,1,32863.10844578404,100,3,0.9409025945,0.0590974055,2026-05-09 02:00:00+00:00,1.0,20030.984000000906,20030.984000000903,0.09225122380000006,long,True,False,,,,,,
BILL,2026050903,0.6666666666,2,28978.859554217765,0.3333333333,1,32863.10844578404,100,3,0.9409025945,0.0590974055,2026-05-09 03:00:00+00:00,0.0,0.0,0.0,0.0,long,False,False,,,,,,
BILL,2026050904,0.6666666666,2,26997.777554217544,0.3333333333,1,34878.734445783826,100,3,0.8870234683,0.1129765317,2026-05-09 04:00:00+00:00,0.0,2015.6259999997856,-1981.0820000002204,-0.053879126200000016,long,True,False,,,,,,
BILL,2026050905,0.3333333333,1,8864.68327091634,0.6666666667,2,12915.31672908366,100,3,0.8431848965,0.1568151035,2026-05-09 05:00:00+00:00,0.0,-21963.417716700165,-18133.094283301205,-0.04383857180000006,long,False,True,,,,,,
JUP,2026050901,1.0,1,880.9680000000003,0.0,0,880.9680000000003,100,1,1.0,0.0,2026-05-09 01:00:00+00:00,,,,,long,False,False,0.2443,0.026197298403602076,0.04297994269340988,-0.004502660663119107,,
JUP,2026050902,0.5,1,648.3680000000004,0.5,1,1113.5680000000004,100,2,0.7911218713,0.2088781287,2026-05-09 02:00:00+00:00,1.0,232.60000000000014,-232.5999999999999,-0.2088781287,long,True,False,0.2507,0.00797766254487442,-0.0035899481451934223,-0.03669724770642202,,
JUP,2026050903,0.5,1,648.3680000000004,0.5,1,1113.5680000000004,100,2,0.7911218713,0.2088781287,2026-05-09 03:00:00+00:00,0.0,0.0,0.0,0.0,long,False,False,0.2527,0.008310249307479367,-0.024535021764938603,,,
JUP,2026050904,0.5,1,648.3680000000004,0.5,1,1113.5680000000004,100,2,0.7911218713,0.2088781287,2026-05-09 04:00:00+00:00,0.0,0.0,0.0,0.0,long,False,False,0.2548,-0.019623233908948268,-0.04552590266875989,,,
JUP,2026050905,0.5,1,648.3680000000004,0.5,1,1113.5680000000004,100,2,0.7911218713,0.2088781287,2026-05-09 05:00:00+00:00,0.0,0.0,0.0,0.0,long,False,False,0.2498,-0.01321056845476376,-0.03322658126501199,,,
GALA,2026050822,0.0,0,-21.08,1.0,1,21.08,100,1,0.0,1.0,2026-05-08 22:00:00+00:00,,,,,short,False,False,0.004151,0.002649963864129079,0.005540833534088074,0.06528547337990842,,
GALA,2026050823,0.0,0,-5103.415580000215,1.0,2,5103.415580000215,100,2,0.0,1.0,2026-05-08 23:00:00+00:00,1.0,5082.3355800002155,-5082.3355800002155,0.0,short,False,False,0.004162,0.004324843825084024,0.014175876982220004,0.04012493993272481,,
GALA,2026050901,0.0,0,-5015.715580000216,1.0,1,5015.715580000216,100,1,0.0,1.0,2026-05-09 01:00:00+00:00,-1.0,-87.69999999999982,87.69999999999982,0.0,short,False,False,0.004174,0.01126018207954016,0.05941542884523243,0.01868711068519402,,
GALA,2026050902,0.0,0,-5015.715580000216,1.0,1,5015.715580000216,100,1,0.0,1.0,2026-05-09 02:00:00+00:00,0.0,0.0,0.0,0.0,short,False,False,0.004221,0.017294479981047273,0.0255863539445631,0.003553660270078307,,
GALA,2026050903,0.0,0,-5015.715580000216,1.0,1,5015.715580000216,100,1,0.0,1.0,2026-05-09 03:00:00+00:00,0.0,0.0,0.0,0.0,short,False,False,0.004294,0.02980903586399619,0.03795994410805781,,,
GALA,2026050904,0.0,0,-5015.715580000216,1.0,1,5015.715580000216,100,1,0.0,1.0,2026-05-09 04:00:00+00:00,0.0,0.0,0.0,0.0,short,False,False,0.004422,-0.021031207598371626,-0.03844414292175491,,,
GALA,2026050905,0.0,0,-5015.715580000216,1.0,1,5015.715580000216,100,1,0.0,1.0,2026-05-09 05:00:00+00:00,0.0,0.0,0.0,0.0,short,False,False,0.004329,0.029568029568029397,-0.021483021483021503,,,
OKB,2026050805,1.0,2,267063.2301116664,0.0,0,267063.2301116664,100,2,1.0,0.0,2026-05-08 05:00:00+00:00,,,,,long,False,False,85.33,-0.0029298019453884994,0.0005859603890776555,0.002578225711941773,0.014063049337864841,0.03445447087776854
OKB,2026050806,1.0,2,267063.2301116664,0.0,0,267063.2301116664,100,2,1.0,0.0,2026-05-08 06:00:00+00:00,0.0,0.0,0.0,0.0,long,False,False,85.08,0.001527973671838323,0.0021156558533146352,0.0032910202162670377,0.019511048425011612,0.041372825575928474
OKB,2026050807,1.0,2,267063.2301116664,0.0,0,267063.2301116664,100,2,1.0,0.0,2026-05-08 07:00:00+00:00,0.0,0.0,0.0,0.0,long,False,False,85.21,0.0019950710010563366,0.003403356413566483,-0.0010562140593826097,0.015491139537612941,0.03297735007628222
OKB,2026050808,1.0,2,267063.2301116664,0.0,0,267063.2301116664,100,2,1.0,0.0,2026-05-08 08:00:00+00:00,0.0,0.0,0.0,0.0,long,False,False,85.38,-0.0014054813773716202,0.001991098617943443,0.002693839306629142,0.01206371515577409,0.033731553056922214
OKB,2026050809,1.0,2,267063.2301116664,0.0,0,267063.2301116664,100,2,1.0,0.0,2026-05-08 09:00:00+00:00,0.0,0.0,0.0,0.0,long,False,False,85.26,0.0028149190710766714,0.0011728829462818169,0.005043396669012434,0.01724137931034475,
OKB,2026050810,1.0,2,267063.2301116664,0.0,0,267063.2301116664,100,2,1.0,0.0,2026-05-08 10:00:00+00:00,0.0,0.0,0.0,0.0,long,False,False,85.5,0.0005847953216373547,-0.004444444444444362,0.0036257309941520877,0.014619883040935644,
OKB,2026050811,1.0,2,267063.2301116664,0.0,0,267063.2301116664,100,2,1.0,0.0,2026-05-08 11:00:00+00:00,0.0,0.0,0.0,0.0,long,False,False,85.55,-0.0022209234365867525,0.0007013442431327288,0.011455289304500349,0.024313267095265934,
OKB,2026050812,1.0,2,267063.2301116664,0.0,0,267063.2301116664,100,2,1.0,0.0,2026-05-08 12:00:00+00:00,0.0,0.0,0.0,0.0,long,False,False,85.36,-0.002811621368322359,0.0038659793814432852,0.01616682286785376,0.035848172446110604,
OKB,2026050813,1.0,2,267063.2301116664,0.0,0,267063.2301116664,100,2,1.0,0.0,2026-05-08 13:00:00+00:00,0.0,0.0,0.0,0.0,long,False,False,85.12,0.005756578947368363,0.008106203007518742,0.01656484962406002,0.03912124060150379,
OKB,2026050814,1.0,2,267063.2301116664,0.0,0,267063.2301116664,100,2,1.0,0.0,2026-05-08 14:00:00+00:00,0.0,0.0,0.0,0.0,long,False,False,85.61,0.0009344702721645337,0.01074640812989136,0.009344702721644671,0.03235603317369451,
OKB,2026050815,1.0,2,267063.2301116664,0.0,0,267063.2301116664,100,2,1.0,0.0,2026-05-08 15:00:00+00:00,0.0,0.0,0.0,0.0,long,False,False,85.69,0.0014003967790874317,0.01225347181701486,0.012136772085424186,0.027657836386976387,
OKB,2026050816,1.0,2,75520.73011166637,0.5,1,458605.7301116664,100,2,0.5823373162,0.4176626838,2026-05-08 16:00:00+00:00,0.0,191542.5,-191542.5,-0.41766268380000005,long,False,False,85.81,0.008390630462649984,0.008390630462649984,0.01095443421512643,0.03577671600046606,
OKB,2026050817,1.0,2,75520.73011166637,0.5,1,458605.7301116664,100,2,0.5823373162,0.4176626838,2026-05-08 17:00:00+00:00,0.0,0.0,0.0,0.0,long,False,False,86.53,0.0024269039639430723,-0.001386802265110454,0.012712354096845013,0.02010863284410025,
OKB,2026050818,1.0,2,75520.73011166637,0.5,1,458605.7301116664,100,2,0.5823373162,0.4176626838,2026-05-08 18:00:00+00:00,0.0,0.0,0.0,0.0,long,False,False,86.74,-0.0024210283606178606,-0.0001152870647912474,0.01936822688494355,0.02144339405118756,
OKB,2026050819,1.0,2,75520.73011166637,0.5,1,458605.7301116664,100,2,0.5823373162,0.4176626838,2026-05-08 19:00:00+00:00,0.0,0.0,0.0,0.0,long,False,False,86.53,-0.001386802265110454,0.0025424708193690915,0.02218883624176593,0.017219461458453766,
OKB,2026050820,1.0,2,75520.73011166637,0.5,1,458605.7301116664,100,2,0.5823373162,0.4176626838,2026-05-08 20:00:00+00:00,0.0,0.0,0.0,0.0,long,False,False,86.41,0.0037032750839023354,0.014118736257377584,0.022798287235273662,0.02140955907881037,
OKB,2026050821,1.0,2,75520.73011166637,0.5,1,458605.7301116664,100,2,0.5823373162,0.4176626838,2026-05-08 21:00:00+00:00,0.0,0.0,0.0,0.0,long,False,False,86.73,0.0002306007148622502,0.019485760405857144,0.015334947538337307,,
OKB,2026050822,1.0,2,75520.73011166637,0.5,1,458605.7301116664,100,2,0.5823373162,0.4176626838,2026-05-08 22:00:00+00:00,0.0,0.0,0.0,0.0,long,False,False,86.75,0.010144092219020129,0.019596541786743638,0.02455331412103745,,
OKB,2026050823,1.0,2,75520.73011166637,0.5,1,458605.7301116664,100,2,0.5823373162,0.4176626838,2026-05-08 23:00:00+00:00,0.0,0.0,0.0,0.0,long,False,False,87.63,0.00901517745064484,0.008558712769599408,0.007303434896724914,,
OKB,2026050901,1.0,2,75362.81197026151,0.5,1,458447.8119702615,100,2,0.5821934471,0.4178065529,2026-05-09 01:00:00+00:00,0.0,-157.9181414048653,-157.9181414048653,-0.00014386909999997144,long,False,False,88.45,-0.0007914075749011484,0.004861503674392198,-0.00486150367439242,,
OKB,2026050902,1.0,2,75362.81197026151,0.5,1,458447.8119702615,100,2,0.5821934471,0.4178065529,2026-05-09 02:00:00+00:00,0.0,0.0,0.0,0.0,long,False,False,88.38,-0.0036207286716450904,-0.0012446254808780033,-0.0013577732518668117,,
OKB,2026050903,1.0,2,75204.89382885664,0.5,1,458289.89382885664,100,2,0.5820494787,0.4179505213,2026-05-09 03:00:00+00:00,0.0,-157.9181414048653,-157.9181414048653,-0.0001439683999999719,long,False,False,88.06,0.009311832841244483,0.006132182602770708,,,
OKB,2026050904,1.0,2,75204.89382885664,0.5,1,458289.89382885664,100,2,0.5820494787,0.4179505213,2026-05-09 04:00:00+00:00,0.0,0.0,0.0,0.0,long,False,False,88.88,-0.006863186318631809,-0.009675967596759705,,,
OKB,2026050905,1.0,2,75204.89382885664,0.5,1,458289.89382885664,100,2,0.5820494787,0.4179505213,2026-05-09 05:00:00+00:00,0.0,0.0,0.0,0.0,long,False,False,88.27,0.0037385295117253747,-0.00011328877308247609,,,
TSLA,2026050805,1.0,1,32950.2168,0.0,0,32950.2168,100,1,1.0,0.0,2026-05-08 05:00:00+00:00,,,,,long,False,False,412.47,0.0013819186849952647,0.009673430794966853,0.011370523916890862,0.03500860668654693,0.0382573278056586
TSLA,2026050806,1.0,1,32950.2168,0.0,0,32950.2168,100,1,1.0,0.0,2026-05-08 06:00:00+00:00,0.0,0.0,0.0,0.0,long,False,False,413.04,0.003220027116017876,0.0059074181677318816,0.0092484989347279,0.03798663567693206,0.03692136354832454
TSLA,2026050807,1.0,1,32950.2168,0.0,0,32950.2168,100,1,1.0,0.0,2026-05-08 07:00:00+00:00,0.0,0.0,0.0,0.0,long,False,False,414.37,0.005043801433501471,0.0024615681637183418,0.0342447571011415,0.03361729854960549,0.03405169293143806
TSLA,2026050808,1.0,1,32950.2168,0.0,0,32950.2168,100,1,1.0,0.0,2026-05-08 08:00:00+00:00,0.0,0.0,0.0,0.0,long,False,False,416.46,-0.0023531671709167146,0.0016808336935121293,0.026965374825913768,0.027781779762762415,0.028814291888776822
TSLA,2026050809,1.0,1,32950.2168,0.0,0,32950.2168,100,1,1.0,0.0,2026-05-08 09:00:00+00:00,0.0,0.0,0.0,0.0,long,False,False,415.48,-0.00021661692500252183,0.0033214595167034844,0.03343121209203814,0.029532107441994748,
TSLA,2026050810,1.0,1,32950.2168,0.0,0,32950.2168,100,1,1.0,0.0,2026-05-08 10:00:00+00:00,0.0,0.0,0.0,0.0,long,False,False,415.39,0.004261055875201647,0.031705144562940824,0.032836611377259795,0.029851464888418278,
TSLA,2026050811,1.0,1,32950.2168,0.0,0,32950.2168,100,1,1.0,0.0,2026-05-08 11:00:00+00:00,0.0,0.0,0.0,0.0,long,False,False,417.16,-0.000719148528142699,0.025242113337808014,0.023372327164637108,0.026177006424393356,
TSLA,2026050812,1.0,1,32950.2168,0.0,0,32950.2168,100,1,1.0,0.0,2026-05-08 12:00:00+00:00,0.0,0.0,0.0,0.0,long,False,False,416.86,0.028066976922707765,0.03001007532504918,0.028474787698507864,0.02741927745526085,
TSLA,2026050813,1.0,1,32950.2168,0.0,0,32950.2168,100,1,1.0,0.0,2026-05-08 13:00:00+00:00,0.0,0.0,0.0,0.0,long,False,False,428.56,-0.0020300541347769707,0.001096695911890988,-0.000606682844875861,-0.00021000560014927672,
TSLA,2026050814,1.0,1,32950.2168,0.0,0,32950.2168,100,1,1.0,0.0,2026-05-08 14:00:00+00:00,0.0,0.0,0.0,0.0,long,False,False,427.69,0.00392807874862644,-0.0018237508475764663,0.0007949683181742717,0.00163669947859435,
TSLA,2026050815,1.0,1,32950.2168,0.0,0,32950.2168,100,1,1.0,0.0,2026-05-08 15:00:00+00:00,0.0,0.0,0.0,0.0,long,False,False,429.37,-0.000791857838228216,-0.001490555930782289,-0.003772969699792683,-0.0010946270116682921,
TSLA,2026050816,1.0,1,32950.2168,0.0,0,32950.2168,100,1,1.0,0.0,2026-05-08 16:00:00+00:00,0.0,0.0,0.0,0.0,long,False,False,429.03,-0.004941379390718481,-0.0017015127147285147,-0.0028902407757032123,-0.0011421112742697748,
TSLA,2026050817,1.0,1,32950.2168,0.0,0,32950.2168,100,1,1.0,0.0,2026-05-08 17:00:00+00:00,0.0,0.0,0.0,0.0,long,False,False,426.91,0.0042631936473729315,0.002623503782998693,0.002740624487596932,0.0031388348832306345,
TSLA,2026050818,1.0,1,32950.2168,0.0,0,32950.2168,100,1,1.0,0.0,2026-05-08 18:00:00+00:00,0.0,0.0,0.0,0.0,long,False,False,428.73,-0.0010029622373055602,-0.0022858209129289486,-0.0010262869404986663,-0.0010262869404986663,
TSLA,2026050819,1.0,1,32950.2168,0.0,0,32950.2168,100,1,1.0,0.0,2026-05-08 19:00:00+00:00,0.0,0.0,0.0,0.0,long,False,False,428.3,-0.0006303992528602365,-0.0011907541442913727,0.00039691804809716125,0.00042026616857349097,
TSLA,2026050820,1.0,1,32950.2168,0.0,0,32950.2168,100,1,1.0,0.0,2026-05-08 20:00:00+00:00,0.0,0.0,0.0,0.0,long,False,False,428.03,-0.0006541597551572575,0.00011681424199250223,0.0008410625423451723,0.0010046024811345422,
TSLA,2026050821,1.0,1,32950.2168,0.0,0,32950.2168,100,1,1.0,0.0,2026-05-08 21:00:00+00:00,0.0,0.0,0.0,0.0,long,False,False,427.75,9.351256575107492e-05,0.0012624196376389563,0.002688486265341794,,
TSLA,2026050822,1.0,1,32950.2168,0.0,0,32950.2168,100,1,1.0,0.0,2026-05-08 22:00:00+00:00,0.0,0.0,0.0,0.0,long,False,False,427.79,0.0006779027092731482,0.0015895649734682937,0.0017531966619135364,,
TSLA,2026050823,1.0,1,32950.2168,0.0,0,32950.2168,100,1,1.0,0.0,2026-05-08 23:00:00+00:00,0.0,0.0,0.0,0.0,long,False,False,428.08,0.0004905625116802259,0.0007241637077182173,0.00039712203326480733,,
TSLA,2026050901,1.0,1,32950.2168,0.0,0,32950.2168,100,1,1.0,0.0,2026-05-09 01:00:00+00:00,0.0,0.0,0.0,0.0,long,False,False,428.47,-0.00018671085490240547,0.00016337199803961866,2.3338856862675783e-05,,
TSLA,2026050902,1.0,1,32950.2168,0.0,0,32950.2168,100,1,1.0,0.0,2026-05-09 02:00:00+00:00,0.0,0.0,0.0,0.0,long,False,False,428.39,0.0011905039800181871,-0.0003268050141226331,0.00016340250706137205,,
TSLA,2026050903,1.0,1,32950.2168,0.0,0,32950.2168,100,1,1.0,0.0,2026-05-09 03:00:00+00:00,0.0,0.0,0.0,0.0,long,False,False,428.9,-0.0008393564933549813,-0.0014222429470738263,,,
TSLA,2026050904,0.5,1,15821.0168,0.5,1,50079.4168,100,2,0.6579592755,0.3420407245,2026-05-09 04:00:00+00:00,1.0,17129.199999999997,-17129.200000000004,-0.3420407245,long,True,False,428.54,-0.00067671629252819,-0.0001400102674196102,,,
TSLA,2026050905,0.5,1,15821.0168,0.5,1,50079.4168,100,2,0.6579592755,0.3420407245,2026-05-09 05:00:00+00:00,0.0,0.0,0.0,0.0,long,False,False,428.25,9.34033858728256e-05,0.0004903677758318903,,,
RLS,2026050805,0.5,1,17209.68975505277,0.5,1,31288.97557913787,100,2,0.7750120359,0.2249879641,2026-05-08 05:00:00+00:00,,,,,long,False,False,0.005293,-0.03703003967504248,-0.07424900812393731,-0.13187228414887586,-0.17343661439637248,-0.12034762894388806
RLS,2026050806,1.0,1,24249.33266709532,0.0,0,24249.33266709532,100,1,1.0,0.0,2026-05-08 06:00:00+00:00,-1.0,-7039.642912042549,7039.642912042553,0.2249879641,long,False,True,0.005097,-0.01746125171669599,-0.05728860113792422,-0.1047675103001765,-0.13674710614086716,-0.09593878752207174
RLS,2026050807,0.5,1,23249.56766709532,0.5,1,25249.09766709532,100,2,0.9604039315,0.0395960685,2026-05-08 07:00:00+00:00,1.0,999.7649999999994,-999.7649999999994,-0.03959606849999997,long,True,False,0.005008,-0.021565495207667817,-0.07987220447284349,-0.08146964856230043,-0.10623003194888181,-0.08246805111821087
RLS,2026050808,0.5,1,22751.770367095272,0.5,1,25746.89496709537,100,2,0.941835227,0.058164773,2026-05-08 08:00:00+00:00,0.0,497.7973000000493,-497.7973000000493,-0.018568704500000033,long,True,False,0.0049,-0.019387755102040716,-0.06224489795918364,-0.0736734693877551,-0.07265306122448967,-0.0546938775510204
RLS,2026050809,0.5,1,22778.531634228955,0.5,1,25720.133699961683,100,2,0.9428151871,0.0571848129,2026-05-08 09:00:00+00:00,0.0,-26.761267133686488,26.76126713368285,0.0009799601000000102,long,False,True,0.004805,-0.04099895941727372,-0.05036420395421437,-0.059729448491155024,-0.08865764828303857,
RLS,2026050810,0.5,1,22778.531634228955,0.5,1,25720.133699961683,100,2,0.9428151871,0.0571848129,2026-05-08 10:00:00+00:00,0.0,0.0,0.0,0.0,long,False,False,0.004608,-0.0028211805555555802,-0.0017361111111111605,-0.02213541666666674,-0.041015625,
RLS,2026050811,0.5,1,22778.531634228955,0.5,1,25720.133699961683,100,2,0.9428151871,0.0571848129,2026-05-08 11:00:00+00:00,0.0,0.0,0.0,0.0,long,False,False,0.004595,-0.00696409140369969,-0.01218715995647457,-0.04787812840043515,-0.03003264417845486,
RLS,2026050812,0.5,1,22778.531634228955,0.5,1,25720.133699961683,100,2,0.9428151871,0.0571848129,2026-05-08 12:00:00+00:00,0.0,0.0,0.0,0.0,long,False,False,0.004563,0.008108700416392667,-0.009861932938855955,-0.03572211264518954,-0.012053473591935204,
RLS,2026050813,0.5,1,20279.01863422878,0.5,1,28219.64669996186,100,2,0.859306742,0.140693258,2026-05-08 13:00:00+00:00,0.0,2499.5130000001773,-2499.5130000001736,-0.0835084451,long,True,False,0.0046,-0.013260869565217437,-0.02043478260869569,-0.026956521739130435,-0.018043478260869494,
RLS,2026050814,0.5,1,17279.501234227726,0.5,1,31219.164099962913,100,2,0.7767450976,0.2232549024,2026-05-08 14:00:00+00:00,0.0,2999.517400001052,-2999.5174000010556,-0.08256164440000002,long,True,False,0.004539,-0.004626569729015095,-0.03613130645516616,0.001101564221194229,0.029521921128001782,
RLS,2026050815,0.5,1,23276.01073050786,0.5,1,25222.65460368278,100,2,0.961410805,0.038589195,2026-05-08 15:00:00+00:00,0.0,-5996.509496280134,5996.509496280134,0.1846657074,long,False,True,0.004518,-0.0026560424966800555,-0.026117751217352825,-0.030765825586542728,0.023683045595396024,
RLS,2026050816,0.5,1,23276.01073050786,0.5,1,25222.65460368278,100,2,0.961410805,0.038589195,2026-05-08 16:00:00+00:00,0.0,0.0,0.0,0.0,long,False,False,0.004506,-0.029072347980470314,-0.0066577896138481085,-0.01930758988015968,0.014869063470927646,
RLS,2026050817,0.5,1,23276.01073050786,0.5,1,25222.65460368278,100,2,0.961410805,0.038589195,2026-05-08 17:00:00+00:00,0.0,0.0,0.0,0.0,long,False,False,0.004375,0.005714285714285783,0.03862857142857146,0.01874285714285695,0.06422857142857152,
RLS,2026050818,0.5,1,23276.01073050786,0.5,1,25222.65460368278,100,2,0.961410805,0.038589195,2026-05-08 18:00:00+00:00,0.0,0.0,0.0,0.0,long,False,False,0.0044,0.017272727272727106,-0.004772727272727262,0.024545454545454426,0.04727272727272713,
RLS,2026050819,1.0,1,24249.33266709532,0.0,0,24249.33266709532,100,1,1.0,0.0,2026-05-08 19:00:00+00:00,-1.0,-973.3219365874575,973.3219365874611,0.03858919500000002,long,False,True,0.004476,0.015192135835567555,-0.012734584450402098,0.009159964253798059,0.02658623771224322,
RLS,2026050820,1.0,1,24249.33266709532,0.0,0,24249.33266709532,100,1,1.0,0.0,2026-05-08 20:00:00+00:00,0.0,0.0,0.0,0.0,long,False,False,0.004544,-0.03631161971830987,-0.019146126760563487,0.02838908450704225,0.01936619718309851,
RLS,2026050821,1.0,1,24249.33266709532,0.0,0,24249.33266709532,100,1,1.0,0.0,2026-05-08 21:00:00+00:00,0.0,0.0,0.0,0.0,long,False,False,0.004379,0.009134505594884601,0.029458780543502927,0.05617720940854065,,
RLS,2026050822,1.0,1,24249.33266709532,0.0,0,24249.33266709532,100,1,1.0,0.0,2026-05-08 22:00:00+00:00,0.0,0.0,0.0,0.0,long,False,False,0.004419,0.008599230595157215,0.022176963113826664,0.03484951346458476,,
RLS,2026050823,1.0,1,24249.33266709532,0.0,0,24249.33266709532,100,1,1.0,0.0,2026-05-08 23:00:00+00:00,0.0,0.0,0.0,0.0,long,False,False,0.004457,0.011442674444693601,0.0484630917657618,0.04464886695086401,,
RLS,2026050901,1.0,1,24249.33266709532,0.0,0,24249.33266709532,100,1,1.0,0.0,2026-05-09 01:00:00+00:00,0.0,0.0,0.0,0.0,long,False,False,0.004517,0.03453619659065743,0.012397609032543722,0.017268098295328826,,
RLS,2026050902,1.0,1,24249.33266709532,0.0,0,24249.33266709532,100,1,1.0,0.0,2026-05-09 02:00:00+00:00,0.0,0.0,0.0,0.0,long,False,False,0.004673,-0.010271774020971569,-0.003637919965760683,-0.008773806976246523,,
RLS,2026050903,1.0,1,24249.33266709532,0.0,0,24249.33266709532,100,1,1.0,0.0,2026-05-09 03:00:00+00:00,0.0,0.0,0.0,0.0,long,False,False,0.004625,-0.011243243243243217,-0.003675675675675616,,,
RLS,2026050904,0.5,1,22741.81746709532,0.5,1,25756.84786709532,100,2,0.9414712853,0.0585287147,2026-05-09 04:00:00+00:00,1.0,1507.515199999998,-1507.5152000000016,-0.058528714699999984,long,True,False,0.004573,0.018150010933741578,0.004810846271594116,,,
RLS,2026050905,0.5,1,21241.84306709529,0.5,1,27256.822267095347,100,2,0.8896610334,0.1103389666,2026-05-09 05:00:00+00:00,0.0,1499.9744000000283,-1499.9744000000283,-0.05181025189999999,long,True,False,0.004656,-0.010309278350515538,-0.005154639175257825,,,
SNDK,2026050805,1.0,1,74445.974,0.0,0,74445.974,100,1,1.0,0.0,2026-05-08 05:00:00+00:00,,,,,long,False,False,,,,,,
SNDK,2026050806,1.0,1,74445.974,0.0,0,74445.974,100,1,1.0,0.0,2026-05-08 06:00:00+00:00,0.0,0.0,0.0,0.0,long,False,False,,,,,,
SNDK,2026050807,1.0,1,74445.974,0.0,0,74445.974,100,1,1.0,0.0,2026-05-08 07:00:00+00:00,0.0,0.0,0.0,0.0,long,False,False,,,,,,
SNDK,2026050808,1.0,1,74445.974,0.0,0,74445.974,100,1,1.0,0.0,2026-05-08 08:00:00+00:00,0.0,0.0,0.0,0.0,long,False,False,,,,,,
SNDK,2026050809,1.0,1,74445.974,0.0,0,74445.974,100,1,1.0,0.0,2026-05-08 09:00:00+00:00,0.0,0.0,0.0,0.0,long,False,False,,,,,,
SNDK,2026050810,1.0,1,74445.974,0.0,0,74445.974,100,1,1.0,0.0,2026-05-08 10:00:00+00:00,0.0,0.0,0.0,0.0,long,False,False,,,,,,
SNDK,2026050811,1.0,1,74445.974,0.0,0,74445.974,100,1,1.0,0.0,2026-05-08 11:00:00+00:00,0.0,0.0,0.0,0.0,long,False,False,,,,,,
SNDK,2026050812,1.0,1,74445.974,0.0,0,74445.974,100,1,1.0,0.0,2026-05-08 12:00:00+00:00,0.0,0.0,0.0,0.0,long,False,False,,,,,,
SNDK,2026050813,1.0,1,74445.974,0.0,0,74445.974,100,1,1.0,0.0,2026-05-08 13:00:00+00:00,0.0,0.0,0.0,0.0,long,False,False,,,,,,
SNDK,2026050814,1.0,1,74445.974,0.0,0,74445.974,100,1,1.0,0.0,2026-05-08 14:00:00+00:00,0.0,0.0,0.0,0.0,long,False,False,,,,,,
SNDK,2026050815,1.0,1,74445.974,0.0,0,74445.974,100,1,1.0,0.0,2026-05-08 15:00:00+00:00,0.0,0.0,0.0,0.0,long,False,False,,,,,,
SNDK,2026050816,1.0,1,74445.974,0.0,0,74445.974,100,1,1.0,0.0,2026-05-08 16:00:00+00:00,0.0,0.0,0.0,0.0,long,False,False,,,,,,
SNDK,2026050817,1.0,1,74445.974,0.0,0,74445.974,100,1,1.0,0.0,2026-05-08 17:00:00+00:00,0.0,0.0,0.0,0.0,long,False,False,,,,,,
SNDK,2026050818,1.0,1,74445.974,0.0,0,74445.974,100,1,1.0,0.0,2026-05-08 18:00:00+00:00,0.0,0.0,0.0,0.0,long,False,False,,,,,,
SNDK,2026050819,1.0,1,74445.974,0.0,0,74445.974,100,1,1.0,0.0,2026-05-08 19:00:00+00:00,0.0,0.0,0.0,0.0,long,False,False,,,,,,
SNDK,2026050820,1.0,1,74445.974,0.0,0,74445.974,100,1,1.0,0.0,2026-05-08 20:00:00+00:00,0.0,0.0,0.0,0.0,long,False,False,,,,,,
SNDK,2026050821,1.0,1,74445.974,0.0,0,74445.974,100,1,1.0,0.0,2026-05-08 21:00:00+00:00,0.0,0.0,0.0,0.0,long,False,False,,,,,,
SNDK,2026050822,1.0,1,74445.974,0.0,0,74445.974,100,1,1.0,0.0,2026-05-08 22:00:00+00:00,0.0,0.0,0.0,0.0,long,False,False,,,,,,
SNDK,2026050823,1.0,1,74445.974,0.0,0,74445.974,100,1,1.0,0.0,2026-05-08 23:00:00+00:00,0.0,0.0,0.0,0.0,long,False,False,,,,,,
SNDK,2026050901,1.0,1,72450.974,1.0,1,76440.974,100,1,0.9739014314,0.0260985686,2026-05-09 01:00:00+00:00,0.0,1995.0,-1995.0,-0.02609856860000004,long,True,False,,,,,,
SNDK,2026050902,1.0,1,74445.974,0.0,0,74445.974,100,1,1.0,0.0,2026-05-09 02:00:00+00:00,0.0,-1995.0,1995.0,0.02609856860000004,long,False,True,,,,,,
SNDK,2026050903,1.0,1,74445.974,0.0,0,74445.974,100,1,1.0,0.0,2026-05-09 03:00:00+00:00,0.0,0.0,0.0,0.0,long,False,False,,,,,,
SNDK,2026050904,1.0,1,74445.974,0.0,0,74445.974,100,1,1.0,0.0,2026-05-09 04:00:00+00:00,0.0,0.0,0.0,0.0,long,False,False,,,,,,
SNDK,2026050905,0.5,1,58072.578,0.5,1,90819.37,100,2,0.819714715,0.180285285,2026-05-09 05:00:00+00:00,1.0,16373.395999999993,-16373.396,-0.18028528499999996,long,True,False,,,,,,
FIL,2026050805,1.0,2,58501.94070000035,0.0,0,58501.94070000035,100,2,1.0,0.0,2026-05-08 05:00:00+00:00,,,,,long,False,False,1.09,0.012935779816513726,0.004403669724770465,0.01431192660550451,0.11073394495412847,0.16091743119266044
FIL,2026050806,1.0,2,58501.94070000035,0.0,0,58501.94070000035,100,2,1.0,0.0,2026-05-08 06:00:00+00:00,0.0,0.0,0.0,0.0,long,False,False,1.1041,-0.0038040032605741736,-0.00480028982881997,-0.009147722126618962,0.09039036319173976,0.1551489901277059
FIL,2026050807,1.0,2,58501.94070000035,0.0,0,58501.94070000035,100,2,1.0,0.0,2026-05-08 07:00:00+00:00,0.0,0.0,0.0,0.0,long,False,False,1.0999,-0.004636785162287604,-0.005818710791890336,-0.017819801800163737,0.0961905627784343,0.14883171197381584
FIL,2026050808,1.0,2,58501.94070000035,0.0,0,58501.94070000035,100,2,1.0,0.0,2026-05-08 08:00:00+00:00,0.0,0.0,0.0,0.0,long,False,False,1.0948,0.003653635367190322,0.009864815491413825,0.011691633175008986,0.10586408476434062,0.152630617464377
FIL,2026050809,1.0,2,58501.94070000035,0.0,0,58501.94070000035,100,2,1.0,0.0,2026-05-08 09:00:00+00:00,0.0,0.0,0.0,0.0,long,False,False,1.0988,-0.0048234437568257515,-0.00436840189297405,0.03704040771750994,0.12495449581361484,
FIL,2026050810,1.0,2,60702.52070000036,0.0,0,60702.52070000036,100,2,1.0,0.0,2026-05-08 10:00:00+00:00,0.0,2200.580000000009,2200.580000000009,0.0,long,True,False,1.0935,0.01106538637402843,-0.012071330589848994,0.11028806584362139,0.17064471879286702,
FIL,2026050811,1.0,2,60702.52070000036,0.0,0,60702.52070000036,100,2,1.0,0.0,2026-05-08 11:00:00+00:00,0.0,0.0,0.0,0.0,long,False,False,1.1056,-0.010492040520983958,0.0018089725036178894,0.09506150506512312,0.16325976845151957,
FIL,2026050812,1.0,2,60702.52070000036,0.0,0,60702.52070000036,100,2,1.0,0.0,2026-05-08 12:00:00+00:00,0.0,0.0,0.0,0.0,long,False,False,1.094,-0.012522851919561262,0.041590493601462386,0.10045703839122466,0.15429616087751352,
FIL,2026050813,1.0,2,60702.52070000036,0.0,0,60702.52070000036,100,2,1.0,0.0,2026-05-08 13:00:00+00:00,0.0,0.0,0.0,0.0,long,False,False,1.0803,0.025270758122743597,0.12385448486531514,0.11607886698139391,0.16643524946774035,
FIL,2026050814,1.0,2,60702.52070000036,0.0,0,60702.52070000036,100,2,1.0,0.0,2026-05-08 14:00:00+00:00,0.0,0.0,0.0,0.0,long,False,False,1.1076,0.02880101119537737,0.09308414590104741,0.09308414590104741,0.16549295774647899,
FIL,2026050815,1.0,2,60702.52070000036,0.0,0,60702.52070000036,100,2,1.0,0.0,2026-05-08 15:00:00+00:00,0.0,0.0,0.0,0.0,long,False,False,1.1395,0.06546731022378238,0.056516015796401975,0.08477402369460285,0.13892057920140433,
FIL,2026050816,1.0,2,60702.52070000036,0.0,0,60702.52070000036,100,2,1.0,0.0,2026-05-08 16:00:00+00:00,0.0,0.0,0.0,0.0,long,False,False,1.2141,-0.0028004283007988517,-0.006918705213738496,0.05436125525080304,0.0439008318919365,
FIL,2026050817,1.0,2,60702.52070000036,0.0,0,60702.52070000036,100,2,1.0,0.0,2026-05-08 17:00:00+00:00,0.0,0.0,0.0,0.0,long,False,False,1.2107,-0.005616585446436062,0.0,0.06227802097959856,0.04518047410588921,
FIL,2026050818,1.0,2,60702.52070000036,0.0,0,60702.52070000036,100,2,1.0,0.0,2026-05-08 18:00:00+00:00,0.0,0.0,0.0,0.0,long,False,False,1.2039,0.0014951407924246318,0.026746407508929426,0.04892432926322776,0.059390314810200184,
FIL,2026050819,1.0,2,60702.52070000036,0.0,0,60702.52070000036,100,2,1.0,0.0,2026-05-08 19:00:00+00:00,0.0,0.0,0.0,0.0,long,False,False,1.2057,0.004146968565978293,0.06170689226175674,0.04511901799784357,0.048021895994028396,
FIL,2026050820,1.0,2,60702.52070000036,0.0,0,60702.52070000036,100,2,1.0,0.0,2026-05-08 20:00:00+00:00,0.0,0.0,0.0,0.0,long,False,False,1.2107,0.02097959857933418,0.06227802097959856,0.06624266953002378,0.04228958453787057,
FIL,2026050821,1.0,2,60702.52070000036,0.0,0,60702.52070000036,100,2,1.0,0.0,2026-05-08 21:00:00+00:00,0.0,0.0,0.0,0.0,long,False,False,1.2361,0.03559582558045471,0.02160019415904868,0.04991505541622843,,
FIL,2026050822,1.0,2,60702.52070000036,0.0,0,60702.52070000036,100,2,1.0,0.0,2026-05-08 22:00:00+00:00,0.0,0.0,0.0,0.0,long,False,False,1.2801,0.004687133817670608,-0.015623779392235027,-0.009921099914069198,,
FIL,2026050823,1.0,2,60702.52070000036,0.0,0,60702.52070000036,100,2,1.0,0.0,2026-05-08 23:00:00+00:00,0.0,0.0,0.0,0.0,long,False,False,1.2861,-0.018116787186066463,0.003732213669232598,-0.016095171448565426,,
FIL,2026050901,1.0,2,60702.52070000036,0.0,0,60702.52070000036,100,2,1.0,0.0,2026-05-09 01:00:00+00:00,0.0,0.0,0.0,0.0,long,False,False,1.2601,0.024442504563129797,0.005793191016586041,0.0027775573367192496,,
FIL,2026050902,1.0,2,60702.52070000036,0.0,0,60702.52070000036,100,2,1.0,0.0,2026-05-09 02:00:00+00:00,0.0,0.0,0.0,0.0,long,False,False,1.2909,0.005345108064141346,-0.019753660237043835,-0.02246494693624601,,
FIL,2026050903,1.0,2,60702.52070000036,0.0,0,60702.52070000036,100,2,1.0,0.0,2026-05-09 03:00:00+00:00,0.0,0.0,0.0,0.0,long,False,False,1.2978,-0.023424256433965174,-0.01725997842502691,,,
FIL,2026050904,1.0,2,60702.52070000036,0.0,0,60702.52070000036,100,2,1.0,0.0,2026-05-09 04:00:00+00:00,0.0,0.0,0.0,0.0,long,False,False,1.2674,-0.0015780337699227154,-0.0029982641628530926,,,
FIL,2026050905,1.0,2,60702.52070000036,0.0,0,60702.52070000036,100,2,1.0,0.0,2026-05-09 05:00:00+00:00,0.0,0.0,0.0,0.0,long,False,False,1.2654,0.00790263948158687,-0.002765923818555449,,,
PIPPIN,2026050805,1.0,2,33167.3590000019,0.0,0,33167.3590000019,100,2,1.0,0.0,2026-05-08 05:00:00+00:00,,,,,long,False,False,0.02449,0.0036749693752551327,0.004083299305839061,0.0032666394446712044,0.025724785626786373,0.05920783993466716
PIPPIN,2026050806,1.0,2,33167.3590000019,0.0,0,33167.3590000019,100,2,1.0,0.0,2026-05-08 06:00:00+00:00,0.0,0.0,0.0,0.0,long,False,False,0.02458,0.0008136696501219731,-0.006916192026037438,0.0008136696501219731,0.03946297803091947,0.05166802278275018
PIPPIN,2026050807,1.0,2,33167.3590000019,0.0,0,33167.3590000019,100,2,1.0,0.0,2026-05-08 07:00:00+00:00,0.0,0.0,0.0,0.0,long,False,False,0.0246,-0.00040650406504061376,-0.010569105691056957,0.001626016260162455,0.040243902439024426,0.052032520325203224
PIPPIN,2026050808,1.0,2,33167.3590000019,0.0,0,33167.3590000019,100,2,1.0,0.0,2026-05-08 08:00:00+00:00,0.0,0.0,0.0,0.0,long,False,False,0.02459,-0.0073200488003253295,-0.0008133387555916416,0.007726718178121095,0.031720211468076354,0.06140707604717366
PIPPIN,2026050809,1.0,2,33167.3590000019,0.0,0,33167.3590000019,100,2,1.0,0.0,2026-05-08 09:00:00+00:00,0.0,0.0,0.0,0.0,long,False,False,0.02441,-0.0028676771814830637,0.0077836952068823795,0.004916018025399316,0.05120852109791052,
PIPPIN,2026050810,1.0,2,33167.3590000019,0.0,0,33167.3590000019,100,2,1.0,0.0,2026-05-08 10:00:00+00:00,0.0,0.0,0.0,0.0,long,False,False,0.02434,0.009449465899753484,0.01232539030402613,0.02095316351684473,0.05792933442892356,
PIPPIN,2026050811,1.0,2,33167.3590000019,0.0,0,33167.3590000019,100,2,1.0,0.0,2026-05-08 11:00:00+00:00,0.0,0.0,0.0,0.0,long,False,False,0.02457,0.0012210012210012167,0.008547008547008517,0.02238502238502238,0.03540903540903528,
PIPPIN,2026050812,1.0,2,33167.3590000019,0.0,0,33167.3590000019,100,2,1.0,0.0,2026-05-08 12:00:00+00:00,0.0,0.0,0.0,0.0,long,False,False,0.0246,0.001626016260162455,-0.0028455284552846294,0.03861788617886175,0.04268292682926833,
PIPPIN,2026050813,1.0,2,33167.3590000019,0.0,0,33167.3590000019,100,2,1.0,0.0,2026-05-08 13:00:00+00:00,0.0,0.0,0.0,0.0,long,False,False,0.02464,0.005681818181818121,0.008522727272727293,0.03855519480519498,0.044642857142857206,
PIPPIN,2026050814,1.0,2,33167.3590000019,0.0,0,33167.3590000019,100,2,1.0,0.0,2026-05-08 14:00:00+00:00,0.0,0.0,0.0,0.0,long,False,False,0.02478,-0.010088781275221947,0.013720742534301777,0.023809523809523725,0.03147699757869238,
PIPPIN,2026050815,1.0,2,33167.3590000019,0.0,0,33167.3590000019,100,2,1.0,0.0,2026-05-08 15:00:00+00:00,0.0,0.0,0.0,0.0,long,False,False,0.02453,0.013045250713412226,0.04158173664900122,0.04606604158173666,0.043212392988177806,
PIPPIN,2026050816,1.0,2,33167.3590000019,0.0,0,33167.3590000019,100,2,1.0,0.0,2026-05-08 16:00:00+00:00,0.0,0.0,0.0,0.0,long,False,False,0.02485,0.010865191146881337,0.02977867203219331,0.03621730382293764,0.03501006036217302,
PIPPIN,2026050817,1.0,2,33167.3590000019,0.0,0,33167.3590000019,100,2,1.0,0.0,2026-05-08 17:00:00+00:00,0.0,0.0,0.0,0.0,long,False,False,0.02512,0.017117834394904552,0.009952229299363013,0.01273885350318471,0.03264331210191096,
PIPPIN,2026050818,1.0,2,33167.3590000019,0.0,0,33167.3590000019,100,2,1.0,0.0,2026-05-08 18:00:00+00:00,0.0,0.0,0.0,0.0,long,False,False,0.02555,0.0015655577299413803,0.004305283757338518,0.003913894324853118,0.011741682974559797,
PIPPIN,2026050819,1.0,2,33167.3590000019,0.0,0,33167.3590000019,100,2,1.0,0.0,2026-05-08 19:00:00+00:00,0.0,0.0,0.0,0.0,long,False,False,0.02559,-0.00859710824540838,0.006252442360296762,0.0058616647127782695,0.011332551778038269,
PIPPIN,2026050820,1.0,2,33167.3590000019,0.0,0,33167.3590000019,100,2,1.0,0.0,2026-05-08 20:00:00+00:00,0.0,0.0,0.0,0.0,long,False,False,0.02537,0.011430823807646817,0.0027591643673630095,0.007489160425699692,0.028774142688214432,
PIPPIN,2026050821,1.0,2,33167.3590000019,0.0,0,33167.3590000019,100,2,1.0,0.0,2026-05-08 21:00:00+00:00,0.0,0.0,0.0,0.0,long,False,False,0.02566,0.0035074045206546778,-0.000389711613406063,-0.002727981293842441,,
PIPPIN,2026050822,1.0,2,33167.3590000019,0.0,0,33167.3590000019,100,2,1.0,0.0,2026-05-08 22:00:00+00:00,0.0,0.0,0.0,0.0,long,False,False,0.02575,-0.01203883495145619,-0.0003883495145631244,-0.0011650485436892621,,
PIPPIN,2026050823,1.0,2,33167.3590000019,0.0,0,33167.3590000019,100,2,1.0,0.0,2026-05-08 23:00:00+00:00,0.0,0.0,0.0,0.0,long,False,False,0.02544,0.008254716981132004,0.004716981132075526,0.019654088050314433,,
PIPPIN,2026050901,1.0,2,33167.3590000019,0.0,0,33167.3590000019,100,2,1.0,0.0,2026-05-09 01:00:00+00:00,0.0,0.0,0.0,0.0,long,False,False,0.02574,-0.006993006993006978,-0.0007770007770007137,0.00543900543900544,,
PIPPIN,2026050902,1.0,2,33167.3590000019,0.0,0,33167.3590000019,100,2,1.0,0.0,2026-05-09 02:00:00+00:00,0.0,0.0,0.0,0.0,long,False,False,0.02556,0.001173708920187977,0.014866979655712154,0.021126760563380476,,
PIPPIN,2026050903,1.0,2,33167.3590000019,0.0,0,33167.3590000019,100,2,1.0,0.0,2026-05-09 03:00:00+00:00,0.0,0.0,0.0,0.0,long,False,False,0.02559,0.005080109417741285,0.01016021883548257,,,
PIPPIN,2026050904,1.0,2,33167.3590000019,0.0,0,33167.3590000019,100,2,1.0,0.0,2026-05-09 04:00:00+00:00,0.0,0.0,0.0,0.0,long,False,False,0.02572,0.008553654743390426,0.0062208398133747345,,,
PIPPIN,2026050905,1.0,2,33167.3590000019,0.0,0,33167.3590000019,100,2,1.0,0.0,2026-05-09 05:00:00+00:00,0.0,0.0,0.0,0.0,long,False,False,0.02594,-0.003469545104086369,0.006168080185042335,,,
BASED,2026050805,1.0,2,54394.56420000056,0.0,0,54394.56420000056,100,2,1.0,0.0,2026-05-08 05:00:00+00:00,,,,,long,False,False,,,,,,
BASED,2026050806,1.0,2,54394.56420000056,0.0,0,54394.56420000056,100,2,1.0,0.0,2026-05-08 06:00:00+00:00,0.0,0.0,0.0,0.0,long,False,False,,,,,,
BASED,2026050807,1.0,2,54394.56420000056,0.0,0,54394.56420000056,100,2,1.0,0.0,2026-05-08 07:00:00+00:00,0.0,0.0,0.0,0.0,long,False,False,,,,,,
BASED,2026050808,1.0,2,54394.56420000056,0.0,0,54394.56420000056,100,2,1.0,0.0,2026-05-08 08:00:00+00:00,0.0,0.0,0.0,0.0,long,False,False,,,,,,
BASED,2026050809,1.0,2,54394.56420000056,0.0,0,54394.56420000056,100,2,1.0,0.0,2026-05-08 09:00:00+00:00,0.0,0.0,0.0,0.0,long,False,False,,,,,,
BASED,2026050810,1.0,1,48467.68920000056,0.0,0,48467.68920000056,100,1,1.0,0.0,2026-05-08 10:00:00+00:00,-1.0,-5926.875,-5926.875,0.0,long,False,True,,,,,,
BASED,2026050811,1.0,1,48467.68920000056,0.0,0,48467.68920000056,100,1,1.0,0.0,2026-05-08 11:00:00+00:00,0.0,0.0,0.0,0.0,long,False,False,,,,,,
BASED,2026050812,1.0,1,48467.68920000056,0.0,0,48467.68920000056,100,1,1.0,0.0,2026-05-08 12:00:00+00:00,0.0,0.0,0.0,0.0,long,False,False,,,,,,
BASED,2026050813,1.0,1,48467.68920000056,0.0,0,48467.68920000056,100,1,1.0,0.0,2026-05-08 13:00:00+00:00,0.0,0.0,0.0,0.0,long,False,False,,,,,,
BASED,2026050814,1.0,1,48467.68920000056,0.0,0,48467.68920000056,100,1,1.0,0.0,2026-05-08 14:00:00+00:00,0.0,0.0,0.0,0.0,long,False,False,,,,,,
BASED,2026050815,1.0,2,54285.96820000057,0.0,0,54285.96820000057,100,2,1.0,0.0,2026-05-08 15:00:00+00:00,1.0,5818.27900000001,5818.27900000001,0.0,long,True,False,,,,,,
BASED,2026050816,1.0,1,48467.68920000056,0.0,0,48467.68920000056,100,1,1.0,0.0,2026-05-08 16:00:00+00:00,-1.0,-5818.27900000001,-5818.27900000001,0.0,long,False,True,,,,,,
BASED,2026050817,1.0,2,54231.84930000065,0.0,0,54231.84930000065,100,2,1.0,0.0,2026-05-08 17:00:00+00:00,1.0,5764.160100000088,5764.160100000088,0.0,long,True,False,,,,,,
BASED,2026050818,1.0,2,54231.84930000065,0.0,0,54231.84930000065,100,2,1.0,0.0,2026-05-08 18:00:00+00:00,0.0,0.0,0.0,0.0,long,False,False,,,,,,
BASED,2026050819,1.0,2,54231.84930000065,0.0,0,54231.84930000065,100,2,1.0,0.0,2026-05-08 19:00:00+00:00,0.0,0.0,0.0,0.0,long,False,False,,,,,,
BASED,2026050820,1.0,2,54231.84930000065,0.0,0,54231.84930000065,100,2,1.0,0.0,2026-05-08 20:00:00+00:00,0.0,0.0,0.0,0.0,long,False,False,,,,,,
BASED,2026050821,1.0,2,54231.84930000065,0.0,0,54231.84930000065,100,2,1.0,0.0,2026-05-08 21:00:00+00:00,0.0,0.0,0.0,0.0,long,False,False,,,,,,
BASED,2026050822,1.0,2,54231.84930000065,0.0,0,54231.84930000065,100,2,1.0,0.0,2026-05-08 22:00:00+00:00,0.0,0.0,0.0,0.0,long,False,False,,,,,,
BASED,2026050823,1.0,2,54231.84930000065,0.0,0,54231.84930000065,100,2,1.0,0.0,2026-05-08 23:00:00+00:00,0.0,0.0,0.0,0.0,long,False,False,,,,,,
BASED,2026050901,1.0,2,54231.84930000065,0.0,0,54231.84930000065,100,2,1.0,0.0,2026-05-09 01:00:00+00:00,0.0,0.0,0.0,0.0,long,False,False,,,,,,
BASED,2026050902,1.0,2,54231.84930000065,0.0,0,54231.84930000065,100,2,1.0,0.0,2026-05-09 02:00:00+00:00,0.0,0.0,0.0,0.0,long,False,False,,,,,,
BASED,2026050903,1.0,2,54231.84930000065,0.0,0,54231.84930000065,100,2,1.0,0.0,2026-05-09 03:00:00+00:00,0.0,0.0,0.0,0.0,long,False,False,,,,,,
BASED,2026050904,1.0,2,54231.84930000065,0.0,0,54231.84930000065,100,2,1.0,0.0,2026-05-09 04:00:00+00:00,0.0,0.0,0.0,0.0,long,False,False,,,,,,
BASED,2026050905,1.0,2,54231.84930000065,0.0,0,54231.84930000065,100,2,1.0,0.0,2026-05-09 05:00:00+00:00,0.0,0.0,0.0,0.0,long,False,False,,,,,,
