ccy,dataVersion,longRatio,longTraders,netNotionalUsdt,shortRatio,shortTraders,totalNotionalUsdt,tradersQualified,tradersWithPosition,weightedLongRatio,weightedShortRatio,ts,d_traders_with_position,d_total_notional_usdt,d_net_notional_usdt,d_weighted_long_ratio,smartmoney_direction,long_diffusion_event,long_exit_event,short_diffusion_event,short_exit_event,close,fwd_ret_1h,fwd_ret_3h,fwd_ret_6h,fwd_ret_12h,fwd_ret_24h
ETH,2026050605,0.5116279069,22,16343912.799295256,0.5581395349,24,44663848.27085891,100,43,0.6829657926,0.3170342074,2026-05-06 05:00:00+00:00,,,,,long,False,False,False,False,2364.28,0.002250156495846367,0.01235048302231534,0.019244759503950437,-0.006382492767354142,-0.014414536349332763
ETH,2026050606,0.5348837209,23,16744707.823033016,0.5581395349,24,44264473.790096566,100,43,0.6891438707,0.3108561293,2026-05-06 06:00:00+00:00,0.0,-399374.4807623476,400795.02373776026,0.0061780781000000395,long,False,True,False,False,2369.6,0.00029540850776510474,0.01784267386900762,0.01447079675894658,-0.010757089804186215,-0.014078325455773144
ETH,2026050607,0.5952380952,25,17846139.284762267,0.5238095238,22,44281281.5376839,100,42,0.7015088392,0.2984911608,2026-05-06 07:00:00+00:00,-1.0,16807.74758733064,1101431.4617292508,0.012364968499999907,long,True,True,False,False,2370.3,0.009779352824536902,0.01633970383495753,-0.0011390963169219948,-0.009386997426486077,-0.011361431042484216
ETH,2026050608,0.6279069767,27,21672336.73031537,0.4651162791,20,43213136.305237,100,43,0.7507609789,0.2492390211,2026-05-06 08:00:00+00:00,1.0,-1068145.232446894,3826197.4455531016,0.049252139700000086,long,True,True,False,False,2393.48,0.007687551180707519,0.006810167622040009,-0.014572923107776137,-0.01809081337633911,-0.025360562862442926
ETH,2026050609,0.6,27,20814786.505975887,0.4888888889,22,44824309.438065514,100,45,0.7321818982,0.2678181018,2026-05-06 09:00:00+00:00,2.0,1611173.1328285113,-857550.2243394814,-0.018579080700000028,long,True,False,False,False,2411.88,-0.0011816508283993832,-0.003312768462776061,-0.022376735160953398,-0.024155430618438833,-0.034819311076836335
ETH,2026050610,0.5909090909,26,16487469.699186144,0.5,22,50233813.749555774,100,44,0.6641072861,0.3358927139,2026-05-06 10:00:00+00:00,-1.0,5409504.31149026,-4327316.806789743,-0.06807461209999999,long,True,True,False,False,2409.03,0.00031132862604454914,-0.01719779330269866,-0.021572998260710796,-0.026006317895584607,-0.03446615442730072
ETH,2026050611,0.5957446808,28,17174939.149522133,0.4893617021,23,52045992.51433877,100,47,0.6649977099,0.3350022901,2026-05-06 11:00:00+00:00,3.0,1812178.764782995,687469.4503359888,0.0008904237999999287,long,True,False,False,False,2409.78,-0.0024442065250771527,-0.021238453302791283,-0.025143374083941294,-0.024744997468648666,-0.03336404153076222
ETH,2026050612,0.5238095238,22,14433289.709756128,0.5476190476,23,49518453.29737276,100,42,0.6457364754,0.3542635246,2026-05-06 12:00:00+00:00,-5.0,-2527539.2169660106,-2741649.4397660047,-0.019261234499999946,long,False,True,False,False,2403.89,-0.015096364642308902,-0.01912733111748044,-0.024868026407198207,-0.03149478553511187,-0.0299680933819767
ETH,2026050613,0.5111111111,23,14253118.318092028,0.5555555556,25,49974529.218948655,100,45,0.6426038277,0.3573961723,2026-05-06 13:00:00+00:00,3.0,456075.92157589644,-180171.3916641008,-0.003132647699999991,long,True,False,False,False,2367.6,-0.0038013177901672357,-0.0044517655009291834,-0.00825730697752991,-0.017481838148335815,-0.022833248859604693
ETH,2026050614,0.5869565217,27,17947361.54282257,0.5,23,50711110.418399535,100,46,0.6769568975,0.3230431025,2026-05-06 14:00:00+00:00,1.0,736581.1994508803,3694243.224730542,0.03435306979999997,long,True,False,False,False,2358.6,-0.0002925464258458632,-0.00398965488001346,-0.003569914355973869,-0.01586958365131852,-0.025587212753328203
ETH,2026050615,0.6041666666,29,18187815.494126737,0.4791666667,23,50702115.25154369,100,48,0.6793595336,0.3206404664,2026-05-06 15:00:00+00:00,2.0,-8995.166855841875,240453.9513041675,0.002402636100000022,long,True,True,False,False,2357.91,-0.00036048873790772706,-0.005852640686031196,-0.0018194078654401036,-0.01553070303785975,-0.02716812770631616
ETH,2026050616,0.5333333333,24,17810450.88830977,0.5111111111,23,50471902.825726725,100,45,0.6764392651,0.3235607349,2026-05-06 16:00:00+00:00,-3.0,-230212.42581696808,-377364.6058169678,-0.002920268500000045,long,False,True,False,False,2357.06,-0.003338905246366153,-0.0038225586111511056,-0.0045310683648273065,-0.012965304234936692,-0.028064622877652656
ETH,2026050617,0.4666666666,21,14204542.490245653,0.6,27,50866469.19548262,100,45,0.6396257958,0.3603742042,2026-05-06 17:00:00+00:00,0.0,394566.36975589395,-3605908.398064116,-0.03681346929999996,long,True,False,False,False,2349.19,-0.0021624474818979778,0.0004214218517870627,0.00040865149264224243,-0.008083637338827554,-0.0213350133450253
ETH,2026050618,0.3777777777,17,-634368.096139305,0.6666666667,30,44864682.86648153,100,45,0.4929302063,0.5070697937,2026-05-06 18:00:00+00:00,0.0,-6001786.329001091,-14838910.586384958,-0.1466955895,short,False,False,False,False,2344.11,0.0016808084944819335,0.004056976848356042,-0.00679575617185213,-0.003357350977556628,-0.020732815439548413
ETH,2026050619,0.3260869565,15,-6706175.965346732,0.7173913043,33,39969103.1158541,100,46,0.4161080003,0.5838919997,2026-05-06 19:00:00+00:00,1.0,-4895579.750627428,-6071807.869207427,-0.076822206,short,False,False,False,False,2348.05,0.0009071357083536569,-0.0007112284661741075,-0.009301335150444068,-0.0019931432465238874,-0.02238027299248324
ETH,2026050620,0.2954545454,13,-9782732.893096833,0.75,33,42633126.48557297,100,44,0.3852684086,0.6147315914,2026-05-06 20:00:00+00:00,-2.0,2664023.369718872,-3076556.9277501004,-0.030839591700000002,short,False,False,True,True,2350.18,0.0014637176726888246,-1.276497970359447e-05,-0.012343735373460674,-0.00740368822813553,-0.026185228365486868
ETH,2026050621,0.3111111111,14,-8256597.568137086,0.7333333333,33,40978527.194478,100,45,0.3992570239,0.6007429761,2026-05-06 21:00:00+00:00,1.0,-1654599.2910949737,1526135.3249597466,0.013988615300000007,short,False,False,True,True,2353.62,-0.003076112541531728,-0.010808881637647594,-0.013736287081177023,-0.010927847316049233,-0.028207612103907986
ETH,2026050622,0.488372093,21,547064.8349253035,0.6046511628,26,39587081.95599719,100,43,0.5069096382,0.4930903618,2026-05-06 22:00:00+00:00,-2.0,-1391445.2384808064,8803662.40306239,0.1076526143,long,False,False,False,False,2346.38,0.0016067303676301492,-0.008596220561034484,-0.008472625917370635,-0.008685720130584218,-0.025520162974454363
ETH,2026050623,0.5348837209,23,9782927.431588797,0.5348837209,23,39005483.330569215,100,43,0.6254045149,0.3745954851,2026-05-06 23:00:00+00:00,0.0,-581598.6254279763,9235862.596663494,0.11849487670000003,long,False,True,False,False,2350.15,-0.009348339467693645,-0.01233112780035317,-0.008488819862562114,-0.008837733761674738,-0.025334553113630975
ETH,2026050701,0.5897435897,23,8917672.065017631,0.5128205128,20,31443871.176861312,100,39,0.6418030244,0.3581969756,2026-05-07 01:00:00+00:00,-4.0,-7561612.153707903,-865255.3665711656,0.01639850949999999,long,False,True,False,False,2326.21,-0.0021666143641373425,0.00012466630269836187,0.007376806049324891,-0.0054466277765120585,-0.01783158012389252
ETH,2026050702,0.6097560975,25,11325852.995439524,0.512195122,21,33962730.109363206,100,41,0.666739437,0.333260563,2026-05-07 02:00:00+00:00,2.0,2518858.9325018935,2408180.9304218926,0.024936412600000013,long,True,False,False,False,2321.17,5.169806606142302e-05,0.0038902794711286326,0.005001787891451448,-0.009874330617748783,-0.01858545474911355
ETH,2026050703,0.6,27,11720599.193213927,0.4888888889,22,34258247.18156702,100,45,0.6710624471,0.3289375529,2026-05-07 03:00:00+00:00,4.0,295517.072203815,394746.1977744028,0.004323010099999913,long,True,False,False,False,2321.29,0.002244441668210362,0.006440384441409597,0.002847554592489532,-0.01182101331587182,-0.01864911320860385
ETH,2026050704,0.5909090909,26,11861182.593669767,0.5,22,34408224.88202286,100,44,0.6723596993,0.3276403007,2026-05-07 04:00:00+00:00,-1.0,149977.70045583695,140583.40045583993,0.0012972521999999875,long,True,True,False,False,2326.5,0.0015903718031375913,0.00725123576187392,-0.00021491510853210993,-0.01529765742531708,-0.01970341715022572
ETH,2026050705,0.5909090909,26,11661349.856024256,0.4772727273,21,33841093.08311385,100,44,0.6722957031,0.3277042969,2026-05-07 05:00:00+00:00,0.0,-567131.7989090085,-199832.73764551058,-6.399619999997164e-05,long,False,True,False,False,2330.2,0.0025920521843618705,0.0011072010986183933,-0.00035190112436689347,-0.013359368294566853,-0.02359024976396873
ETH,2026050706,0.5909090909,26,11658709.895536683,0.4772727273,21,33843166.06262628,100,44,0.6722461467,0.3277538533,2026-05-07 06:00:00+00:00,0.0,2072.9795124307275,-2639.9604875724763,-4.9556399999928225e-05,long,True,False,False,False,2336.24,0.0030519124747458992,-0.0035698387152003352,-0.0018790877649556004,-0.017433996507208005,-0.02646560284902233
ETH,2026050707,0.6046511627,26,11179145.515321683,0.4651162791,20,33330636.06241128,100,43,0.6677007527,0.3322992473,2026-05-07 07:00:00+00:00,-1.0,-512530.0002150014,-479564.38021500036,-0.004545394000000091,long,False,True,False,False,2343.37,-0.004519132702048623,-0.007412401797411428,-0.01272953054788617,-0.02042784536799558,-0.02692276507764446
ETH,2026050708,0.6222222222,28,14731158.99914898,0.4666666667,21,36968248.79379857,100,45,0.6992406927,0.3007593073,2026-05-07 08:00:00+00:00,2.0,3637612.731387295,3552013.4838272966,0.031539940000000044,long,True,False,False,False,2332.78,-0.002091924656418609,-0.001457488490127723,-0.014802081636502429,-0.01892162998653979,-0.02165227754010246
ETH,2026050709,0.7045454545,31,17937254.034071114,0.4090909091,18,39946776.98368071,100,44,0.7245144087,0.2754855913,2026-05-07 09:00:00+00:00,-1.0,2978528.189882137,3206095.034922134,0.025273715999999946,long,True,True,False,False,2327.9,-0.0008161862622965144,0.0016968082821426922,-0.014626916963787151,-0.017470681730314852,-0.019184672881137677
ETH,2026050710,0.7021276595,33,26221046.8252778,0.3829787234,18,41157812.54042608,100,47,0.8185427651,0.1814572349,2026-05-07 10:00:00+00:00,3.0,1211035.5567453727,8283792.791206688,0.09402835640000007,long,True,False,False,False,2326.0,0.0014531384350817689,-0.005356835769561474,-0.015085984522785978,-0.01698194325021496,-0.01680997420464314
ETH,2026050711,0.7391304347,34,28587264.348423485,0.347826087,16,43697153.8281022,100,46,0.8271067088,0.1728932912,2026-05-07 11:00:00+00:00,-1.0,2539341.2876761183,2366217.523145683,0.00856394370000002,long,True,True,False,False,2329.38,0.0010603679949170441,-0.01336407112622251,-0.01301204612386131,-0.01664391383114816,-0.01497394156384968
ETH,2026050712,0.744680851,35,28820263.43583847,0.3191489362,15,43551752.91551718,100,47,0.8308737479,0.1691262521,2026-05-07 12:00:00+00:00,1.0,-145400.91258502007,232999.08741498366,0.0037670390999999803,long,True,True,False,False,2331.85,-0.007852134571263103,-0.016296073932714372,-0.015584192808285158,-0.01939232797993007,-0.020627398846409517
ETH,2026050713,0.75,36,28184128.046616945,0.3125,15,44310749.526295654,100,48,0.8180281122,0.1819718878,2026-05-07 13:00:00+00:00,1.0,758996.6107784733,-636135.389221523,-0.012845635699999969,long,True,False,False,False,2313.54,-0.006608919664237489,-0.009781546893505189,-0.007797574280107522,-0.012452777993896769,-0.016476914166169587
ETH,2026050714,0.75,36,28214050.254203472,0.3125,15,44357551.285182185,100,48,0.8180298442,0.1819701558,2026-05-07 14:00:00+00:00,0.0,46801.758886530995,29922.20758652687,1.73199999997653e-06,long,True,False,False,False,2298.25,-0.0019145001631676317,0.0003567932122268136,-0.004181442401827495,-0.008797998477102054,-0.005800065267051013
ETH,2026050715,0.7021276595,33,619587.6857474482,0.3617021277,17,41024424.41974616,100,47,0.5075514488,0.4924485512,2026-05-07 15:00:00+00:00,-1.0,-3333126.865436025,-27594462.568456024,-0.3104783954,long,False,False,False,False,2293.85,-0.0012816879918041701,0.0007236741722433937,-0.002885977723041999,-0.006909780500032658,-0.005366523530309308
ETH,2026050716,0.6956521739,32,-338730.9657941407,0.3913043478,18,41785759.42428458,100,46,0.4959468133,0.5040531867,2026-05-07 16:00:00+00:00,-1.0,761335.0045384169,-958318.651541589,-0.011604635500000016,short,False,False,False,False,2290.91,0.0035619033484510787,0.0020035706335037595,-0.0019249992361113355,-0.00447420457372838,-0.000707142576530706
ETH,2026050717,0.7021276595,33,256525.6345998032,0.3829787234,18,41539907.667806886,100,47,0.503087701,0.496912299,2026-05-07 17:00:00+00:00,1.0,-245851.75647769123,595256.600393944,0.007140887699999987,long,False,False,False,False,2299.07,-0.0015484522002374712,-0.004536616979909369,-0.003679748767980162,-0.010369410239792654,0.002266133697538475
ETH,2026050718,0.7021276595,33,243774.615274238,0.3829787234,18,41527156.64848132,100,47,0.5029351228,0.4970648772,2026-05-07 18:00:00+00:00,0.0,-12751.019325569272,-12751.019325565198,-0.00015257820000003086,long,False,False,False,False,2295.51,-4.356330401633635e-06,-0.003607041572461056,-0.003868421396552413,-0.0091918571472136,0.00924413311203165
ETH,2026050719,0.6956521739,32,183089.53140624455,0.3913043478,18,41466471.56461333,100,46,0.5022076815,0.4977923185,2026-05-07 19:00:00+00:00,-1.0,-60685.08386798948,-60685.08386799344,-0.0007274413000000202,long,False,False,False,False,2295.5,-0.002988455674145074,-0.0039207144412981565,-0.0046917882814201395,-0.006630363755173119,0.008669135264648187
ETH,2026050720,0.6739130434,31,828202.8232962446,0.4130434783,19,42158144.85650333,100,46,0.5098225719,0.4901774281,2026-05-07 20:00:00+00:00,0.0,691673.2918900028,645113.29189,0.007614890400000074,long,False,False,False,False,2288.64,-0.0006160864093959217,0.0008607732102909882,-0.004635940995525556,-0.0027833123601789245,0.007681417785234901
ETH,2026050721,0.6739130434,31,733592.7769129173,0.4130434783,19,42252428.85852,100,46,0.5086810722,0.4913189278,2026-05-07 21:00:00+00:00,0.0,94284.002016671,-94610.04638332734,-0.0011414996999999927,long,False,False,False,False,2287.23,-0.00031916335480031144,-0.00026232604504139445,-0.004035448992886548,-0.0017444681995253397,0.009496202830497902
ETH,2026050722,0.7272727272,32,3910605.6079198527,0.3409090909,15,41008329.18528694,100,44,0.5476806259,0.4523193741,2026-05-07 22:00:00+00:00,-2.0,-1244099.673233062,3177012.8310069353,0.03899955369999997,long,False,False,False,False,2286.5,0.0017975071069320503,-0.0007741089000655732,-0.0025541220205554938,0.00017493986442174148,0.01028209053137985
ETH,2026050723,0.7391304347,34,4793821.186517528,0.3043478261,14,42026221.76388461,100,46,0.5570336921,0.4429663079,2026-05-07 23:00:00+00:00,2.0,1017892.5785976723,883215.5785976755,0.009353066199999982,long,False,False,False,False,2290.61,-0.0017375284312912687,-0.00549198685066421,-0.006714368661622894,0.0016982375873675348,0.006867166387992674
ETH,2026050801,0.7083333333,34,1628021.2418286763,0.3541666667,17,42025589.61487576,100,48,0.5193694039,0.4806305961,2026-05-08 01:00:00+00:00,2.0,-632.1490088477731,-3165799.944688852,-0.03766428820000001,long,False,False,False,False,2284.73,-0.002932512813330179,-0.0017813921119782528,-0.0019477137342267525,-0.004074879745090243,0.010421362699312375
ETH,2026050802,0.75,36,37703460.77604123,0.3125,15,53349291.97290832,100,48,0.8533642095,0.1466357905,2026-05-08 02:00:00+00:00,0.0,11323702.358032554,36075439.53421256,0.33399480560000006,long,True,False,False,False,2278.03,-1.3169273451296704e-05,-0.0012291321887771822,0.0018612573144338729,0.0030245431359552377,0.017084937424002078
ETH,2026050803,0.7551020408,37,39866165.83331706,0.306122449,15,55834150.83018415,100,49,0.8570052131,0.1429947869,2026-05-08 03:00:00+00:00,1.0,2484858.8572758287,2162705.0572758242,0.00364100359999997,long,True,False,False,False,2278.0,0.0011676909569797722,-0.001575943810360081,0.002300263388937518,0.0015539947322211756,0.015333625987708377
ETH,2026050804,0.7659574468,36,37948840.299192674,0.2978723404,14,53798016.58565976,100,47,0.852697392,0.147302608,2026-05-08 04:00:00+00:00,-2.0,-2036134.2445243895,-1917325.5341243818,-0.004307821099999942,long,False,True,False,False,2280.66,-0.002380889742442882,-0.00016661843501430962,0.0027360500907633867,0.0037839923530909036,0.015600747152140215
ETH,2026050805,0.7608695652,35,38421053.80515944,0.3043478261,14,53153672.45606653,100,46,0.8614148564,0.1385851436,2026-05-08 05:00:00+00:00,-1.0,-644344.1295932308,472213.50596676767,0.008717464399999986,long,False,True,False,False,2275.23,-0.0003604031240798111,0.0030941926750263082,0.00846947341587434,0.012767939944533069,0.017378462836724173
ETH,2026050806,0.7826086956,36,40307590.20630668,0.2826086957,13,52249275.57467376,100,46,0.8857239144,0.1142760856,2026-05-08 06:00:00+00:00,0.0,-904396.8813927695,1886536.401147239,0.02430905799999994,long,False,True,False,False,2274.41,0.0025808891097032216,0.003882325526180397,0.004106559503343821,0.018607023359904495,0.017828799556808272
ETH,2026050807,0.7872340425,37,42609022.78849515,0.2340425532,11,54046496.75686223,100,47,0.8941885722,0.1058114278,2026-05-08 07:00:00+00:00,1.0,1797221.1821884736,2301432.582188472,0.008464657800000053,long,True,False,False,False,2280.28,0.0008726998438788325,0.002903152244461138,-0.0021313172066589336,0.015401617345238261,0.014892907888504725
ETH,2026050808,0.7959183673,39,46428778.08453326,0.2448979592,12,57957852.05290034,100,49,0.9005391542,0.0994608458,2026-05-08 08:00:00+00:00,2.0,3911355.296038106,3819755.296038106,0.006350581999999938,long,True,False,False,False,2282.27,0.00042501544514883527,0.0053586998908981,0.001161124669736724,0.01049393805290344,0.0155985049972176
ETH,2026050809,0.8076923076,42,47902693.41141325,0.2115384615,11,59340167.37978034,100,52,0.9036278925,0.0963721075,2026-05-08 09:00:00+00:00,3.0,1382315.3268800005,1473915.326879993,0.0030887383000000046,long,True,False,False,False,2283.24,0.0016029852315131432,0.00022336679455525754,-0.0007445559818503034,0.011260314290219231,
ETH,2026050810,0.8039215686,41,50119742.93190942,0.2352941176,12,61785390.10027649,100,51,0.9055954235,0.0944045765,2026-05-08 10:00:00+00:00,-1.0,2445222.7204961553,2217049.5204961672,0.0019675310000000223,long,True,True,False,False,2286.9,0.003323276050548829,-0.005019895928986884,0.001045082863264657,0.010105382832655607,
ETH,2026050811,0.8113207547,43,54001458.65050754,0.2452830189,13,65894595.21887462,100,53,0.9097563576,0.0902436424,2026-05-08 11:00:00+00:00,2.0,4109205.118598126,3881715.71859812,0.004160934099999958,long,True,False,False,False,2294.5,-0.004685116583133531,-0.004175201568969222,0.004262366528655637,0.005160165613423473,
ETH,2026050812,0.8,40,54683951.87803249,0.26,13,66622685.04639957,100,50,0.9104003901,0.0895996099,2026-05-08 12:00:00+00:00,-3.0,728089.8275249526,682493.2275249511,0.0006440325000000025,long,True,True,False,False,2283.75,-0.0036475095785439837,-0.0009677066228790387,0.014441160372194783,0.010627257799671552,
ETH,2026050813,0.8,40,54644155.89235901,0.26,13,66582889.0607261,100,50,0.9103468373,0.0896531627,2026-05-08 13:00:00+00:00,0.0,-39795.985673472285,-39795.985673479736,-5.3552799999967426e-05,long,False,True,False,False,2275.42,0.0041750533967355175,0.006095577959233767,0.017570382610682778,0.01455555457893487,
ETH,2026050814,0.7959183673,39,54186055.924289055,0.2653061224,13,66124789.09265614,100,49,0.9097257372,0.0902742628,2026-05-08 14:00:00+00:00,-1.0,-458099.9680699557,-458099.9680699557,-0.0006211000999999383,long,False,True,False,False,2284.92,-0.0014792640442554683,0.008472944348161038,0.009321989391313457,0.01401799625369815,
ETH,2026050815,0.7959183673,39,55257517.31102018,0.2448979592,12,66968119.47938726,100,49,0.9125658428,0.0874341572,2026-05-08 15:00:00+00:00,0.0,843330.386731118,1071461.3867311254,0.0028401055999999203,long,True,False,False,False,2281.54,0.0033968284579712904,0.015423792701420913,0.012013815230063951,0.013758251005899558,
ETH,2026050816,0.7916666666,38,55048843.47750859,0.2708333333,13,67440890.01337568,100,48,0.9081266088,0.0918733912,2026-05-08 16:00:00+00:00,-1.0,472770.53398842365,-208673.83351159096,-0.004439234000000014,long,True,True,False,False,2289.29,0.006547881657631871,0.011405282860625032,0.009050841090469275,0.011772208850779009,
ETH,2026050817,0.8260869565,38,55261383.527487285,0.2391304348,11,67024820.08915438,100,46,0.9122456684,0.0877543316,2026-05-08 17:00:00+00:00,-2.0,-416069.92422130704,212540.0499786958,0.00411905960000003,long,False,True,False,False,2304.28,0.005402989220059995,0.0008419115732460902,0.0008939885777770051,0.004552398146058456,
ETH,2026050818,0.8260869565,38,49954875.44551258,0.2391304348,11,61967247.21159174,100,46,0.9030748314,0.0969251686,2026-05-08 18:00:00+00:00,0.0,-5057572.877562635,-5306508.081974708,-0.009170836999999987,long,False,True,False,False,2316.73,-0.0005740850250136598,-0.003358181574892316,-0.0037596094495258026,-0.0007640078904317393,
ETH,2026050819,0.78,39,49975912.700902686,0.28,14,62402278.48878186,100,50,0.9004333969,0.0995666031,2026-05-08 19:00:00+00:00,4.0,435031.277190119,21037.25539010763,-0.002641434499999984,long,True,False,False,False,2315.4,-0.003964757709251199,-0.0023278915090264585,-0.002962771011488341,-0.0005009933488815399,
ETH,2026050820,0.7959183673,39,49930054.06594591,0.2653061224,13,62445150.05382509,100,49,0.899791289,0.100208711,2026-05-08 20:00:00+00:00,-1.0,42871.565043225884,-45858.634956777096,-0.0006421078999999663,long,True,True,False,False,2306.22,0.0011837552358404668,5.2033197180056945e-05,0.004652635047827092,0.005051556226205678,
ETH,2026050821,0.7826086956,36,48744552.938273735,0.2826086957,13,63588621.999345005,100,46,0.8832804628,0.1167195372,2026-05-08 21:00:00+00:00,-3.0,1143471.9455199167,-1185501.127672173,-0.016510826199999995,long,True,True,False,False,2308.95,0.0004590831330260059,-0.00040278048463582294,0.0017237272353234356,,
ETH,2026050822,0.804347826,37,49911139.300364725,0.2391304348,11,63793565.203236,100,46,0.8911925845,0.1088074155,2026-05-08 22:00:00+00:00,0.0,204943.2038909942,1166586.36209099,0.007912121699999997,long,True,False,False,False,2310.01,-0.0015887377110921364,-0.0006363608815547206,0.0026969580218265676,,
ETH,2026050823,0.78,39,47418524.03994581,0.28,14,67609657.38782328,100,50,0.8506786298,0.1493213702,2026-05-08 23:00:00+00:00,4.0,3816092.184587285,-2492615.2604189143,-0.04051395470000008,long,True,False,False,False,2306.34,0.0007284268581388975,0.004600362479079356,0.003655141913160964,,
ETH,2026050901,0.82,41,52247881.04733909,0.24,12,66875187.10451656,100,50,0.89063727,0.10936273,2026-05-09 01:00:00+00:00,0.0,-734470.2833067253,4829357.007393278,0.03995864020000006,long,False,True,False,False,2308.54,0.0036429951397851656,0.0033354414478414807,0.0024690930198305594,,
ETH,2026050902,0.7959183673,39,50252863.525048256,0.2857142857,14,65373131.77888371,100,49,0.8843541081,0.1156458919,2026-05-09 02:00:00+00:00,-1.0,-1502055.3256328478,-1995017.5222908333,-0.0062831619000000005,long,False,True,False,False,2316.95,-0.0017350395994734091,-0.0009408921211073729,0.0003970737391829626,,
ETH,2026050903,0.7872340425,37,46284926.08630882,0.2978723404,14,62135530.180924274,100,47,0.8724513651,0.1275486349,2026-05-09 03:00:00+00:00,-2.0,-3237601.5979594365,-3967937.438739434,-0.011902743000000049,long,False,True,False,False,2312.93,0.0014310852468513158,0.0008776746377971989,,,
ETH,2026050904,0.8,36,44229175.17664386,0.2888888889,13,59753020.945119314,100,45,0.8700999085,0.1299000915,2026-05-09 04:00:00+00:00,-2.0,-2382509.23580496,-2055750.9096649587,-0.0023514566000000237,long,False,True,False,False,2316.24,-0.0006346492591440267,-0.0008634683797879017,,,
ETH,2026050905,0.8139534883,35,43742961.226663865,0.2790697674,12,59569458.21047931,100,43,0.8671593005,0.1328406995,2026-05-09 05:00:00+00:00,-2.0,-183562.73464000225,-486213.9499799982,-0.0029406079999999557,long,False,True,False,False,2314.77,8.208158909961405e-05,0.0013392259274138674,,,
BTC,2026050605,0.3333333333,9,-6489280.570026357,0.7407407407,20,8297031.609836536,100,27,0.1089396259,0.8910603741,2026-05-06 05:00:00+00:00,,,,,short,False,False,False,False,81287.0,0.0017727311870288087,0.007676504238069981,0.014798184211497478,0.0014922435321762517,-0.0029168255686642386
BTC,2026050606,0.3333333333,9,-6486690.997481333,0.7407407407,20,8299621.18238156,100,27,0.1092176465,0.8907823535,2026-05-06 06:00:00+00:00,0.0,2589.572545023635,2589.572545023635,0.00027802059999999795,short,False,False,True,True,81431.1,-0.0011948751766831522,0.006496289501185748,0.009309710908977031,-0.001546092340641514,-0.0003119201386203585
BTC,2026050607,0.3793103448,11,-6167444.615568286,0.6896551724,20,8714432.517914606,100,29,0.1461361882,0.8538638118,2026-05-06 07:00:00+00:00,2.0,414811.33553304616,319246.3819130473,0.03691854169999999,short,False,False,True,True,81333.8,0.007096680592816318,0.011142968851818091,0.003663913403775476,0.0010868790097104952,0.001823350193892459
BTC,2026050608,0.4,12,-5998872.046841378,0.6666666667,20,8679458.30649485,100,30,0.1544212878,0.8455787122,2026-05-06 08:00:00+00:00,1.0,-34974.21141975559,168572.56872690748,0.008285099600000012,short,False,False,True,True,81911.0,0.0005994310898413957,0.007067426841327773,-0.005270354409053657,-0.006436253982981532,-0.008822990807095477
BTC,2026050609,0.3793103448,11,-6028226.9122073855,0.6896551724,20,8854331.342628844,100,29,0.1595888114,0.8404111886,2026-05-06 09:00:00+00:00,-1.0,174873.03613399342,-29354.8653660072,0.005167523600000001,short,False,False,True,True,81960.1,0.003416296466207447,0.0027952625728859815,-0.0036822795482192028,-0.005614927263388081,-0.013031950912700263
BTC,2026050610,0.3333333333,9,-6784824.000954523,0.7407407407,20,8199628.404321707,100,27,0.0862724707,0.9137275293,2026-05-06 10:00:00+00:00,-2.0,-654702.9383071372,-756597.0887471372,-0.0733163407,short,False,False,True,True,82240.1,0.0030374476684729146,-0.007396634974908833,-0.008099455131985511,-0.01150290430094325,-0.01729569881359594
BTC,2026050611,0.3076923076,8,-6782657.746948805,0.7692307692,20,8201794.658327424,100,26,0.086513804,0.913486196,2026-05-06 11:00:00+00:00,-1.0,2166.2540057171136,2166.254005718045,0.00024133329999999342,short,False,False,True,True,82489.9,-0.003645294757297579,-0.012251196813185539,-0.013111908245736603,-0.013264654218273941,-0.02004245368220825
BTC,2026050612,0.3076923076,8,-8052666.267127021,0.7692307692,20,9110495.96077185,100,26,0.0580555492,0.9419444508,2026-05-06 12:00:00+00:00,0.0,908701.3024444254,-1270008.5201782165,-0.0284582548,short,False,False,True,False,82189.2,-0.006781912952066649,-0.006459486161198735,-0.010755671061404626,-0.014758630087651436,-0.013030909170547944
BTC,2026050613,0.2666666666,8,-18500946.2613157,0.8,24,19569023.957060527,100,30,0.0272900094,0.9727099906,2026-05-06 13:00:00+00:00,4.0,10458527.996288678,-10448279.994188678,-0.030765539800000002,short,False,False,True,False,81631.8,-0.00186814452211026,-0.0007080573991998795,-0.0025676268317004203,-0.006122613981316194,-0.014224848649668331
BTC,2026050614,0.3,9,-18292778.564895224,0.7666666667,23,19367351.04930705,100,30,0.0277418548,0.9722581452,2026-05-06 14:00:00+00:00,0.0,-201672.90775347874,208167.69642047584,0.0004518454000000012,short,False,False,False,True,81479.3,0.0021968769982068093,-0.0008713869657692719,-0.001172076834238922,-0.004845402451911118,-0.016394348012317317
BTC,2026050615,0.2758620689,8,-18430719.954261724,0.7931034483,23,19493709.589440547,100,29,0.0272649397,0.9727350603,2026-05-06 15:00:00+00:00,-1.0,126358.54013349861,-137941.38936650008,-0.00047691509999999923,short,False,False,True,True,81658.3,-0.001032350661231085,-0.0043241164707078505,-0.0019397905662988935,-0.010412903526034745,-0.02199531462202875
BTC,2026050616,0.2580645161,8,-18908306.853458226,0.8064516129,25,19845072.959404048,100,31,0.0236019819,0.9763980181,2026-05-06 16:00:00+00:00,2.0,351363.36996350065,-477586.8991965018,-0.0036629578000000017,short,False,False,True,False,81574.0,-0.002031284477897355,-0.0018608870473435513,-0.003431240346188691,-0.0076507220437885826,-0.022194571799838192
BTC,2026050617,0.2121212121,7,-19361050.167648625,0.8484848485,28,20263425.819693647,100,33,0.0222661177,0.9777338823,2026-05-06 17:00:00+00:00,2.0,418352.86028959975,-452743.3141903989,-0.0013358641999999983,short,False,False,True,False,81408.3,-0.001266455631674046,-0.00030095211421932166,-0.0001547753730271051,-0.00440249949943694,-0.01660764320100039
BTC,2026050618,0.2121212121,7,-19982431.16306836,0.8484848485,28,20884991.001573913,100,33,0.0216078579,0.9783921421,2026-05-06 18:00:00+00:00,0.0,621565.1818802655,-621380.995419737,-0.0006582598000000016,short,False,False,True,False,81305.2,0.00143902235035398,0.0023946807830248495,-0.004046481651850065,0.0012360833009450456,-0.0140839700289771
BTC,2026050619,0.1714285714,6,-20560278.67450064,0.8857142857,31,21297313.573301632,100,35,0.017303471,0.982696529,2026-05-06 19:00:00+00:00,2.0,412322.57172771916,-577847.5114322789,-0.0043043868999999985,short,False,False,True,False,81422.2,-0.00047161584924004796,-0.0015732809970744333,-0.003564138527330396,0.0007356715981636786,-0.01611722601452681
BTC,2026050620,0.1428571428,5,-22542768.952206936,0.9142857143,32,23196240.147173304,100,35,0.0140857136,0.9859142864,2026-05-06 20:00:00+00:00,0.0,1898926.5738716722,-1982490.2777062953,-0.0032177574,short,False,False,True,False,81383.8,0.0014265738390195626,0.00014622074663495077,-0.0036776360897378124,-0.002402197980433507,-0.018883364994015994
BTC,2026050621,0.1764705882,6,-22475602.642600257,0.8823529412,30,23155977.54041998,100,34,0.0146911288,0.9853088712,2026-05-06 21:00:00+00:00,-1.0,-40262.60675332323,67166.30960667878,0.000605415199999999,short,False,False,False,True,81499.9,-0.0025251564725844444,-0.0064257747555518385,-0.008489580968810917,-0.007458904857551851,-0.02213622348002875
BTC,2026050622,0.1875,6,-21832275.609904893,0.875,28,22708689.725615967,100,32,0.0192968886,0.9807031114,2026-05-06 22:00:00+00:00,-2.0,-447287.8148040138,643327.0326953642,0.0046057597999999995,short,False,False,False,True,81294.1,0.0012497831945983418,-0.001993994644137853,-0.004234009602173017,-0.005860203877034231,-0.01741331781765232
BTC,2026050623,0.2,6,-21297263.256796345,0.8666666667,26,22341847.998047184,100,30,0.0233773128,0.9766226872,2026-05-06 23:00:00+00:00,-2.0,-366841.72756878287,535012.3531085476,0.004080424200000002,short,False,False,False,True,81395.7,-0.005153834907740795,-0.00382329779091517,-0.004248381671267731,-0.006868913222688566,-0.017402639205756576
BTC,2026050701,0.2424242424,8,-21084039.123117033,0.8181818182,27,22634094.928546492,100,33,0.0342416122,0.9657583878,2026-05-07 01:00:00+00:00,3.0,292246.9304993078,213224.13367931172,0.0108642994,short,False,False,True,True,81132.0,-0.0005854656608983433,-0.0022444904599911997,0.00431519006064196,-0.008152147118276276,-0.017552876793373806
BTC,2026050702,0.25,8,-20832014.769807033,0.8125,26,22767320.88311649,100,32,0.0425018411,0.9574981589,2026-05-07 02:00:00+00:00,-1.0,133225.95456999913,252024.35331000015,0.0082602289,short,False,False,True,True,81084.5,-0.0034100228773686903,-0.0004267153401699142,0.0012801460205094095,-0.011605177315023196,-0.0202800781900363
BTC,2026050703,0.2727272727,9,-19690459.768895507,0.7878787879,26,22375925.341012016,100,33,0.0600079221,0.9399920779,2026-05-07 03:00:00+00:00,1.0,-391395.5421044752,1141555.0009115264,0.017506081,short,False,False,True,True,80808.0,0.0017560142560142378,0.007396544896544954,0.0010395010395010118,-0.011704286704286693,-0.015753390753390772
BTC,2026050704,0.28125,9,-18082892.744126607,0.78125,25,21421447.286584914,100,32,0.0779255131,0.9220744869,2026-05-07 04:00:00+00:00,-1.0,-954478.0544271022,1607567.0247689001,0.017917590999999997,short,False,False,False,True,80949.9,0.0012353319769389248,0.006574436781268567,-0.0016331088735130894,-0.014655978574402151,-0.016491681892133236
BTC,2026050705,0.2580645161,8,-18090334.283064812,0.8064516129,25,21414005.74764671,100,31,0.0776050848,0.9223949152,2026-05-07 05:00:00+00:00,-1.0,-7441.538938201964,-7441.538938205689,-0.00032042829999999467,short,False,False,True,True,81049.9,0.004389888204674008,0.0017075900155336665,-0.0026317120687378015,-0.012259114446778963,-0.018444193021829647
BTC,2026050706,0.2580645161,8,-18095474.71499754,0.8064516129,25,21408865.315713983,100,31,0.0773836107,0.9226163893,2026-05-07 06:00:00+00:00,0.0,-5140.431932728738,-5140.431932728738,-0.00022147410000000756,short,False,False,True,True,81405.7,0.0009385092198703759,-0.006310368929939747,-0.003531693726606333,-0.015301139846472522,-0.023643307532519198
BTC,2026050707,0.2580645161,8,-18090350.71394754,0.8064516129,25,21413989.316763982,100,31,0.077604377,0.922395623,2026-05-07 07:00:00+00:00,0.0,5124.001049999148,5124.001050002873,0.0002207663000000082,short,False,False,True,True,81482.1,-0.003605699902187176,-0.008153938104197178,-0.01241376940456862,-0.016840508528867204,-0.022652828044441686
BTC,2026050708,0.2580645161,8,-18092705.13887702,0.8064516129,25,21411634.891834505,100,31,0.0775029503,0.9224970497,2026-05-07 08:00:00+00:00,0.0,-2354.4249294772744,-2354.4249294809997,-0.00010142670000000409,short,False,False,True,True,81188.3,-0.0036495406357812676,-0.004331904966602296,-0.012868849329275345,-0.016520853374193067,-0.01648390223714502
BTC,2026050709,0.2580645161,8,-18217976.253958546,0.8064516129,25,21308571.30627298,100,31,0.0725199969,0.9274800031,2026-05-07 09:00:00+00:00,0.0,-103063.58556152508,-125271.11508152634,-0.004982953400000004,short,False,False,True,True,80892.0,-0.0009185086287890609,0.0027963210206201072,-0.012730554319339449,-0.014787618058646035,-0.013148395391386125
BTC,2026050710,0.2903225806,9,-17141808.078509793,0.7741935484,24,20388993.735459898,100,31,0.0796308464,0.9203691536,2026-05-07 10:00:00+00:00,0.0,-919577.5708130822,1076168.175448753,0.007110849500000002,short,False,False,False,True,80817.7,0.00023385966193067986,-0.004294851251643972,-0.013044172254345288,-0.011621216639424281,-0.007920294687920992
BTC,2026050711,0.3,9,-16148374.233747056,0.7666666667,23,19400632.207746632,100,30,0.0838183503,0.9161816497,2026-05-07 11:00:00+00:00,-1.0,-988361.5277132653,993433.8447627369,0.0041875039,short,False,False,False,True,80836.6,0.0034835705608597944,-0.008574086490525379,-0.009652805783518903,-0.01060658167216344,-0.007959265976055563
BTC,2026050712,0.3,9,-16145826.932697056,0.7666666667,23,19403179.508796632,100,30,0.083938629,0.916061371,2026-05-07 12:00:00+00:00,0.0,2547.3010499998927,2547.3010499998927,0.00012027870000000385,short,False,False,True,True,81118.2,-0.007983411860716716,-0.015483578284528066,-0.011811159517839287,-0.01625036058492424,-0.013885909697207266
BTC,2026050713,0.3,9,-15420627.57512329,0.7666666667,23,18677943.244387995,100,30,0.087196851,0.912803149,2026-05-07 13:00:00+00:00,0.0,-725236.2644086368,725199.3575737663,0.003258222000000005,short,False,False,False,True,80470.6,-0.00406483858701201,-0.008787060118850887,-0.004482382385616712,-0.009477995690351682,-0.010720685567151333
BTC,2026050714,0.3,9,-15186630.78385816,0.7666666667,23,18934154.284253128,100,30,0.0989619986,0.9010380014,2026-05-07 14:00:00+00:00,0.0,256211.03986513242,233996.79126513004,0.011765147599999998,short,False,False,True,True,80143.5,-0.0035099540199766688,-0.0010880483133378638,-0.003699613817714442,-0.008776756692682408,-0.00039179721374771326
BTC,2026050715,0.3448275862,10,-14961127.299811518,0.7586206897,22,19069778.660243314,100,29,0.107726771,0.892273229,2026-05-07 15:00:00+00:00,-1.0,135624.3759901859,225503.48404664174,0.008764772399999995,short,False,False,True,True,79862.2,-0.0012358788012351019,0.0037301752268283916,-0.0020835889820214337,-0.004097057180994179,0.0032092779813228667
BTC,2026050716,0.3103448275,9,-15464144.6722922,0.7586206897,22,18654079.51856439,100,29,0.0855023385,0.9144976615,2026-05-07 16:00:00+00:00,0.0,-415699.1416789256,-503017.372480683,-0.022224432500000002,short,False,False,True,True,79763.5,0.003670851956095289,0.004342838516363967,0.0014417622095319604,-0.0018630075159691284,8.274461376456266e-05
BTC,2026050717,0.3103448275,9,-14102771.1142422,0.7586206897,22,20015453.076614387,100,29,0.1477029258,0.8522970742,2026-05-07 17:00:00+00:00,0.0,1361373.5580499992,1361373.558050001,0.0622005873,short,False,False,True,True,80056.3,0.0012965875265282811,-0.0026144101088858562,-0.0009630722379125878,-0.006261843227828412,-0.0002210944048125496
BTC,2026050718,0.3,9,-14361415.4775122,0.7666666667,23,20920089.78770439,100,30,0.1567554053,0.8432445947,2026-05-07 18:00:00+00:00,1.0,904636.7110900022,-258644.36326999962,0.009052479500000016,short,False,False,True,False,80160.1,-0.0006262467237442282,-0.00579215844291614,-0.0044922598649453915,-0.008471795818618011,-0.0013934613355024439
BTC,2026050719,0.3448275862,10,-13619028.032387504,0.7586206897,22,20500990.94056151,100,29,0.1678446404,0.8321553596,2026-05-07 19:00:00+00:00,-1.0,-419098.8471428789,742387.4451246951,0.011089235099999983,short,False,False,False,True,80109.9,-0.003281741707329533,-0.0028885318793306913,-0.005018106376365461,-0.005911878556832395,0.0003957063983355269
BTC,2026050720,0.3448275862,10,-13619039.98131705,0.7586206897,22,20500978.99163197,100,29,0.1678441554,0.8321558446,2026-05-07 20:00:00+00:00,0.0,-11.94892954081297,-11.948929546400905,-4.849999999945176e-07,short,False,False,True,True,79847.0,-0.0018936215512166399,0.0016556664621087958,-0.005095996092526867,3.757185617492276e-05,0.0031685598707527074
BTC,2026050721,0.3333333333,10,-13683559.60314746,0.7666666667,23,20555263.15534156,100,30,0.1671519235,0.8328480765,2026-05-07 21:00:00+00:00,1.0,54284.16370958835,-64519.62183040939,-0.0006922319000000066,short,False,False,True,False,79695.8,0.0022924671061712587,0.0013074716609908776,-0.002017672198534992,0.0016638267010304908,0.006526065363544831
BTC,2026050722,0.3571428571,10,-13718038.515866818,0.75,21,20537166.1172038,100,28,0.1660191956,0.8339808044,2026-05-07 22:00:00+00:00,-2.0,-18097.038137760013,-34478.91271935776,-0.0011327278999999912,short,False,False,True,True,79878.5,0.0012606646344135441,-0.002135743660684697,-0.0033000118930626154,0.0037444368634864666,0.004463028224115373
BTC,2026050723,0.3928571428,11,-12364030.000448495,0.7142857143,20,21513955.054641567,100,28,0.2126509289,0.7873490711,2026-05-07 23:00:00+00:00,0.0,976788.937437769,1354008.5154183228,0.046631733300000006,short,False,False,True,True,79979.2,-0.0022405825514633104,-0.0067405025306578326,-0.005303879008542234,0.0026756956808771104,0.0021655630463919273
BTC,2026050801,0.5185185185,14,-7513620.303346362,0.6296296296,17,25192403.64770856,100,27,0.3508752795,0.6491247205,2026-05-08 01:00:00+00:00,-1.0,3678448.593066994,4850409.697102133,0.13822435060000002,short,False,False,True,True,79707.9,-0.003359767350538556,-0.0011667601329353738,-0.0008982798442813689,-0.0012545807881025883,0.006021987782892202
BTC,2026050802,0.48,12,-3624790.9618563615,0.64,16,28581270.23995856,100,25,0.4365880009,0.5634119991,2026-05-08 02:00:00+00:00,-2.0,3388866.592249997,3888829.3414900005,0.08571272139999997,short,False,False,False,False,79440.1,0.0011946107822118357,0.0014463728016453903,0.005159862588289821,0.008459203852965835,0.011453913074127575
BTC,2026050803,0.5,13,-3314554.251856362,0.6153846154,16,28891506.94995856,100,26,0.4426379133,0.5573620867,2026-05-08 03:00:00+00:00,1.0,310236.7100000009,310236.7099999995,0.006049912400000024,short,False,False,False,False,79535.0,0.0010045891745771307,-0.0006789463758093417,0.0036889419752310637,0.007336392783051426,0.00999685672974171
BTC,2026050804,0.4814814814,13,-3683372.404656362,0.6296296296,17,29260325.10275856,100,27,0.4370585871,0.5629414129,2026-05-08 04:00:00+00:00,1.0,368818.1528000012,-368818.1527999998,-0.005579326200000012,short,False,False,False,False,79614.9,-0.0007523717294123378,0.0002687939066683409,0.007067772489822932,0.0019493838464912372,0.010309627971648583
BTC,2026050805,0.4814814814,13,-3682421.4438992674,0.6296296296,17,29261276.063515656,100,27,0.4370768821,0.5629231179,2026-05-08 05:00:00+00:00,0.0,950.9607570953667,950.9607570944354,1.8295000000001505e-05,short,False,False,False,False,79555.0,-0.0009301740933944647,0.0037081264533971314,0.008022123059518549,0.006078813399535088,0.010254540883665397
BTC,2026050806,0.4814814814,13,-3679831.2904692674,0.6296296296,17,29263866.216945656,100,27,0.4371267066,0.5628732934,2026-05-08 06:00:00+00:00,0.0,2590.1534299999475,2590.1534299999475,4.982450000001748e-05,short,False,False,False,False,79481.0,0.001953926095544789,0.004370855927831707,0.006426693171952991,0.007138813049659687,0.009877832437941159
BTC,2026050807,0.5,14,-3522846.813189267,0.6071428571,17,29420850.694225658,100,28,0.4401300994,0.5598699006,2026-05-08 07:00:00+00:00,1.0,156984.4772800021,156984.47728000022,0.003003392799999949,short,False,False,False,False,79636.3,0.0026834496328935753,0.006797151550235192,-0.0003566212895376175,0.0063450963944835514,0.00692648955313091
BTC,2026050808,0.4814814814,13,-3606841.445389267,0.6296296296,17,29336856.062025655,100,27,0.4385271305,0.5614728695,2026-05-08 08:00:00+00:00,-1.0,-83994.63220000267,-83994.63219999988,-0.0016029689000000014,short,False,False,False,False,79850.0,-0.00027050720100196823,0.004298058860363163,0.003282404508453407,0.003130870381966133,0.006487163431433851
BTC,2026050809,0.4814814814,13,-3603298.3253892674,0.6296296296,17,29340399.182025656,100,27,0.4385949335,0.5614050665,2026-05-08 09:00:00+00:00,0.0,3543.120000001043,3543.119999999646,6.780300000003292e-05,short,False,False,False,False,79828.4,0.004374383051645836,0.0020468905802948356,0.0036340450265821556,0.0048541621778714905,
BTC,2026050810,0.4814814814,13,-3595246.121711587,0.5925925926,16,29332335.434347976,100,27,0.4387153107,0.5612846893,2026-05-08 10:00:00+00:00,0.0,-8063.747677680105,8052.203677680343,0.00012037720000002139,short,False,False,False,False,80177.6,0.00019456805890905038,-0.007105475843627307,-0.005082466923429951,0.0007159106782941294,
BTC,2026050811,0.4814814814,13,-3245204.4531630157,0.5925925926,16,29682377.102896545,100,27,0.4453344918,0.5546655082,2026-05-08 11:00:00+00:00,0.0,350041.6685485691,350041.6685485714,0.006619181099999982,short,False,False,False,False,80193.2,-0.0025114348847532497,-0.0010113076919239239,-0.0019278442561213582,-0.0005087713172687858,
BTC,2026050812,0.5185185185,14,-3141827.7802868253,0.5925925926,16,29785753.775772735,100,27,0.4472595556,0.5527404444,2026-05-08 12:00:00+00:00,0.0,103376.6728761904,103376.6728761904,0.0019250638000000153,short,False,False,False,False,79991.8,-0.004799241922297193,0.0015839123510159592,0.0007075725261838084,0.0026440210121536634,
BTC,2026050813,0.4814814814,13,-3221072.1826677774,0.5925925926,16,29706509.373391785,100,27,0.4457850779,0.5542149221,2026-05-08 13:00:00+00:00,0.0,-79244.40238095075,-79244.40238095215,-0.001474477700000032,short,False,False,False,False,79607.9,0.006333542274070902,0.002037486229381935,0.006704108511843776,0.007285709081636282,
BTC,2026050814,0.4615384615,12,-3327562.2869725395,0.6153846154,16,29600019.269087024,100,26,0.4437912141,0.5562087859,2026-05-08 14:00:00+00:00,-1.0,-106490.1043047607,-106490.10430476209,-0.0019938637999999953,short,False,False,False,False,80112.1,7.988805686021117e-05,-0.0009174644030053303,-0.00015103835750163164,0.0029695888636047663,
BTC,2026050815,0.4814814814,13,-3247613.3005779814,0.5925925926,16,29679968.25548158,100,27,0.4452894748,0.5547105252,2026-05-08 15:00:00+00:00,1.0,79948.98639455438,79948.9863945581,0.001498260699999976,short,False,False,False,False,80118.5,-0.004348558697429339,-0.0008749539744254964,0.0012156992454925852,0.002641087888565208,
BTC,2026050816,0.4814814814,13,-3090167.9983330835,0.5925925926,16,29837413.55772648,100,27,0.4482165571,0.5517834429,2026-05-08 16:00:00+00:00,0.0,157445.30224490166,157445.30224489793,0.00292708230000005,short,False,False,False,False,79770.1,0.0033659228207059133,0.0046571334372151885,0.005827998209855467,0.008343978508237981,
BTC,2026050817,0.5185185185,14,-2840435.3125081854,0.5555555556,15,29913230.454551376,100,27,0.4525220902,0.5474779098,2026-05-08 17:00:00+00:00,0.0,75816.89682489634,249732.68582489807,0.004305533099999981,short,False,False,False,False,80038.6,0.000122440922254885,0.0007671298598426191,0.0014218139747570469,0.00415049738501172,
BTC,2026050818,0.5185185185,14,-2939847.2335104533,0.5555555556,15,30015020.53754911,100,27,0.4510270661,0.5489729339,2026-05-08 18:00:00+00:00,0.0,101790.08299773186,-99411.92100226786,-0.0014950241000000197,short,False,False,False,False,80048.4,0.0011642956011614913,0.002092484047151455,0.0019350792770373992,0.002719604639193518,
BTC,2026050819,0.5555555555,15,-3115809.11908941,0.5555555556,15,29839074.788250152,100,27,0.4477897833,0.5522102167,2026-05-08 19:00:00+00:00,0.0,-175945.74929895625,-175961.88557895692,-0.003237282799999963,short,False,False,False,False,80141.6,-0.0005190812262296784,0.001165437176197992,0.0005777274224620932,0.0005777274224620932,
BTC,2026050820,0.5,13,-4274537.08861941,0.5769230769,15,28680362.87702015,100,26,0.4254797244,0.5745202756,2026-05-08 20:00:00+00:00,-1.0,-1158711.9112300016,-1158727.96953,-0.02231005890000004,short,False,False,False,False,80100.0,0.001446941323345774,0.0006541822721597423,0.003121098626716501,0.003345817727840261,
BTC,2026050821,0.5,13,-4109334.1088757026,0.5769230769,15,28845565.85676386,100,26,0.4287700901,0.5712299099,2026-05-08 21:00:00+00:00,0.0,165202.97974370793,165202.97974370746,0.0032903657000000197,short,False,False,False,False,80215.9,0.00023810740763363647,-0.00015707609089954389,0.0014236579032338437,,
BTC,2026050822,0.56,14,-3689440.1876645912,0.56,14,29265379.67075497,100,25,0.4369657897,0.5630342103,2026-05-08 22:00:00+00:00,-1.0,419813.8139911108,419893.92121111136,0.008195699599999995,short,False,False,False,False,80235.0,-0.001029475914501199,-0.0005870256122640916,0.002501402131239505,,
BTC,2026050823,0.5384615384,14,-3835816.3541629654,0.5769230769,15,29221521.836016595,100,26,0.4343665881,0.5656334119,2026-05-08 23:00:00+00:00,1.0,-43857.83473837376,-146376.1664983742,-0.0025992015999999896,short,False,False,False,False,80152.4,0.0006350402483270567,0.002465303596648427,0.002724809238400905,,
BTC,2026050901,0.5185185185,14,-4072016.1669808817,0.5925925926,16,29465259.08197868,100,27,0.4309014022,0.5690985978,2026-05-09 01:00:00+00:00,1.0,243737.24596208334,-236199.81281791627,-0.0034651859000000007,short,False,False,False,False,80187.9,0.002021501997184094,0.003090241794585058,0.0,,
BTC,2026050902,0.5384615384,14,-3693775.762951171,0.5769230769,15,29306543.25314839,100,26,0.4369803574,0.5630196426,2026-05-09 02:00:00+00:00,-1.0,-158715.82883028686,378240.4040297107,0.0060789552000000135,short,False,False,False,False,80350.0,-0.0002476664592407918,0.0002588674548849035,0.00022401991288112377,,
BTC,2026050903,0.5384615384,14,-4190752.914399198,0.5769230769,15,28809566.101700366,100,26,0.4272680313,0.5727319687,2026-05-09 03:00:00+00:00,0.0,-496977.1514480263,-496977.15144802677,-0.009712326100000002,short,False,False,False,False,80330.1,0.0013145757318862028,-0.0007967125647795337,,,
BTC,2026050904,0.5384615384,14,-12087462.355713809,0.5769230769,15,20912856.660385758,100,26,0.2110040356,0.7889959644,2026-05-09 04:00:00+00:00,0.0,-7896709.441314608,-7896709.441314612,-0.21626399570000002,short,False,False,True,True,80435.7,-0.0008068556623488377,-0.0030807216198778242,,,
BTC,2026050905,0.5384615384,14,-12087460.94283906,0.5769230769,15,20912858.0732605,100,26,0.2110040889,0.7889959111,2026-05-09 05:00:00+00:00,0.0,1.4128747433423996,1.412874748930335,5.329999999692525e-08,short,False,False,True,True,80370.8,-0.0013027119302034817,-3.483852344388083e-05,,,
SOL,2026050605,0.625,5,1040038.0239280484,0.5,4,3678614.2034879504,100,8,0.6413627478,0.3586372522,2026-05-06 05:00:00+00:00,,,,,long,False,False,False,False,87.35,0.0010303377218088272,0.018775042930738506,0.028162564396107648,0.016370921579851316,0.0145392100744135
SOL,2026050606,0.625,5,1040038.0239280484,0.5,4,3678614.2034879504,100,8,0.6413627478,0.3586372522,2026-05-06 06:00:00+00:00,0.0,0.0,0.0,0.0,long,False,False,False,False,87.44,0.0025160109789570395,0.02287282708142735,0.024702653247941297,0.017040256175663515,0.02035681610247031
SOL,2026050607,0.625,5,1040038.0239280484,0.5,4,3678614.2034879504,100,8,0.6413627478,0.3586372522,2026-05-06 07:00:00+00:00,0.0,0.0,0.0,0.0,long,False,False,False,False,87.66,0.015172256445357135,0.019050878393794157,0.007072781200091249,0.017681953000228123,0.02806297056810414
SOL,2026050608,0.6666666666,6,1142308.1267280483,0.4444444444,4,3780884.3062879504,100,9,0.6510636182,0.3489363818,2026-05-06 08:00:00+00:00,1.0,102270.1028,102270.10279999988,0.009700870400000006,long,True,False,False,False,88.99,0.0050567479492078515,0.009214518485223033,-0.00730419148218886,0.0015732104730867835,0.006292841892347578
SOL,2026050609,0.6666666666,6,1126398.0239280483,0.4444444444,4,3764974.2034879504,100,9,0.6495890759,0.3504109241,2026-05-06 09:00:00+00:00,0.0,-15910.102799999993,-15910.102799999993,-0.0014745422999999924,long,False,True,False,False,89.44,-0.0012298747763863638,0.0017889087656528524,-0.005925760286225379,0.0,-0.0003354203935599376
SOL,2026050610,0.6666666666,6,1126398.0239280483,0.4444444444,4,3764974.2034879504,100,9,0.6495890759,0.3504109241,2026-05-06 10:00:00+00:00,0.0,0.0,0.0,0.0,long,False,False,False,False,89.33,0.00537333482592639,-0.011754169931713854,-0.0024627784618829196,-0.003470278741744104,-0.0024627784618829196
SOL,2026050611,0.6666666666,6,1126398.0239280483,0.4444444444,4,3764974.2034879504,100,9,0.6495890759,0.3504109241,2026-05-06 11:00:00+00:00,0.0,0.0,0.0,0.0,long,False,False,False,False,89.81,-0.0023382696804366,-0.01636788776305531,-0.011468656051664583,-0.0077942322681215925,-0.0034517314330253512
SOL,2026050612,0.6666666666,6,1031553.6070690491,0.4444444444,4,3682912.252628952,100,9,0.6400459115,0.3599540885,2026-05-06 12:00:00+00:00,0.0,-82061.95085899858,-94844.41685899918,-0.009543164400000026,long,False,True,False,False,89.6,-0.01473214285714275,-0.007700892857142816,-0.007477678571428448,-0.01473214285714275,0.001116071428571619
SOL,2026050613,0.6666666666,6,1031553.6070690491,0.4444444444,4,3682912.252628952,100,9,0.6400459115,0.3599540885,2026-05-06 13:00:00+00:00,0.0,0.0,0.0,0.0,long,False,False,False,False,88.28,0.0006796556411419186,0.009401903035795245,0.010534662437698072,-0.0002265518803805655,0.0036248300860897142
SOL,2026050614,0.625,5,287296.0541890291,0.5,4,2945226.1299704714,100,8,0.5487731741,0.4512268259,2026-05-06 14:00:00+00:00,-1.0,-737686.1226584804,-744257.5528800201,-0.09127273739999997,long,False,False,False,False,88.34,0.006452343219379486,0.00498075616934579,0.008942721304052492,-0.002716776092370532,-0.002603577088521658
SOL,2026050615,0.625,5,374631.0541890291,0.5,4,3032561.1299704714,100,8,0.561768096,0.438231904,2026-05-06 15:00:00+00:00,0.0,87335.0,87335.0,0.012994921899999956,long,False,False,False,False,88.91,0.0022494657518838945,0.00022494657518845607,0.00596108424249242,-0.01349679451130359,-0.007310763693622713
SOL,2026050616,0.625,5,374631.0541890291,0.5,4,3032561.1299704714,100,8,0.561768096,0.438231904,2026-05-06 16:00:00+00:00,0.0,0.0,0.0,0.0,long,False,False,False,False,89.11,-0.0037032880709235716,0.001122208506340483,-0.001009987655706479,-0.00886544720008986,-0.008079901245651389
SOL,2026050617,0.6666666666,6,426895.86898902914,0.4444444444,4,3109743.9675704716,100,9,0.568638427,0.431361573,2026-05-06 17:00:00+00:00,1.0,77182.8376000002,52264.81480000005,0.006870331000000007,long,False,False,False,False,88.78,0.0016895697229106776,0.003942329353457952,0.00371705339040318,-0.0018022077044379525,-0.00033791394458215773
SOL,2026050618,0.6,6,-137045.23156481708,0.5,5,3622861.3758166255,100,10,0.4810860508,0.5189139492,2026-05-06 18:00:00+00:00,1.0,513117.40824615397,-563941.1005538462,-0.0875523762,short,False,False,False,False,88.93,0.003148543798493053,0.0057348476329697196,-0.007309119532216468,0.0032609917912964637,-0.004385471719329792
SOL,2026050619,0.5,5,-423522.28276481706,0.6,6,3561948.4270166256,100,10,0.4405490714,0.5594509286,2026-05-06 19:00:00+00:00,0.0,-60912.9487999999,-286477.0512,-0.040536979400000006,short,False,False,False,False,89.21,-0.0008967604528640205,-0.002129806075552021,-0.010649030377760216,0.010200650151328539,-0.009079699585248124
SOL,2026050620,0.4444444444,4,-1118182.1431052156,0.6666666667,6,3989622.9794762274,100,9,0.3598636827,0.6401363173,2026-05-06 20:00:00+00:00,-1.0,427674.5524596018,-694659.8603403985,-0.08068538869999997,short,False,False,True,True,89.13,0.0034780657466622067,-0.00022439133849427861,-0.011556153932458235,0.004712218108380961,-0.0125659149556826
SOL,2026050621,0.4444444444,4,-1118182.1431052156,0.6666666667,6,3989622.9794762274,100,9,0.3598636827,0.6401363173,2026-05-06 21:00:00+00:00,0.0,0.0,0.0,0.0,short,False,False,False,False,89.44,-0.004695885509839015,-0.012969588550983846,-0.01934257602862255,-0.0003354203935599376,-0.0168828264758496
SOL,2026050622,0.5,4,-450304.0598052156,0.625,5,3321744.8961762274,100,8,0.4322187473,0.5677812527,2026-05-06 22:00:00+00:00,-1.0,-667878.0833,667878.0833,0.07235506459999996,short,False,False,False,False,89.02,0.0010110087620760488,-0.008537407324196722,-0.007863401482812837,0.0010110087620760488,-0.011008762075937928
SOL,2026050623,0.5714285714,4,251511.67102870825,0.5714285714,4,3124713.512942303,100,7,0.5402455569,0.4597544431,2026-05-06 23:00:00+00:00,-1.0,-197031.3832339244,701815.7308339239,0.1080268096,long,False,False,False,False,89.11,-0.009314330602625986,-0.011334305914038834,-0.0054988216810683,0.004376613174727817,-0.008079901245651389
SOL,2026050701,0.5714285714,4,258397.43812870825,0.5714285714,4,3131599.2800423033,100,7,0.5412564659,0.4587435341,2026-05-07 01:00:00+00:00,0.0,6885.767100000288,6885.767099999997,0.0010109090000000043,long,False,False,False,False,88.26,-0.0018128257421257121,0.0006798096532969478,0.021074099252209377,0.0038522547020165554,-0.0019261273510083887
SOL,2026050702,0.5714285714,4,629330.7107287082,0.5714285714,4,3759646.8776423032,100,7,0.5836954548,0.4163045452,2026-05-07 02:00:00+00:00,0.0,628047.5976,370933.2725999999,0.042438988899999974,long,False,False,False,False,88.1,-0.0044267877412031975,0.005902383654937671,0.016458569807037415,0.00011350737797966026,-0.0009080590238365049
SOL,2026050703,0.5714285714,4,629330.7107287082,0.5714285714,4,3759646.8776423032,100,7,0.5836954548,0.4163045452,2026-05-07 03:00:00+00:00,0.0,0.0,0.0,0.0,long,False,False,False,False,87.71,0.006954737202143457,0.017215824877437003,0.019382054497776746,0.006270664690457339,0.005358568008209108
SOL,2026050704,0.5714285714,4,629330.7107287082,0.5714285714,4,3759646.8776423032,100,7,0.5836954548,0.4163045452,2026-05-07 04:00:00+00:00,0.0,0.0,0.0,0.0,long,False,False,False,False,88.32,0.0033967391304348116,0.02038043478260887,0.008944746376811752,0.0007925724637682929,-0.0022644927536230597
SOL,2026050705,0.5714285714,4,629330.7107287082,0.5714285714,4,3759646.8776423032,100,7,0.5836954548,0.4163045452,2026-05-07 05:00:00+00:00,0.0,0.0,0.0,0.0,long,False,False,False,False,88.62,0.00677048070413,0.0104942450914014,0.009930038366057214,0.0014669374858948814,-0.007109004739336622
SOL,2026050706,0.5714285714,4,629330.7107287082,0.5714285714,4,3759646.8776423032,100,7,0.5836954548,0.4163045452,2026-05-07 06:00:00+00:00,0.0,0.0,0.0,0.0,long,False,False,False,False,89.22,0.01008742434431742,0.0021295673615779886,0.005379959650302579,-0.007621609504595339,-0.013674064111185769
SOL,2026050707,0.5714285714,4,629330.7107287082,0.5714285714,4,3759646.8776423032,100,7,0.5836954548,0.4163045452,2026-05-07 07:00:00+00:00,0.0,0.0,0.0,0.0,long,False,False,False,False,90.12,-0.006324900133155897,-0.011207279183311214,-0.016866400355082245,-0.019085663559698207,-0.021526853084775865
SOL,2026050708,0.5714285714,4,629330.7107287082,0.5714285714,4,3759646.8776423032,100,7,0.5836954548,0.4163045452,2026-05-07 08:00:00+00:00,0.0,0.0,0.0,0.0,long,False,False,False,False,89.55,-0.0015633724176438157,-0.0005583472920156485,-0.016080402010050232,-0.017197096594081418,-0.01373534338358462
SOL,2026050709,0.5714285714,4,640996.1843287082,0.5714285714,4,3793530.287242303,100,7,0.5844854444,0.4155145556,2026-05-07 09:00:00+00:00,0.0,33883.4095999999,11665.473600000027,0.0007899896000000961,long,False,False,False,False,89.41,-0.00335532938150096,0.0032434850687843575,-0.012862095962420161,-0.016552958282071262,-0.011631808522536535
SOL,2026050710,0.625,5,665998.8741287083,0.5,4,3818532.9770423034,100,8,0.5872061179,0.4127938821,2026-05-07 10:00:00+00:00,1.0,25002.689800000284,25002.68980000005,0.002720673499999937,long,False,False,False,False,89.11,0.004376613174727817,-0.00572326338233653,-0.008079901245651389,-0.012007631017843079,-0.0060599259342386524
SOL,2026050711,0.625,5,665998.8741287083,0.5,4,3818532.9770423034,100,8,0.5872061179,0.4127938821,2026-05-07 11:00:00+00:00,0.0,0.0,0.0,0.0,long,False,False,False,False,89.5,0.0022346368715084886,-0.015530726256983263,-0.008379888268156388,-0.012402234636871512,-0.010167597765363134
SOL,2026050712,0.6666666666,6,727137.6418287081,0.4444444444,4,3879671.744742303,100,9,0.5937112325,0.4062887675,2026-05-07 12:00:00+00:00,1.0,61138.767699999735,61138.76769999985,0.006505114600000028,long,False,False,False,False,89.7,-0.012263099219621099,-0.016053511705685586,-0.012931995540691132,-0.01638795986622077,-0.01449275362318836
SOL,2026050713,0.7,7,942606.8033287082,0.4,4,4095140.906242303,100,10,0.6150884456,0.3849115544,2026-05-07 13:00:00+00:00,1.0,215469.16149999993,215469.16150000005,0.02137721309999996,long,True,False,False,False,88.6,-0.005530474040632005,-0.002370203160270812,-0.0022573363431149795,-0.005756207674943448,-0.0037246049661399105
SOL,2026050714,0.7,7,942606.8033287082,0.4,4,4095140.906242303,100,10,0.6150884456,0.3849115544,2026-05-07 14:00:00+00:00,0.0,0.0,0.0,0.0,long,False,False,False,False,88.11,0.001702417432754677,0.007263647713085852,-0.0011349449551696367,-0.0010214504596527396,0.011235955056179803
SOL,2026050715,0.7,7,942606.8033287082,0.4,4,4095140.906242303,100,10,0.6150884456,0.3849115544,2026-05-07 15:00:00+00:00,0.0,0.0,0.0,0.0,long,False,False,False,False,88.26,0.0014729209154769052,0.0031724450487196076,-0.003738953093133879,-0.000906412871062745,0.006231588488556428
SOL,2026050716,0.6666666666,8,511580.84227394743,0.4166666667,5,4515704.104587543,100,12,0.5566446372,0.4433553628,2026-05-07 16:00:00+00:00,2.0,420563.19834523974,-431025.96105476073,-0.058443808399999964,long,False,False,False,False,88.39,0.004072858920692424,0.00011313497001919082,-0.003959723950673122,-0.0030546441905192623,0.011879171852019477
SOL,2026050717,0.6666666666,8,531870.7266739474,0.4166666667,5,4580430.921787542,100,12,0.5580590271,0.4419409729,2026-05-07 17:00:00+00:00,0.0,64726.81719999947,20289.88439999998,0.0014143898999999793,long,False,False,False,False,88.75,-0.002366197183098495,-0.008338028169014078,-0.00405633802816896,-0.008563380281690236,0.03233802816901421
SOL,2026050718,0.7272727272,8,942150.3836739473,0.3636363636,4,4270470.578787542,100,11,0.6103099021,0.3896900979,2026-05-07 18:00:00+00:00,-1.0,-309960.34300000034,410279.6569999999,0.05225087500000003,long,False,True,False,False,88.54,-0.0015812062344703337,-0.006889541450192049,-0.003501242376327096,-0.006098938332956938,0.041337248701152074
SOL,2026050719,0.7272727272,8,1041427.6136739474,0.3636363636,4,4369747.808787542,100,11,0.6191633544,0.3808366456,2026-05-07 19:00:00+00:00,0.0,99277.23000000045,99277.2300000001,0.008853452300000009,long,True,False,False,False,88.4,-0.004411764705882337,-0.004072398190045234,-0.0035067873303167296,-0.002488687782805421,0.0469457013574659
SOL,2026050720,0.7272727272,8,1059214.0346739474,0.3636363636,4,4387534.2297875425,100,11,0.6207072103,0.3792927897,2026-05-07 20:00:00+00:00,0.0,17786.42100000009,17786.420999999973,0.0015438558999999463,long,True,False,False,False,88.01,-0.0009089876150437659,0.004317691171457749,0.0001136234518803736,0.003522327008294468,0.0460174980115895
SOL,2026050721,0.7272727272,8,383347.232134394,0.3636363636,4,3722775.192047989,100,11,0.5514867554,0.4485132446,2026-05-07 21:00:00+00:00,0.0,-664759.0377395535,-675866.8025395534,-0.06922045489999995,long,False,False,False,False,87.93,0.0012509951097463556,0.003411804844762889,0.002843170703969111,0.0050039804389854226,0.05003980438985556
SOL,2026050722,0.7,7,273173.5072722915,0.4,4,3612601.4671858866,100,10,0.53780842,0.46219158,2026-05-07 22:00:00+00:00,-1.0,-110173.72486210242,-110173.72486210248,-0.013678335400000075,long,False,False,False,False,88.04,0.003975465697410252,0.0005679236710585123,0.0009086778736937529,0.006019990913221029,0.04781917310313477
SOL,2026050723,0.6666666666,6,-223725.73173266987,0.4444444444,4,3103440.9138150527,100,9,0.4639552132,0.5360447868,2026-05-07 23:00:00+00:00,-1.0,-509160.55337083386,-496899.2390049614,-0.07385320679999996,short,False,False,False,False,88.39,-0.0018101595203077192,-0.0041859938907117256,-0.004525398800769409,0.0022626994003847045,0.040389184296866
SOL,2026050801,0.6,6,-57711.781732669886,0.5,5,3269631.6638150527,100,10,0.4911745744,0.5088254256,2026-05-08 01:00:00+00:00,1.0,166190.75,166013.94999999998,0.027219361200000014,short,False,False,False,False,88.09,-0.0007946418435691438,0.0003405607901010299,0.0010216823703030897,0.0020433647406061795,0.048813713247814805
SOL,2026050802,0.6,6,30713.21826733011,0.5,5,3181206.6638150527,100,10,0.5048272906,0.4951727094,2026-05-08 02:00:00+00:00,0.0,-88425.0,88425.0,0.01365271619999997,long,False,False,False,False,88.02,0.0018177686889344624,-0.0003408316291751978,0.003408316291751756,0.012269938650306678,0.06123608270847525
SOL,2026050803,0.6,6,30713.21826733011,0.5,5,3181206.6638150527,100,10,0.5048272906,0.4951727094,2026-05-08 03:00:00+00:00,0.0,0.0,0.0,0.0,long,False,False,False,False,88.18,-0.0006804264005443317,-0.002041279201633106,0.0021546836017236615,0.007144477205715427,0.06089816284871841
SOL,2026050804,0.6,6,30713.21826733011,0.5,5,3181206.6638150527,100,10,0.5048272906,0.4951727094,2026-05-08 04:00:00+00:00,0.0,0.0,0.0,0.0,long,False,False,False,False,88.12,-0.0014752610077168882,0.0006808896958692134,0.005106672719019434,0.014979573309123806,0.06207444394008177
SOL,2026050805,0.5555555555,5,-144854.71523266987,0.5555555556,5,3005638.730315053,100,9,0.4759028399,0.5240971601,2026-05-08 05:00:00+00:00,-1.0,-175567.9334999998,-175567.93349999998,-0.028924450699999993,short,False,False,False,False,87.99,0.00011364927832713256,0.0037504261847935982,0.006818956699625067,0.041254688032731135,0.06148425957495185
SOL,2026050806,0.5555555555,5,-144854.71523266987,0.5555555556,5,3005638.730315053,100,9,0.4759028399,0.5240971601,2026-05-08 06:00:00+00:00,0.0,0.0,0.0,0.0,short,False,False,False,False,88.0,0.0020454545454546835,0.004204545454545405,0.00454545454545463,0.04772727272727284,0.0625
SOL,2026050807,0.5555555555,5,-144854.71523266987,0.5555555556,5,3005638.730315053,100,9,0.4759028399,0.5240971601,2026-05-08 07:00:00+00:00,0.0,0.0,0.0,0.0,short,False,False,False,False,88.18,0.0015876616012699962,0.0044227716035381,0.001020639600816331,0.04955772283964599,0.0625992288500794
SOL,2026050808,0.5555555555,5,-144854.71523266987,0.5555555556,5,3005638.730315053,100,9,0.4759028399,0.5240971601,2026-05-08 08:00:00+00:00,0.0,0.0,0.0,0.0,short,False,False,False,False,88.32,0.000566123188405987,0.0030570652173913526,0.008831521739130377,0.04234601449275366,0.061141304347826164
SOL,2026050809,0.6,6,-51514.88033266989,0.5,5,3098978.5652150526,100,10,0.4916884097,0.5083115903,2026-05-08 09:00:00+00:00,1.0,93339.83489999967,93339.83489999999,0.01578556980000001,short,False,False,False,False,88.37,0.0022632114971141704,0.00033948172456721437,0.004979065293651663,0.04481158764286519,
SOL,2026050810,0.6,6,-7183.31273266989,0.5,5,3143310.1328150528,100,10,0.4988573649,0.5011426351,2026-05-08 10:00:00+00:00,0.0,44331.567600000184,44331.5676,0.007168955199999993,short,False,False,False,False,88.57,0.00022581009371136496,-0.00338715140566781,0.009822739076436715,0.041549057242858733,
SOL,2026050811,0.6,6,-7183.31273266989,0.5,5,3143310.1328150528,100,10,0.4988573649,0.5011426351,2026-05-08 11:00:00+00:00,0.0,0.0,0.0,0.0,short,False,False,False,False,88.59,-0.0021447115927305527,0.005756857433118823,0.034202505926176796,0.03804041088158927,
SOL,2026050812,0.6,6,2818.6523673301103,0.5,5,3153312.097915053,100,10,0.5004469352,0.4995530648,2026-05-08 12:00:00+00:00,0.0,10001.965100000147,10001.9651,0.001589570300000065,long,False,False,False,False,88.4,-0.0014705882352942234,0.004638009049773739,0.042986425339366585,0.045475113122172006,
SOL,2026050813,0.6363636363,7,595507.4241673301,0.4545454545,5,3746000.8697150527,100,11,0.5794857562,0.4205142438,2026-05-08 13:00:00+00:00,1.0,592688.7717999998,592688.7718,0.07903882099999993,long,False,False,False,False,88.27,0.00940296816585473,0.013254786450662692,0.048487594879347506,0.04667497451002611,
SOL,2026050814,0.6,6,199927.20416733017,0.5,5,3350420.649715053,100,10,0.5298361347,0.4701638653,2026-05-08 14:00:00+00:00,-1.0,-395580.21999999974,-395580.22,-0.04964962149999996,long,False,False,False,False,89.1,-0.0032547699214364734,0.028282828282828465,0.03322109988776667,0.04837261503928181,
SOL,2026050815,0.6,6,199927.20416733017,0.5,5,3350420.649715053,100,10,0.5298361347,0.4701638653,2026-05-08 15:00:00+00:00,0.0,0.0,0.0,0.0,long,False,False,False,False,88.81,0.007093795743722486,0.038171377097173664,0.03963517621889423,0.05337236797657918,
SOL,2026050816,0.5555555555,5,43583.53526733016,0.5555555556,5,3194076.980815053,100,9,0.5068225555,0.4931774445,2026-05-08 16:00:00+00:00,-1.0,-156343.66889999993,-156343.66890000002,-0.023013579200000023,long,False,False,False,False,89.44,0.024373881932021613,0.034771914132379234,0.03141771019678008,0.04639982110912344,
SOL,2026050817,0.6666666666,6,9934.66466733015,0.4444444444,4,3293581.473815053,100,9,0.5015081856,0.4984918144,2026-05-08 17:00:00+00:00,0.0,99504.49299999978,-33648.87060000001,-0.005314369900000004,long,False,False,False,False,91.62,0.006330495524994539,0.00480244488103021,0.003710980135341435,0.019428072473259173,
SOL,2026050818,0.6666666666,6,58109.30370850572,0.4444444444,4,3245406.834773877,100,9,0.5089525453,0.4910474547,2026-05-08 18:00:00+00:00,0.0,-48174.6390411756,48174.63904117557,0.007444359700000014,long,False,False,False,False,92.2,0.003796095444685399,0.0014099783080259165,0.0023861171366594824,0.014099783080260275,
SOL,2026050819,0.6666666666,6,58109.30370850572,0.4444444444,4,3245406.834773877,100,9,0.5089525453,0.4910474547,2026-05-08 19:00:00+00:00,0.0,0.0,0.0,0.0,long,False,False,False,False,92.55,-0.005294435440302503,-0.0032414910858994395,-0.0017287952458130418,0.012425715829281536,
SOL,2026050820,0.6666666666,6,49101.89970850572,0.4444444444,4,3236399.430773877,100,9,0.5075858837,0.4924141163,2026-05-08 20:00:00+00:00,0.0,-9007.404000000097,-9007.404000000002,-0.0013666615999999854,long,False,False,False,False,92.06,0.002932869867477761,-0.0010862480990658785,0.014664349337388582,0.018031718444492695,
SOL,2026050821,0.625,5,14187.09650850572,0.5,4,3201484.627573877,100,8,0.5022157058,0.4977842942,2026-05-08 21:00:00+00:00,-1.0,-34914.803199999966,-34914.8032,-0.0053701779000000505,long,False,False,False,False,92.33,-0.0008664572728257491,0.0009747644319288984,0.013213473410592425,,
SOL,2026050822,0.625,5,14187.09650850572,0.5,4,3201484.627573877,100,8,0.5022157058,0.4977842942,2026-05-08 22:00:00+00:00,0.0,0.0,0.0,0.0,long,False,False,False,False,92.25,-0.0031436314363144646,0.0015176151761517875,0.014525745257452538,,
SOL,2026050823,0.7,7,242122.46310850573,0.4,4,3473866.963373877,100,10,0.5348491271,0.4651508729,2026-05-08 23:00:00+00:00,2.0,272382.3358,227935.3666,0.03263342130000002,long,False,False,False,False,91.96,0.00500217485863419,0.015767725097868723,0.01565898216615924,,
SOL,2026050901,0.7,7,239175.3847085057,0.4,4,3470919.884973877,100,10,0.5344541782,0.4655458218,2026-05-09 01:00:00+00:00,0.0,-2947.0783999999985,-2947.0784000000276,-0.00039494890000002503,long,False,False,False,False,92.39,0.011040155861023804,0.0129884186600282,0.014179023703864146,,
SOL,2026050902,0.7,7,43854.907203375995,0.4,4,3598500.8807368586,100,10,0.5060934968,0.4939065032,2026-05-09 02:00:00+00:00,0.0,127580.99576298147,-195320.4775051297,-0.02836068139999992,long,False,False,False,False,93.41,0.0014987688684295897,-0.00010705491917339938,0.0033187024943797105,,
SOL,2026050903,0.7272727272,8,27324.29820337599,0.3636363636,4,3581970.2717368584,100,11,0.5038141436,0.4961858564,2026-05-09 03:00:00+00:00,1.0,-16530.60900000017,-16530.609000000004,-0.002279353200000056,long,False,False,False,False,93.55,0.000427578834847786,-0.0005344735435595105,,,
SOL,2026050904,0.7272727272,8,-20820.304177427664,0.3636363636,4,3544780.403156054,100,11,0.4970632448,0.5029367552,2026-05-09 04:00:00+00:00,0.0,-37189.86858080421,-48144.602380803655,-0.00675089879999996,short,False,False,False,False,93.59,-0.002030131424297421,0.0011753392456459455,,,
SOL,2026050905,0.6363636363,7,-569513.5907794355,0.4545454545,5,4010984.8973540463,100,11,0.4290057672,0.5709942328,2026-05-09 05:00:00+00:00,0.0,466204.49419799214,-548693.2866020078,-0.06805747760000003,short,False,False,False,False,93.4,0.0010706638115631772,0.003426124197002167,,,
LAB,2026050605,0.5714285714,8,185674.98827541427,0.5,7,263600.6594354143,100,14,0.8521899161,0.1478100839,2026-05-06 05:00:00+00:00,,,,,long,False,False,False,False,2.8083,-0.008546095502617201,0.20403803012498667,0.19940889506106907,0.479970088665741,0.5277213972866148
LAB,2026050606,0.5714285714,8,184204.51218534447,0.5,7,262537.6673453445,100,14,0.8508153973,0.1491846027,2026-05-06 06:00:00+00:00,0.0,-1062.9920900698053,-1470.476090069802,-0.0013745187999999464,long,False,True,False,False,2.7843,0.11672592752217792,0.1701325288223252,0.18931149660596924,0.4873756419926014,0.6870308515605357
LAB,2026050607,0.5384615384,7,133595.5112114821,0.4615384615,6,210694.75637148216,100,13,0.8170356811,0.1829643189,2026-05-06 07:00:00+00:00,-1.0,-51842.91097386234,-50609.00097386236,-0.033779716199999976,long,False,True,False,False,3.1093,0.08747949699289226,0.08838002122664257,-0.2433666741710354,0.34483645836683485,0.4950631975042614
LAB,2026050608,0.5384615384,7,128698.72327316923,0.4615384615,6,205440.1544331693,100,13,0.8132267974,0.1867732026,2026-05-06 08:00:00+00:00,0.0,-5254.601938312873,-4896.787938312875,-0.0038088836999999875,long,False,True,False,False,3.3813,-0.03646526483896728,-0.0038446751249519018,0.09114837488539895,0.24147517227102,0.3383609854198091
LAB,2026050609,0.5384615384,7,128776.21177290236,0.4615384615,6,205517.6429329024,100,13,0.8132972185,0.1867027815,2026-05-06 09:00:00+00:00,0.0,77.48849973312463,77.48849973312463,7.042109999999546e-05,long,True,False,False,False,3.258,0.038704726826273905,0.016390423572743895,0.2079189686924494,0.31709637814610203,0.3928790669122162
LAB,2026050610,0.5384615384,7,125534.68333900515,0.4615384615,6,202276.1144990052,100,13,0.8103052568,0.1896947432,2026-05-06 10:00:00+00:00,0.0,-3241.5284338972124,-3241.5284338972124,-0.0029919617000000454,long,False,True,False,False,3.3841,-0.004668892763216248,-0.30480777754794486,0.28719600484619234,0.2879643036553292,0.31854850624981546
LAB,2026050611,0.5384615384,7,124799.28272619234,0.4615384615,6,201540.7138861924,100,13,0.8096130809,0.1903869191,2026-05-06 11:00:00+00:00,0.0,-735.4006128128094,-735.4006128128094,-0.000692175900000036,long,False,True,False,False,3.3683,-0.016892794584805415,0.09535967698839176,0.2339162188641155,0.35261110946174634,0.012202001009411267
LAB,2026050612,0.5384615384,7,123598.79343955066,0.4615384615,6,200340.2245995507,100,13,0.8084722343,0.1915277657,2026-05-06 12:00:00+00:00,0.0,-1200.4892866416776,-1200.4892866416776,-0.0011408465999999118,long,False,True,False,False,3.3114,-0.2895452074651206,0.1884399347707919,0.2506190735036542,0.3619919067463915,0.10587666847858923
LAB,2026050613,0.5384615384,7,125499.68202191958,0.4615384615,6,202241.1131819196,100,13,0.8102724269,0.1897275731,2026-05-06 13:00:00+00:00,0.0,1900.888582368876,1900.8885823689197,0.0018001925999999724,long,True,False,False,False,2.3526,0.5682648984102696,0.8515684774292274,0.7773952223072347,0.8818328657655361,0.7845362577573749
LAB,2026050614,0.4166666666,5,109512.57502194648,0.5833333333,7,194093.10314411204,100,12,0.7821135147,0.2178864853,2026-05-06 14:00:00+00:00,-1.0,-8148.010037807544,-15987.106999973097,-0.028158912199999997,long,False,True,False,False,3.6895,0.06664859737091744,0.12649410489226187,0.1377693454397615,0.2347472557257082,0.14175362515245982
LAB,2026050615,0.4615384615,6,115544.52965871077,0.5384615385,7,192342.2148187108,100,13,0.800361857,0.199638143,2026-05-06 15:00:00+00:00,1.0,-1750.8883254012326,6031.954636764291,0.018248342299999942,long,True,True,False,False,3.9354,0.10687604817807594,0.05231996747471679,0.09038471311683693,0.13876607206383085,-0.02810387762362143
LAB,2026050616,0.3571428571,5,111860.447433569,0.6428571429,9,188308.7629442681,100,14,0.7970133882,0.2029866118,2026-05-06 16:00:00+00:00,1.0,-4033.4518744427187,-3684.0822251417703,-0.0033484687999999485,long,True,True,False,False,4.356,-0.04586776859504127,-0.04005968778696056,0.0005968778696052723,0.018388429752066004,-0.06161616161616157
LAB,2026050617,0.3846153846,5,97145.12795063492,0.6153846154,8,215268.8039979736,100,13,0.7256367995,0.2743632005,2026-05-06 17:00:00+00:00,-1.0,26960.0410537055,-14715.31948293408,-0.07137658869999997,long,True,True,False,False,4.1562,-0.0035850055339011755,0.0100091429671334,0.0961936384197104,0.03226504980511047,0.005726384678311769
LAB,2026050618,0.3846153846,5,91888.35201368092,0.6153846154,8,216440.22665842224,100,13,0.7122718901,0.2877281099,2026-05-06 18:00:00+00:00,0.0,1171.4226604486466,-5256.775936954,-0.013364909400000013,long,True,False,False,False,4.1413,0.009707096805350979,0.036172216453770556,0.0890541617366527,0.13423321179339798,0.030232052737063198
LAB,2026050619,0.3846153846,5,83053.37745182053,0.6153846154,8,225275.20122028264,100,13,0.6843375946,0.3156624054,2026-05-06 19:00:00+00:00,0.0,8834.974561860407,-8834.974561860392,-0.02793429550000004,long,True,False,False,False,4.1815,0.00389812268324774,0.04235322252780116,0.058758818605763485,0.11170632548128667,0.03328948941767318
LAB,2026050620,0.3636363636,4,101106.11863265472,0.6363636364,7,214368.62403944845,100,11,0.735823034,0.264176966,2026-05-06 20:00:00+00:00,-2.0,-10906.577180834196,18052.741180834186,0.051485439400000055,long,False,True,False,False,4.1978,0.02222592786697808,0.08533041116775464,0.08523512315975035,0.07804087855543385,-0.0027395302301205238
LAB,2026050621,0.4615384615,6,125534.6974300386,0.6153846154,8,234040.05622830673,100,13,0.7681906239,0.2318093761,2026-05-06 21:00:00+00:00,2.0,19671.432188858278,24428.57879738389,0.03236758989999999,long,True,False,False,False,4.2911,0.01573023234135773,0.05103586492973844,0.04437090722658521,0.05753769429749944,-0.0031693505161847213
LAB,2026050622,0.6,6,119533.21688817749,0.5,5,228141.53397194316,100,10,0.7619716252,0.2380283748,2026-05-06 22:00:00+00:00,-3.0,-5898.522256363562,-6001.480541861121,-0.006218998700000089,long,False,True,False,False,4.3586,0.04528977194511996,0.0157389987610701,0.017780938833570348,0.023746157022897396,0.04320194557885548
LAB,2026050623,0.5384615384,7,112087.33226138393,0.4615384615,6,273794.9653451496,100,13,0.7046920989,0.2953079011,2026-05-06 23:00:00+00:00,3.0,45653.43137320646,-7445.884626793559,-0.057279526299999994,long,True,False,False,False,4.556,-0.01007462686567151,-8.779631255484421e-05,-0.058318700614574115,-0.2516681299385426,-0.011215978928884929
LAB,2026050701,0.4285714285,6,-3502.0191821562375,0.5714285714,8,313673.0498906937,100,14,0.4944177238,0.5055822762,2026-05-07 01:00:00+00:00,1.0,39878.08454554406,-115589.35144354016,-0.21027437509999997,short,False,False,False,False,4.4272,0.029002529815684852,0.0020102999638595964,0.05000903505601739,-0.05170310805927003,0.04372967112396098
LAB,2026050702,0.3571428571,5,-55230.423258136936,0.6428571429,9,305558.9529558858,100,14,0.4096239486,0.5903760514,2026-05-07 02:00:00+00:00,0.0,-8114.096934807894,-51728.404075980696,-0.08479377519999998,short,False,False,False,False,4.5556,-0.01626569496882968,-0.05823601720958815,-0.006629203617525614,-0.07531389937659139,0.010273070506629178
LAB,2026050703,0.3571428571,5,-259529.30913013112,0.6428571429,9,502897.62882788,100,14,0.241966064,0.758033936,2026-05-07 03:00:00+00:00,0.0,197338.67587199423,-204298.8858719942,-0.1676578846,short,False,False,True,False,4.4815,-0.010130536650674982,0.04813120606939636,0.012607385919892966,-0.14653575811670183,0.05473613745397743
LAB,2026050704,0.3571428571,5,-259546.30256759177,0.6428571429,9,502914.62226534064,100,14,0.241957888,0.758042112,2026-05-07 04:00:00+00:00,0.0,16.99343746062368,-16.993437460652785,-8.175999999998629e-06,short,False,False,True,False,4.4361,-0.03286670724284835,0.04790243682513928,0.005861004035075945,-0.07855999639322819,0.029936205225310708
LAB,2026050705,0.3571428571,5,-31184.044473591577,0.6428571429,9,274552.3641713404,100,14,0.4432092953,0.5567907047,2026-05-07 05:00:00+00:00,0.0,-228362.25809400022,228362.2580940002,0.20125140729999996,short,False,False,False,False,4.2903,0.09484185255110344,0.05479803277160111,-0.20532363704169876,-0.0257091578677483,0.05726872246696013
LAB,2026050706,0.3846153846,5,-31585.068473591575,0.6153846154,8,274953.38817134046,100,13,0.4425628673,0.5574371327,2026-05-07 06:00:00+00:00,-1.0,401.024000000034,-401.0239999999976,-0.0006464279999999767,short,False,False,False,False,4.6972,-0.010346589457549071,-0.03389253172102513,-0.2203866133015413,-0.09169292344375368,-0.030677850634420523
LAB,2026050707,0.3846153846,5,-31585.068473591575,0.6153846154,8,274953.38817134046,100,13,0.4425628673,0.5574371327,2026-05-07 07:00:00+00:00,0.0,0.0,0.0,0.0,short,False,False,False,False,4.6486,-0.02650260293421669,-0.04011960590285235,-0.09686787419868359,-0.07053736608871475,-0.03209568472228208
LAB,2026050708,0.4615384615,6,-61850.189473591585,0.6153846154,8,305309.02317134046,100,13,0.3987088739,0.6012911261,2026-05-07 08:00:00+00:00,0.0,30355.63500000001,-30265.12100000001,-0.04385399340000001,short,False,False,True,False,4.5254,0.0027842842621645936,-0.24660803464887082,-0.0691430591770893,-0.07493260264286028,-0.014473858664427519
LAB,2026050709,0.4615384615,6,-58938.63047359157,0.6153846154,8,353799.9441713405,100,13,0.416706275,0.583293725,2026-05-07 09:00:00+00:00,0.0,48490.92100000003,2911.5590000000157,0.017997401100000032,short,False,False,False,False,4.538,-0.01672542970471569,-0.19303657999118562,-0.15716174526223003,-0.05740414279418249,-0.04933891582194805
LAB,2026050710,0.5,6,-53005.59247359156,0.5833333333,7,356567.8641713405,100,12,0.4256725047,0.5743274953,2026-05-07 10:00:00+00:00,-1.0,2767.9199999999837,5933.038000000008,0.008966229699999995,short,False,False,False,False,4.4621,-0.2359203065821026,-0.059120145223101384,-0.08392909168328822,0.019004504605454775,-0.038098653100558266
LAB,2026050711,0.5384615384,7,-61101.989473591566,0.6153846154,8,364755.8091713405,100,13,0.4162426095,0.5837573905,2026-05-07 11:00:00+00:00,1.0,8187.945000000007,-8096.3970000000045,-0.009429895199999982,short,False,False,False,False,3.4094,0.07408928257171343,0.23555464304569718,0.22602217398955804,0.3213175338769285,0.2785240804833695
LAB,2026050712,0.5833333333,7,-54311.03947359156,0.5833333333,7,358052.75117134047,100,12,0.4241577682,0.5758422318,2026-05-07 12:00:00+00:00,-1.0,-6703.058000000019,6790.950000000004,0.00791515869999998,short,False,False,False,False,3.662,0.14645002730748224,0.04445658110322226,0.16507373020207528,0.2400600764609504,0.11993446204259972
LAB,2026050713,0.5833333333,7,-53318.50647359156,0.5833333333,7,357326.8361713405,100,12,0.4253925243,0.5746074757,2026-05-07 13:00:00+00:00,0.0,-725.914999999979,992.5330000000031,0.0012347561000000118,short,False,False,False,False,4.1983,0.0033823214158112958,-0.02636781554438694,0.02915465783769644,0.10063597170283223,0.006836100326322647
LAB,2026050714,0.5384615384,7,-55124.85151902612,0.6153846154,8,358936.50121677504,100,13,0.4232108585,0.5767891415,2026-05-07 14:00:00+00:00,1.0,1609.6650454345508,-1806.3450454345584,-0.00218166580000001,short,False,False,False,False,4.2125,-0.09203560830860535,-0.007715133531157381,-0.006219584569733039,0.09255786350148365,0.022314540059346966
LAB,2026050715,0.5,7,-128831.15292115157,0.5714285714,8,472345.8586189005,100,14,0.3636262491,0.6363737509,2026-05-07 15:00:00+00:00,1.0,113409.35740212543,-73706.30140212545,-0.05958460939999999,short,False,False,True,False,3.8248,0.06870947500522906,0.11548316251830149,0.11835912988914443,0.2358293244091194,0.12625496758000399
LAB,2026050716,0.5,7,-144698.1604211516,0.6428571429,9,457512.7111189005,100,14,0.3418643275,0.6581356725,2026-05-07 16:00:00+00:00,0.0,-14833.147499999963,-15867.007500000036,-0.02176192160000001,short,False,False,True,True,4.0876,0.022604951560817987,0.05702612780115479,0.11236422350523534,0.11774635482923967,0.03197475291124374
LAB,2026050717,0.4615384615,6,-133864.0614211516,0.6153846154,8,445836.7561189005,100,13,0.3498732332,0.6501267668,2026-05-07 17:00:00+00:00,-1.0,-11675.955000000016,10834.099000000017,0.008008905700000013,short,False,False,False,True,4.18,0.02069377990430632,0.0015071770334929013,0.07772727272727287,0.08516746411483256,0.0024880382775120946
LAB,2026050718,0.5,7,-123408.05642115157,0.5714285714,8,455396.2451189005,100,14,0.3645047497,0.6354952503,2026-05-07 18:00:00+00:00,1.0,9559.489000000001,10456.00500000002,0.014631516499999997,short,False,False,True,True,4.2665,0.012703621235204743,0.002578225711941995,0.06436188913629448,0.0671744990038674,-0.024282198523379872
LAB,2026050719,0.5384615384,7,-114167.31667157749,0.5384615385,7,446155.5053693264,100,13,0.372054345,0.627945655,2026-05-07 19:00:00+00:00,-1.0,-9240.739749574102,9240.739749574088,0.007549595299999989,short,False,False,False,True,4.3207,-0.031106070775568817,0.0523526280463813,0.06945633809336438,0.04135903904459903,-0.05742125118615038
LAB,2026050720,0.6666666666,10,385192.85832248017,0.4,6,554698.0109068379,100,15,0.8472095182,0.1527904818,2026-05-07 20:00:00+00:00,2.0,108542.50553751149,499360.1749940576,0.4751551732,long,True,False,False,False,4.1863,0.021785347442849323,0.07610539139574324,0.09939564770800002,0.06535604232854797,-0.04400066884838638
LAB,2026050721,0.6428571428,9,372513.11603788176,0.4285714286,6,545708.0943123994,100,14,0.8413117011,0.1586882989,2026-05-07 21:00:00+00:00,-1.0,-8989.916594438488,-12679.742284598411,-0.005897817100000036,long,False,True,False,False,4.2775,0.06298071303331398,0.061624780829924175,0.10503798947983634,0.008556399766218581,-0.03109292811221509
LAB,2026050722,0.6153846153,8,316579.72879603144,0.3846153846,5,484840.88923505595,100,13,0.8264779599,0.1735220401,2026-05-07 22:00:00+00:00,-1.0,-60867.205077343446,-55933.387241850316,-0.014833741200000028,long,False,True,False,False,4.5469,-0.009237062614088631,0.016252831599551376,0.0048384613692846745,-0.05603817985880499,-0.08933559128197233
LAB,2026050723,0.6153846153,8,311428.3180857374,0.3846153846,5,479689.47852476186,100,13,0.8246144975,0.1753855025,2026-05-07 23:00:00+00:00,0.0,-5151.410710294091,-5151.4107102940325,-0.0018634623999999045,long,False,True,False,False,4.5049,0.008035694466025811,0.02164309973584322,0.0069035938644586015,-0.03238695642522593,-0.11407578414615194
LAB,2026050801,0.5714285714,8,310131.05514625914,0.4285714286,6,484246.2735852836,100,14,0.8202203837,0.1797796163,2026-05-08 01:00:00+00:00,1.0,4556.795060521748,-1297.2629394782707,-0.004394113799999988,long,True,False,False,False,4.6208,-0.003981994459833715,-0.011231821329639846,-0.026272506925207884,-0.08522333795013848,-0.10885560941828254
LAB,2026050802,0.4545454545,5,289405.10596986854,0.5454545455,6,460634.5211694564,100,11,0.814137448,0.185862552,2026-05-08 02:00:00+00:00,-3.0,-23611.752415827184,-20725.949176390597,-0.0060829357000000694,long,False,True,False,False,4.6024,0.02702937597775068,-0.014427255345037526,-0.03096210672692512,-0.0642925430210326,-0.07652529115244222
LAB,2026050803,0.4545454545,5,287514.12458061834,0.5454545455,6,460720.61978020624,100,11,0.812026543,0.187973457,2026-05-08 03:00:00+00:00,0.0,86.09861074981745,-1890.9813892501988,-0.0021109049999999963,long,True,False,False,False,4.7268,-0.03340526360328333,-0.0367479055597868,-0.0873106541423373,-0.08866463569433869,-0.08993399339933983
LAB,2026050804,0.3333333333,4,251153.71658061832,0.6666666667,8,443314.89978020615,100,12,0.7832678494,0.2167321506,2026-05-08 04:00:00+00:00,1.0,-17405.72000000009,-36360.408000000025,-0.02875869359999994,long,True,True,False,False,4.5689,-0.007200857974567265,-0.01521153888244442,-0.06058351025410946,-0.07673619470769766,-0.06546433496027493
LAB,2026050805,0.3333333333,4,253429.86327075915,0.6666666667,8,441038.7530900654,100,12,0.7873101983,0.2126898017,2026-05-08 05:00:00+00:00,0.0,-2276.1466901407694,2276.1466901408276,0.004042348899999992,long,False,True,False,False,4.536,0.0037698412698412564,-0.016776895943562464,-0.03902116402116396,-0.07619047619047603,-0.060934744268077545
LAB,2026050806,0.3333333333,4,253429.86327075915,0.6666666667,8,441038.7530900654,100,12,0.7873101983,0.2126898017,2026-05-08 06:00:00+00:00,0.0,0.0,0.0,0.0,long,False,False,False,False,4.5531,-0.01179416221914742,-0.05249170894555355,-0.09925105971755488,-0.08569985284751047,-0.05978344424677684
LAB,2026050807,0.3636363636,4,248059.12427075917,0.6363636364,7,446409.4920900654,100,11,0.7778380933,0.2221619067,2026-05-08 07:00:00+00:00,-1.0,5370.739000000001,-5370.738999999972,-0.009472105000000064,long,True,True,False,False,4.4994,-0.008778948304218215,-0.046072809707961127,-0.06054140552073595,-0.09485709205671855,-0.06947593012401654
LAB,2026050808,0.3333333333,4,243795.35843742584,0.6666666667,8,450311.918256732,100,12,0.7706960981,0.2293039019,2026-05-08 08:00:00+00:00,1.0,3902.4261666666134,-4263.765833333338,-0.007141995200000029,long,True,False,False,False,4.4599,-0.03269131594878816,-0.022623825646314932,-0.03439539003116676,-0.10264804143590656,-0.06455301688378678
LAB,2026050809,0.4166666666,5,250839.50315892108,0.5833333333,7,449189.8709782272,100,12,0.7792132229,0.2207867771,2026-05-08 09:00:00+00:00,0.0,-1122.0472785048187,7044.1447214952495,0.008517124799999998,long,False,True,False,False,4.3141,-0.005099557265710208,-0.04934980644862186,-0.001483507568206588,-0.0393129505574743,
LAB,2026050810,0.3333333333,4,243470.81854577592,0.6666666667,8,450636.4581483819,100,12,0.7701410573,0.2298589427,2026-05-08 10:00:00+00:00,0.0,1446.5871701547294,-7368.68461314516,-0.009072165599999904,long,True,False,False,False,4.2921,0.01558677570420075,-0.015167400573145806,-0.017194380373243723,-0.03527410824538102,
LAB,2026050811,0.4166666666,5,261427.93643742584,0.5833333333,7,462656.440256732,100,12,0.7825292308,0.2174707692,2026-05-08 11:00:00+00:00,0.0,12019.982108350086,17957.11789164992,0.012388173499999988,long,True,False,False,False,4.359,-0.059142005047029045,-0.012044046799724706,-0.03867859600825874,-0.0844230328056893,
LAB,2026050812,0.3846153846,5,252357.65986389655,0.6923076923,9,471726.7168302613,100,13,0.7674828993,0.2325171007,2026-05-08 12:00:00+00:00,1.0,9070.276573529292,-9070.276573529292,-0.01504633150000001,long,True,False,False,False,4.1012,0.03067394908807186,0.05035111674631798,0.015044377255437169,0.006217692382717077,
LAB,2026050813,0.4166666666,5,253679.54828249625,0.6666666667,8,470404.8284116616,100,12,0.7696396092,0.2303603908,2026-05-08 13:00:00+00:00,-1.0,-1321.8884185996721,1321.8884185997013,0.0021567098999999423,long,False,True,False,False,4.227,0.01880766501064568,-0.0020581973030519007,-0.036527087769103295,-0.0258339247693401,
LAB,2026050814,0.3846153846,5,252720.39828249623,0.6923076923,9,471363.9784116616,100,13,0.7680735162,0.2319264838,2026-05-08 14:00:00+00:00,1.0,959.1499999999651,-959.1500000000233,-0.0015660929999999906,long,True,False,False,False,4.3065,0.00027864855451054105,-0.026959247648902673,-0.07068384999419464,-0.013073261349123233,
LAB,2026050815,0.3333333333,4,255972.41587169815,0.6666666667,8,467750.621155793,100,12,0.7736206049,0.2263793951,2026-05-08 15:00:00+00:00,-1.0,-3613.3572558685555,3252.017589201918,0.00554708869999998,long,False,True,False,False,4.3077,-0.020753534368688542,-0.033614225688882726,-0.03788564663277383,-0.00139285465561656,
LAB,2026050816,0.3076923076,4,205283.14387169812,0.6923076923,9,518439.893155793,100,13,0.6979816238,0.3020183762,2026-05-08 16:00:00+00:00,1.0,50689.272,-50689.272000000026,-0.0756389811,long,True,False,False,False,4.2183,-0.006614038830808577,-0.03453998056088936,-0.01839603631794806,0.012208709669772055,
LAB,2026050817,0.25,3,189900.8158716981,0.75,9,503845.121155793,100,12,0.6884515775,0.3115484225,2026-05-08 17:00:00+00:00,-1.0,-14594.771999999997,-15382.328000000009,-0.009530046299999984,long,False,True,False,False,4.1904,-0.006562619320351404,-0.04493604429171438,-0.04758495609011082,0.016513936617029268,
LAB,2026050818,0.2307692307,3,190300.30332521928,0.7692307692,10,503445.6337022719,100,13,0.6889978684,0.3110021316,2026-05-08 18:00:00+00:00,1.0,-399.4874535211129,399.4874535211711,0.0005462909000000238,long,True,True,False,False,4.1629,-0.0216916092147299,-0.004419995676091082,-0.008695861058396814,0.028345624444497952,
LAB,2026050819,0.3333333333,4,195204.6110609733,0.6666666667,8,504207.2694999978,100,12,0.6935757602,0.3064242398,2026-05-08 19:00:00+00:00,-1.0,761.635797725874,4904.307735754002,0.004577891800000011,long,True,True,False,False,4.0726,-0.017310808819918533,0.01672150468987854,0.011098561115749028,0.028041054854392566,
LAB,2026050820,0.3333333333,4,243178.27704218592,0.6666666667,8,453944.7874812104,100,12,0.7678500599,0.2321499401,2026-05-08 20:00:00+00:00,0.0,-50262.482018787356,47973.66598121263,0.07427429969999999,long,False,True,False,False,4.0021,0.03558131980710111,-0.002773543889458163,0.06199245396167008,0.04245271232602854,
LAB,2026050821,0.3333333333,4,190679.90919024436,0.6666666667,8,508969.903629269,100,12,0.6873194346,0.3126805654,2026-05-08 21:00:00+00:00,0.0,55025.11614805856,-52498.367851941555,-0.08053062529999999,long,True,False,False,False,4.1445,-0.0009168777898419522,-0.004294848594522893,0.03792978646398848,,
LAB,2026050822,0.3076923076,4,188641.45362078745,0.6923076923,9,508856.14005981205,100,13,0.6853583348,0.3146416652,2026-05-08 22:00:00+00:00,1.0,-113.7635694569326,-2038.4555694569135,-0.0019610998000000324,long,True,True,False,False,4.1407,-0.036153307411790236,-0.005530465863259781,0.031178303185451783,,
LAB,2026050823,0.3076923076,4,175516.67746839934,0.6923076923,9,520690.065907424,100,13,0.6685423719,0.3314576281,2026-05-08 23:00:00+00:00,0.0,11833.925847611972,-13124.776152388105,-0.01681596289999998,long,True,False,False,False,3.991,0.034001503382610654,0.06494612878977701,0.06730142821348029,,
LAB,2026050901,0.3076923076,4,160187.31248224675,0.6923076923,9,537962.3349212714,100,13,0.6488833902,0.3511166098,2026-05-09 01:00:00+00:00,0.0,17272.2690138474,-15329.364986152592,-0.019658981700000022,long,True,False,False,False,4.1178,0.03215309145660328,0.036912914663169705,0.016756520472096748,,
LAB,2026050902,0.25,3,154378.81895200085,0.75,9,532153.8413910256,100,12,0.6450509297,0.3549490703,2026-05-09 02:00:00+00:00,-1.0,-5808.493530245847,-5808.493530245905,-0.003832460499999968,long,False,True,False,False,4.2502,0.012117076843442653,0.0022116606277349238,-0.01839913415839267,,
LAB,2026050903,0.2727272727,3,223108.28285787476,0.7272727273,8,465775.86729689926,100,11,0.7395017631,0.2604982369,2026-05-09 03:00:00+00:00,-1.0,-66377.97409412632,68729.46390587391,0.09445083340000004,long,False,True,False,False,4.3017,-0.007415672873515189,-0.00483529767301305,,,
LAB,2026050904,0.2727272727,3,212135.08130103475,0.7272727273,8,476361.56174005935,100,11,0.7226618374,0.2773381626,2026-05-09 04:00:00+00:00,0.0,10585.694443160086,-10973.20155684001,-0.016839925700000036,long,True,False,False,False,4.2698,-0.0023888706730994524,-0.01943884959482889,,,
LAB,2026050905,0.3,3,240188.43303414216,0.7,7,448621.36547316675,100,10,0.7676961592,0.2323038408,2026-05-09 05:00:00+00:00,-1.0,-27740.1962668926,28053.35173310741,0.0450343218,long,False,True,False,False,4.2596,0.005000469527655094,-0.020565311296835365,,,
DOGE,2026050605,0.875,7,204631.42970167936,0.25,2,688719.4297016886,100,8,0.6485593558,0.3514406442,2026-05-06 05:00:00+00:00,,,,,long,False,False,False,False,0.1158,-0.004231433506044935,0.00820379965457696,0.006131260794473237,-0.023402417962003486,-0.04412780656303972
DOGE,2026050606,0.875,7,202974.7900102368,0.25,2,687062.790010246,100,8,0.6477119653,0.3522880347,2026-05-06 06:00:00+00:00,0.0,-1656.6396914426005,-1656.6396914425713,-0.0008473905000000448,long,False,True,False,False,0.11531,0.002948573410805677,0.008498829242910455,0.006330760558494575,-0.02263463706530222,-0.033735148729511666
DOGE,2026050607,0.7777777777,7,-41179.96431763418,0.3333333333,3,931304.2756823658,100,9,0.4778912406,0.5221087594,2026-05-06 07:00:00+00:00,1.0,244241.48567211977,-244154.75432787096,-0.16982072469999998,short,False,False,False,False,0.11565,0.009511456982274069,0.006312148724600064,-0.025075659316904475,-0.02360570687418928,-0.03467358408992649
DOGE,2026050608,0.8888888888,8,427357.1597938914,0.2222222222,2,476560.00459389144,100,9,0.9483770728,0.0516229272,2026-05-06 08:00:00+00:00,0.0,-454744.2710884743,468537.1241115256,0.47048583220000006,long,False,True,False,False,0.11675,-0.00394004282655247,-0.0020556745182013225,-0.03349036402569605,-0.034432548179871625,-0.04573875802997873
DOGE,2026050609,0.8888888888,8,433734.57483747136,0.2222222222,2,482937.4196374714,100,9,0.9490587778,0.0509412222,2026-05-06 09:00:00+00:00,0.0,6377.415043579938,6377.415043579938,0.0006817049999999769,long,True,False,False,False,0.11629,0.0007739272508384687,-0.0021497979189956107,-0.02794737294694305,-0.028463324447501992,-0.04265199071287307
DOGE,2026050610,0.8888888888,8,427194.8670837883,0.2222222222,2,476397.71188378835,100,9,0.9483594866,0.0516405134,2026-05-06 10:00:00+00:00,0.0,-6539.707753683033,-6539.707753683033,-0.0006992912000000073,long,False,True,False,False,0.11638,0.0011170304175975865,-0.031190926275992403,-0.02766798418972327,-0.0344560921120467,-0.04648565045540465
DOGE,2026050611,0.7777777777,7,378727.59159922606,0.2222222222,2,450374.6095992261,100,9,0.9204584178,0.0795415822,2026-05-06 11:00:00+00:00,0.0,-26023.10228456225,-48467.27548456227,-0.027901068799999984,long,False,True,False,False,0.11651,-0.00403398849884129,-0.03149944210797362,-0.02935370354476019,-0.03510428289417211,-0.04677710067805341
DOGE,2026050612,0.75,6,372111.75013435737,0.25,2,443758.76813435747,100,8,0.9192725607,0.0807274393,2026-05-06 12:00:00+00:00,-1.0,-6615.84146486863,-6615.8414648686885,-0.0011858571000000762,long,False,True,False,False,0.11604,-0.02835229231299552,-0.02585315408479838,-0.0287831782144089,-0.03972768011030681,-0.039382971389176236
DOGE,2026050613,0.75,6,361618.63147378806,0.25,2,456353.64947378816,100,8,0.8962043821,0.1037956179,2026-05-06 13:00:00+00:00,0.0,12594.881339430693,-10493.118660569307,-0.02306817859999999,long,True,False,False,False,0.11275,0.0007982261640797628,0.0036363636363636598,0.001507760532150737,-0.014900221729490015,-0.02988913525498893
DOGE,2026050614,0.75,6,360699.1797476497,0.25,2,455434.19774764974,100,8,0.8959948347,0.1040051653,2026-05-06 14:00:00+00:00,0.0,-919.4517261384171,-919.4517261383589,-0.0002095474000000097,long,False,True,False,False,0.11284,0.0017724211272598378,0.0022155264090748528,-0.0009748316199928997,-0.02011697979439908,-0.034296348812477784
DOGE,2026050615,0.7777777777,7,397373.5254220964,0.2222222222,2,492108.54342209647,100,9,0.9037458104,0.0962541896,2026-05-06 15:00:00+00:00,1.0,36674.345674446726,36674.345674446726,0.007750975700000051,long,True,False,False,False,0.11304,0.0010615711252652815,-0.0030077848549187047,-0.0005307855626327518,-0.024504600141542765,-0.045205237084217975
DOGE,2026050616,0.7777777777,7,393990.45620440383,0.2222222222,2,494722.5646044039,100,9,0.8981933354,0.1018066646,2026-05-06 16:00:00+00:00,0.0,2614.0211823074496,-3383.069217692595,-0.005552475000000001,long,True,False,False,False,0.11316,-0.000618593142453161,-0.0021208907741250282,-0.006981265464828579,-0.0226228349240013,-0.04886885825379983
DOGE,2026050617,0.7777777777,7,392677.37983452075,0.2222222222,2,493409.4882345208,100,9,0.8979224044,0.1020775956,2026-05-06 17:00:00+00:00,0.0,-1313.0763698831433,-1313.0763698830851,-0.0002709309999999743,long,False,True,False,False,0.11309,-0.0034485807763727783,-0.003183305332036479,-0.005924484923512163,-0.02122203554690949,-0.04536210098151916
DOGE,2026050618,0.7777777777,7,393208.10212468257,0.2222222222,2,493940.21052468265,100,9,0.8980320833,0.1019679167,2026-05-06 18:00:00+00:00,0.0,530.7222901618807,530.7222901618225,0.00010967889999990987,long,True,False,False,False,0.1127,0.0019520851818990437,0.00248447204968949,-0.011268855368234187,-0.011357586512865891,-0.04143744454303455
DOGE,2026050619,0.625,5,55375.99978302858,0.375,3,663117.272183038,100,8,0.5417543035,0.4582456965,2026-05-06 19:00:00+00:00,-1.0,169177.0616583553,-337832.102341654,-0.35627777979999997,long,False,False,False,False,0.11292,-0.0016826071555083866,-0.004870704923840008,-0.016383280198370542,-0.011335458731845605,-0.044190577399929265
DOGE,2026050620,0.5714285714,4,-97176.05801370558,0.4285714286,3,643790.923386316,100,7,0.4245282478,0.5754717522,2026-05-06 20:00:00+00:00,-1.0,-19326.348796721897,-152552.05779673415,-0.1172260557,short,False,False,False,False,0.11273,0.002217688281735075,-0.0027499334693514843,-0.019160826754191396,-0.011709394127561445,-0.04408764304089419
DOGE,2026050621,0.5,3,-259471.47071628983,0.5,3,538713.3838837333,100,6,0.2591748428,0.7408251572,2026-05-06 21:00:00+00:00,-1.0,-105077.53950258275,-162295.41270258423,-0.16535340499999995,short,False,False,True,True,0.11298,-0.005399185696583486,-0.013719242343777638,-0.023986546291378974,-0.014604354753053661,-0.04664542396884397
DOGE,2026050622,0.8,4,109034.05080397332,0.2,1,196773.59080397343,100,5,0.7770545843,0.2229454157,2026-05-06 22:00:00+00:00,-1.0,-341939.79307975987,368505.52152026317,0.5178797414999999,long,False,True,False,False,0.11237,0.00044495861884841226,-0.011568924090059607,-0.015751535107234926,-0.012458841327756542,-0.041737118447984334
DOGE,2026050623,1.0,4,165973.7144924075,0.0,0,165973.7144924075,100,4,1.0,0.0,2026-05-06 23:00:00+00:00,-1.0,-30799.876311565924,56939.663688434186,0.22294541570000004,long,False,True,False,False,0.11242,-0.008806262230919848,-0.01645614659313288,-0.015388720868173,-0.012097491549546313,-0.04082903397971904
DOGE,2026050701,1.0,4,270565.535200003,0.0,0,270565.535200003,100,4,1.0,0.0,2026-05-07 01:00:00+00:00,0.0,104591.8207075955,104591.8207075955,0.0,long,True,False,False,False,0.11107,-0.004501665616278072,-0.004231565679301275,0.0051318988025570444,-0.015215629783019713,-0.039794724047897745
DOGE,2026050702,1.0,4,270565.535200003,0.0,0,270565.535200003,100,4,1.0,0.0,2026-05-07 02:00:00+00:00,0.0,0.0,0.0,0.0,long,False,False,False,False,0.11057,-0.0027132133490096466,0.0010852853396037254,0.007596997377226966,-0.014470471194718337,-0.038618070000904337
DOGE,2026050703,1.0,4,270565.535200003,0.0,0,270565.535200003,100,4,1.0,0.0,2026-05-07 03:00:00+00:00,0.0,0.0,0.0,0.0,long,False,False,False,False,0.11027,0.0029926543937608407,0.01042894712977227,0.009612768658746607,-0.021220640246667366,-0.03536773374444546
DOGE,2026050704,0.8,4,239401.1097000029,0.2,1,301729.9607000031,100,5,0.896714183,0.103285817,2026-05-07 04:00:00+00:00,1.0,31164.42550000007,-31164.4255000001,-0.10328581699999995,long,True,False,False,False,0.1106,0.0008137432188064508,0.009403254972875308,0.0033453887884267175,-0.026853526220614876,-0.0376130198915009
DOGE,2026050705,0.8,4,239401.1097000029,0.2,1,301729.9607000031,100,5,0.896714183,0.103285817,2026-05-07 05:00:00+00:00,0.0,0.0,0.0,0.0,long,False,False,False,False,0.11069,0.006594995031168116,0.0065046526334808785,0.003342668714427788,-0.024663474568615062,-0.043183666094498085
DOGE,2026050706,0.8,4,239401.1097000029,0.2,1,301729.9607000031,100,5,0.896714183,0.103285817,2026-05-07 06:00:00+00:00,0.0,0.0,0.0,0.0,long,False,False,False,False,0.11142,0.0019745108598097083,-0.0008077544426494665,0.00044875246813846914,-0.030425417339795424,-0.046490755699156394
DOGE,2026050707,0.6666666666,4,228281.42970000292,0.3333333333,2,312849.6407000031,100,6,0.8648420838,0.1351579162,2026-05-07 07:00:00+00:00,1.0,11119.679999999993,-11119.679999999993,-0.031872099200000004,long,True,False,False,False,0.11164,-0.0020601934790398513,-0.006001433178072446,-0.020243640272303853,-0.03323181655320673,-0.04819061268362601
DOGE,2026050708,0.6,3,109791.12930000148,0.4,2,194359.34030000164,100,5,0.7824436662,0.2175563338,2026-05-07 08:00:00+00:00,-1.0,-118490.30040000143,-118490.30040000143,-0.0823984176,long,False,True,False,False,0.11141,-0.0007180683960147372,-0.003141549232564267,-0.021901086078448984,-0.03276187056817159,-0.03994255452831874
DOGE,2026050709,0.6,3,116020.06630000153,0.4,2,200588.27730000173,100,5,0.7891995181,0.2108004819,2026-05-07 09:00:00+00:00,0.0,6228.937000000093,6228.937000000049,0.006755851899999943,long,True,False,False,False,0.11133,-0.003233629749393674,0.001257522680319756,-0.03053983652205161,-0.03251594359112542,-0.03799514955537586
DOGE,2026050710,0.5,3,109522.44970000212,0.5,3,279632.0275000023,100,6,0.6958331645,0.3041668355,2026-05-07 10:00:00+00:00,1.0,79043.75020000056,-6497.616599999412,-0.09336635360000001,long,True,False,False,False,0.11097,0.0008110300081103361,-0.014328196809948568,-0.03009822474542667,-0.02964765251869872,-0.03262142921510314
DOGE,2026050711,0.5,3,110635.54090000212,0.5,3,278518.93630000233,100,6,0.6986140374,0.3013859626,2026-05-07 11:00:00+00:00,0.0,-1113.0911999999662,1113.0911999999953,0.0027808729000000643,long,False,True,False,False,0.11106,0.0036916981811632166,-0.01881865658202786,-0.027912839906356957,-0.029083378354042955,-0.033405366468575615
DOGE,2026050712,0.6,3,120642.12970000211,0.4,2,268512.3475000023,100,5,0.7246491284,0.2753508716,2026-05-07 12:00:00+00:00,-1.0,-10006.588800000027,10006.588799999998,0.0260350909999999,long,False,True,False,False,0.11147,-0.01874943931102535,-0.03175742352202393,-0.0308603211626447,-0.04063873687987807,-0.04333004395801565
DOGE,2026050713,0.6,3,120642.12970000211,0.4,2,268512.3475000023,100,5,0.7246491284,0.2753508716,2026-05-07 13:00:00+00:00,0.0,0.0,0.0,0.0,long,False,False,False,False,0.10938,-0.0037484000731395906,-0.01599926860486378,-0.013256536844030054,-0.024958859023587632,-0.02431888827939299
DOGE,2026050714,0.8,4,174415.6731000021,0.2,1,236744.5241000023,100,5,0.8683626342,0.1316373658,2026-05-07 14:00:00+00:00,0.0,-31767.823399999994,53773.543399999995,0.14371350580000009,long,False,True,False,False,0.10897,-0.009543911168211405,-0.009268606038359106,-0.011103973570707582,-0.024502156556850396,-0.011379278700559659
DOGE,2026050715,0.8,4,174415.6731000021,0.2,1,236744.5241000023,100,5,0.8683626342,0.1316373658,2026-05-07 15:00:00+00:00,0.0,0.0,0.0,0.0,long,False,False,False,False,0.10793,-0.0027795793569905802,0.0009265264523301564,-0.002038358195126433,-0.014453812656351261,-0.00602242194014635
DOGE,2026050716,0.8333333333,5,230952.31930000213,0.1666666667,1,293281.1703000023,100,6,0.893738744,0.106261256,2026-05-07 16:00:00+00:00,1.0,56536.64620000002,56536.64620000002,0.025376109799999935,long,True,False,False,False,0.10763,0.003066059648796804,0.002787326953451519,0.0004645544922419198,-0.011056396915358091,-0.0009291089844839506
DOGE,2026050717,0.75,3,163412.81310000212,0.25,1,225741.66410000232,100,4,0.8619465058,0.1380534942,2026-05-07 17:00:00+00:00,-2.0,-67539.5062,-67539.5062,-0.03179223819999999,long,False,True,False,False,0.10796,0.0006483882919599004,-0.0018525379770285566,-0.0012041496850685451,-0.0189885142645424,0.0006483882919599004
DOGE,2026050718,0.75,3,163412.81310000212,0.25,1,225741.66410000232,100,4,0.8619465058,0.1380534942,2026-05-07 18:00:00+00:00,0.0,0.0,0.0,0.0,long,False,False,False,False,0.10803,-0.0009256687957048815,-0.0029621401462557317,-0.01008978987318343,-0.0165694714431176,0.006294547810793194
DOGE,2026050719,0.75,3,163412.81310000212,0.25,1,225741.66410000232,100,4,0.8619465058,0.1380534942,2026-05-07 19:00:00+00:00,0.0,0.0,0.0,0.0,long,False,False,False,False,0.10793,-0.0015750949689613547,-0.002316316130825502,-0.011859538589826801,-0.015472991753914589,0.009172611878069059
DOGE,2026050720,0.75,3,163412.81310000212,0.25,1,225741.66410000232,100,4,0.8619465058,0.1380534942,2026-05-07 20:00:00+00:00,0.0,0.0,0.0,0.0,long,False,False,False,False,0.10776,-0.00046399406087593853,0.0006495916852264916,-0.013548626577579714,-0.007423904974016238,0.007980697847067564
DOGE,2026050721,0.75,3,163412.81310000212,0.25,1,225741.66410000232,100,4,0.8619465058,0.1380534942,2026-05-07 21:00:00+00:00,0.0,0.0,0.0,0.0,long,False,False,False,False,0.10771,-0.0002785256707826811,-0.0071488255500882225,-0.012440813294958608,-0.005663355305913997,0.011419552502088814
DOGE,2026050722,0.6666666666,2,148008.03710000205,0.3333333333,1,273197.3183000031,100,3,0.7708812041,0.2291187959,2026-05-07 22:00:00+00:00,-1.0,47455.654200000805,-15404.77600000007,-0.09106530169999993,long,True,True,False,False,0.10768,0.0013930163447251065,-0.009565378900445842,-0.01151560178306088,-0.0030646359583952343,0.01708766716196153
DOGE,2026050723,0.6666666666,2,148008.03710000205,0.3333333333,1,273197.3183000031,100,3,0.7708812041,0.2291187959,2026-05-07 23:00:00+00:00,0.0,0.0,0.0,0.0,long,False,False,False,False,0.10783,-0.008253732727441343,-0.014189001205601293,-0.01780580543448007,-0.004451451358620018,0.015209125475285301
DOGE,2026050801,1.0,2,260283.57450000424,0.0,0,260283.57450000424,100,2,1.0,0.0,2026-05-08 01:00:00+00:00,-1.0,-12913.74379999889,112275.53740000218,0.22911879589999995,long,False,True,False,False,0.10665,-0.003281762775433572,-0.001969057665260121,-0.003656821378340336,0.00065635255508667,0.026629160806376007
DOGE,2026050802,1.0,2,260283.57450000424,0.0,0,260283.57450000424,100,2,1.0,0.0,2026-05-08 02:00:00+00:00,0.0,0.0,0.0,0.0,long,False,False,False,False,0.1063,0.0006585136406396241,-0.0036688617121354294,0.006208842897460043,0.013452492944496797,0.04007525870178741
DOGE,2026050803,1.0,2,260283.57450000424,0.0,0,260283.57450000424,100,2,1.0,0.0,2026-05-08 03:00:00+00:00,0.0,0.0,0.0,0.0,long,False,False,False,False,0.10637,0.0006580802857949486,-0.0012221491021905395,0.006862837266146338,0.008555043715333221,0.03920278273949407
DOGE,2026050804,1.0,2,260283.57450000424,0.0,0,260283.57450000424,100,2,1.0,0.0,2026-05-08 04:00:00+00:00,0.0,0.0,0.0,0.0,long,False,False,False,False,0.10644,-0.004979331078541982,-0.0016910935738445598,0.008549417512213386,0.010240511086057724,0.03786170612551665
DOGE,2026050805,1.0,2,260283.57450000424,0.0,0,260283.57450000424,100,2,1.0,0.0,2026-05-08 05:00:00+00:00,0.0,0.0,0.0,0.0,long,False,False,False,False,0.10591,0.0031158530828061526,0.009914077990746728,0.013596449815881373,0.020016995562269768,0.040694929657256074
DOGE,2026050806,1.0,2,260283.57450000424,0.0,0,260283.57450000424,100,2,1.0,0.0,2026-05-08 06:00:00+00:00,0.0,0.0,0.0,0.0,long,False,False,False,False,0.10624,0.00018825301204805633,0.008094879518072196,0.003765060240963791,0.02324924698795172,0.03849774096385539
DOGE,2026050807,1.0,2,260283.57450000424,0.0,0,260283.57450000424,100,2,1.0,0.0,2026-05-08 07:00:00+00:00,0.0,0.0,0.0,0.0,long,False,False,False,False,0.10626,0.006587615283267567,0.010257858083945193,0.0043290043290042934,0.02503293807641649,0.03613777526821016
DOGE,2026050808,1.0,3,267717.63450000423,0.0,0,267717.63450000423,100,3,1.0,0.0,2026-05-08 08:00:00+00:00,1.0,7434.059999999998,7434.059999999998,0.0,long,True,False,False,False,0.10696,0.0013089005235602524,0.003646222887060624,0.007198952879581277,0.015519820493642422,0.03281600598354517
DOGE,2026050809,1.0,3,270942.63450000423,0.0,0,270942.63450000423,100,3,1.0,0.0,2026-05-08 09:00:00+00:00,0.0,3225.0,3225.0,0.0,long,True,False,False,False,0.1071,0.002334267040149385,-0.004295051353874868,0.001680672268907557,0.017180205415499472,
DOGE,2026050810,1.0,4,312000.1149000062,0.0,0,312000.1149000062,100,4,1.0,0.0,2026-05-08 10:00:00+00:00,1.0,41057.48040000198,41057.48040000198,0.0,long,True,False,False,False,0.10735,0.0,-0.005868653935724333,0.0016767582673498094,0.020214252445272418,
DOGE,2026050811,1.0,4,440675.34140001127,0.0,0,440675.34140001127,100,4,1.0,0.0,2026-05-08 11:00:00+00:00,0.0,128675.22650000505,128675.22650000505,0.0,long,True,False,False,False,0.10735,-0.006613879832324199,0.0035398230088496963,0.0063344201210993045,0.019748486259897557,
DOGE,2026050812,1.0,4,472514.3414000143,0.0,0,472514.3414000143,100,4,1.0,0.0,2026-05-08 12:00:00+00:00,0.0,31839.000000003027,31839.000000003027,0.0,long,True,False,False,False,0.10664,0.0007501875468867159,0.006001500375093727,0.019411102775694022,0.026256564141035277,
DOGE,2026050813,1.0,5,502513.82140001433,0.0,0,502513.82140001433,100,5,1.0,0.0,2026-05-08 13:00:00+00:00,1.0,29999.48000000004,29999.48000000004,0.0,long,True,False,False,False,0.10672,0.009464017991004603,0.007589955022488715,0.020614692653673217,0.025955772113943176,
DOGE,2026050814,1.0,5,502513.82140001433,0.0,0,502513.82140001433,100,5,1.0,0.0,2026-05-08 14:00:00+00:00,0.0,0.0,0.0,0.0,long,False,False,False,False,0.10773,-0.00417710944026739,0.002784739626844779,0.00826139422630634,0.026269377146570072,
DOGE,2026050815,1.0,5,551203.9856000156,0.0,0,551203.9856000156,100,5,1.0,0.0,2026-05-08 15:00:00+00:00,0.0,48690.16420000128,48690.16420000128,0.0,long,True,False,False,False,0.10728,0.002330350484712973,0.013329604772557735,0.015473527218493599,0.030387770320656315,
DOGE,2026050816,1.0,5,561829.9856000157,0.0,0,561829.9856000157,100,5,1.0,0.0,2026-05-08 16:00:00+00:00,0.0,10626.000000000116,10626.000000000116,0.0,long,True,False,False,False,0.10753,0.004649865153910637,0.012926625127871239,0.018506463312564003,0.02734120710499388,
DOGE,2026050817,1.0,6,571830.3419000157,0.0,0,571830.3419000157,100,6,1.0,0.0,2026-05-08 17:00:00+00:00,1.0,10000.356299999985,10000.356299999985,0.0,long,True,False,False,False,0.10803,0.006294547810793194,0.005461445894658912,0.013329630658150515,0.020272146625937237,
DOGE,2026050818,1.0,6,571830.3419000157,0.0,0,571830.3419000157,100,6,1.0,0.0,2026-05-08 18:00:00+00:00,0.0,0.0,0.0,0.0,long,False,False,False,False,0.10871,0.0019317450096587585,0.002115720724864323,0.006715113605004097,0.014902032931652931,
DOGE,2026050819,1.0,6,571830.3419000157,0.0,0,571830.3419000157,100,6,1.0,0.0,2026-05-08 19:00:00+00:00,0.0,0.0,0.0,0.0,long,False,False,False,False,0.10892,-0.002754315093646764,0.005508630187293528,0.005233198677928819,0.010833639368343695,
DOGE,2026050820,1.0,6,571830.3419000157,0.0,0,571830.3419000157,100,6,1.0,0.0,2026-05-08 20:00:00+00:00,0.0,0.0,0.0,0.0,long,False,False,False,False,0.10862,0.0029460504511140684,0.007825446510771439,0.01786043085987865,0.01703185417050279,
DOGE,2026050821,1.0,5,539903.2819000155,0.0,0,539903.2819000155,100,5,1.0,0.0,2026-05-08 21:00:00+00:00,-1.0,-31927.060000000172,-31927.060000000172,0.0,long,False,True,False,False,0.10894,0.005324031577014887,0.004589682393978389,0.014686983660730624,,
DOGE,2026050822,1.0,6,578040.5473000156,0.0,0,578040.5473000156,100,6,1.0,0.0,2026-05-08 22:00:00+00:00,1.0,38137.26540000003,38137.26540000003,0.0,long,True,False,False,False,0.10952,-0.0004565376186999037,-0.00027392257121994223,0.00867421475529584,,
DOGE,2026050823,1.0,6,578040.5473000156,0.0,0,578040.5473000156,100,6,1.0,0.0,2026-05-08 23:00:00+00:00,0.0,0.0,0.0,0.0,long,False,False,False,False,0.10947,-0.00027404768429706294,0.009957065862793435,0.006851192107426796,,
DOGE,2026050901,1.0,6,594382.3257000156,0.0,0,594382.3257000156,100,6,1.0,0.0,2026-05-09 01:00:00+00:00,0.0,16341.778400000068,16341.778400000068,0.0,long,True,False,False,False,0.10949,0.009772581970956207,0.008950589094894434,0.005571285048862951,,
DOGE,2026050902,1.0,6,594382.3257000156,0.0,0,594382.3257000156,100,6,1.0,0.0,2026-05-09 02:00:00+00:00,0.0,0.0,0.0,0.0,long,False,False,False,False,0.11056,-0.00018089725036185555,-0.0030752532561505452,-0.000814037626628128,,
DOGE,2026050903,1.0,6,594382.3257000156,0.0,0,594382.3257000156,100,6,1.0,0.0,2026-05-09 03:00:00+00:00,0.0,0.0,0.0,0.0,long,False,False,False,False,0.11054,-0.0006332549303419421,-0.0018997647910259374,,,
DOGE,2026050904,1.0,6,594382.3257000156,0.0,0,594382.3257000156,100,6,1.0,0.0,2026-05-09 04:00:00+00:00,0.0,0.0,0.0,0.0,long,False,False,False,False,0.11047,-0.0022630578437584647,-0.0033493256087625545,,,
DOGE,2026050905,1.0,6,594382.3257000156,0.0,0,594382.3257000156,100,6,1.0,0.0,2026-05-09 05:00:00+00:00,0.0,0.0,0.0,0.0,long,False,False,False,False,0.11022,0.0009980039920158834,0.002268190890945432,,,
ZEC,2026050605,0.75,3,116088.1013,0.25,1,119360.6293,100,4,0.9862914261,0.0137085739,2026-05-06 05:00:00+00:00,,,,,long,False,False,False,False,543.1,0.008635610384827741,0.08425704290185965,0.0643159639108819,0.04724728410974022,-0.001067943288528883
ZEC,2026050606,0.75,3,116689.78232222222,0.25,1,118758.94827777776,100,4,0.9912883787,0.0087116213,2026-05-06 06:00:00+00:00,0.0,-601.6810222222412,601.6810222222266,0.004996952599999993,long,False,True,False,False,547.79,0.08331659942678771,0.034484017597984584,0.048558754267146176,0.033918107303893885,0.02811296299676891
ZEC,2026050607,0.75,3,117207.07381111111,0.25,1,118241.65678888888,100,4,0.9956251332,0.0043748668,2026-05-06 07:00:00+00:00,0.0,-517.2914888888772,517.2914888888918,0.00433675450000004,long,False,True,False,False,593.43,-0.007700992534923956,-0.022631144364120392,-0.04937397839677793,-0.06305714237568028,-0.04784052036465969
ZEC,2026050608,0.75,3,117207.07381111111,0.25,1,118241.65678888888,100,4,0.9956251332,0.0043748668,2026-05-06 08:00:00+00:00,0.0,0.0,0.0,0.0,long,False,False,False,False,588.86,-0.03766599870937071,-0.018391468260707144,-0.02610128044017257,-0.04323608327955719,-0.04946846449071085
ZEC,2026050609,0.8,4,137849.57441111113,0.2,1,138884.15738888888,100,5,0.9962753743,0.0037246257,2026-05-06 09:00:00+00:00,1.0,20642.5006,20642.500600000014,0.0006502411000000041,long,True,False,False,False,566.68,0.023505329286369836,0.013605562222065437,0.03128749911766793,-0.009935060351521141,0.0
ZEC,2026050610,0.75,3,117120.63331111112,0.25,1,118155.21628888889,100,4,0.9956219326,0.0043780674,2026-05-06 10:00:00+00:00,-1.0,-20728.941099999996,-20728.94110000001,-0.0006534417000000348,long,False,True,False,False,580.0,-0.0033965517241379972,-0.027362068965517294,-0.01624137931034475,-0.04456896551724143,-0.022689655172413725
ZEC,2026050611,0.75,3,117114.88905555556,0.25,1,118160.96054444445,100,4,0.9955735317,0.0044264683,2026-05-06 11:00:00+00:00,0.0,5.744255555560812,-5.744255555560812,-4.840090000002295e-05,long,True,False,False,False,578.03,-0.006297251007733151,-0.007854263619535229,-0.0160372299015622,-0.040949431690396665,-0.01160839402799152
ZEC,2026050612,0.6,3,117113.90692777776,0.4,2,118161.94267222223,100,5,0.9955652567,0.0044347433,2026-05-06 12:00:00+00:00,1.0,0.9821277777809883,-0.9821277777955402,-8.27500000000203e-06,long,True,False,False,False,574.39,-0.017862427967060723,0.01744459339473181,-0.013962638625324209,-0.04084332944515057,0.003934608889430535
ZEC,2026050613,0.6,3,117072.28742777776,0.4,2,118120.32317222223,100,5,0.9955636942,0.0044363058,2026-05-06 13:00:00+00:00,0.0,-41.6195000000007,-41.6195000000007,-1.5624999999408473e-06,long,False,True,False,False,564.13,0.01659192030205814,0.011433534823533709,-0.014393845390246907,-0.0332192934252743,0.025401946359881578
ZEC,2026050614,0.5,3,62250.1031212963,0.5,3,172923.2984787037,100,6,0.6799933949,0.3200066051,2026-05-06 14:00:00+00:00,1.0,54802.97530648149,-54822.18430648146,-0.3155702993,long,True,False,False,False,573.49,0.019041308479659458,-0.008247746255383714,-0.017594029538440137,-0.053880625642992896,-0.007253831801775079
ZEC,2026050615,0.6,3,82882.24806064814,0.4,2,152291.15353935183,100,5,0.7721177367,0.2278822633,2026-05-06 15:00:00+00:00,-1.0,-20632.144939351885,20632.14493935184,0.09212434179999995,long,False,True,False,False,584.41,-0.023664892797864434,-0.03086873941239876,-0.03997193750962513,-0.0774285176502798,-0.03446210708235653
ZEC,2026050616,0.5714285714,4,36592.239195575894,0.4285714286,3,202636.74820442408,100,7,0.5902902349,0.4097097651,2026-05-06 16:00:00+00:00,2.0,50345.59466507225,-46290.00886507225,-0.18182750179999996,long,False,False,False,False,570.58,-0.0031897367590872916,-0.025535420098846906,-0.02879526096252949,-0.05469872761050165,-0.013705352448385888
ZEC,2026050617,0.4,4,-63119.14216942844,0.6,6,300310.1519625908,100,10,0.3949100758,0.6050899242,2026-05-06 17:00:00+00:00,3.0,97673.40375816674,-99711.38136500434,-0.1953801591,short,False,False,True,False,568.76,-0.00420212391870034,-0.009424010127294435,-0.025318236162880647,-0.0461354525634714,-0.0024966593993951403
ZEC,2026050618,0.4285714285,3,-10111.543766747576,0.5714285714,4,245252.93036674755,100,7,0.4793854781,0.5206145219,2026-05-06 18:00:00+00:00,-3.0,-55057.221595843264,53007.598402680866,0.0844754023,short,False,False,False,False,566.37,-0.018291929304165122,-0.009393152885922684,-0.027261330932076278,-0.005614704168652951,-0.0031957907375038674
ZEC,2026050619,0.4285714285,3,-9659.896115589729,0.5714285714,4,244801.2827155897,100,7,0.4802699234,0.5197300766,2026-05-06 19:00:00+00:00,0.0,-451.64765115783666,451.6476511578476,0.0008844453000000363,short,False,False,False,False,556.01,0.013291127857412599,-0.003345263574396129,-0.019100375892519894,0.016240715095052094,0.008776820560781218
ZEC,2026050620,0.4285714285,3,-9659.896115589729,0.5714285714,4,244801.2827155897,100,7,0.4802699234,0.5197300766,2026-05-06 20:00:00+00:00,0.0,0.0,0.0,0.0,short,False,False,False,False,563.4,-0.004171104011359672,-0.016045438409655555,-0.03693645722399708,-0.00651402200922957,-0.010862619808306717
ZEC,2026050621,0.5714285714,4,158.44458441027055,0.4285714286,3,236967.40201558973,100,7,0.5003343172,0.4996656828,2026-05-06 21:00:00+00:00,0.0,-7833.88069999998,9818.340699999999,0.02006439379999997,long,False,False,False,False,561.05,-0.012298369129311038,-0.01803760805632293,-0.03901613046965513,0.010034756260582922,-0.009357454772301987
ZEC,2026050622,0.4,2,-54223.31149486435,0.6,3,182191.28849486436,100,5,0.3511912618,0.6488087382,2026-05-06 22:00:00+00:00,-2.0,-54776.11352072537,-54381.75607927462,-0.1491430554,short,False,False,True,True,554.15,0.00037895876567728415,-0.015807994225390254,-0.02667147884146892,0.02289993684020586,0.012956780655057454
ZEC,2026050623,0.4,2,-54223.31149486435,0.6,3,182191.28849486436,100,5,0.3511912618,0.6488087382,2026-05-06 23:00:00+00:00,0.0,0.0,0.0,0.0,short,False,False,False,False,554.36,-0.0061873151020998,-0.021231690598167208,-0.021357962334944913,0.030593837939245416,0.03647449310917095
ZEC,2026050701,0.4,2,-54211.37197123883,0.6,3,182179.3489712388,100,5,0.3512142779,0.6487857221,2026-05-07 01:00:00+00:00,0.0,-11.939523625565926,11.93952362552227,2.30160999999951e-05,short,False,False,False,True,545.39,-0.005133940849667118,-0.011037972826784426,0.036029263462842964,0.06063550853517685,0.04329012266451526
ZEC,2026050702,0.3333333333,2,-74765.17407123883,0.6666666667,4,202733.1510712388,100,6,0.3156069353,0.6843930647,2026-05-07 02:00:00+00:00,1.0,20553.8021,-20553.8021,-0.03560734259999998,short,False,False,True,False,542.59,-0.0063215319117566615,-0.00012901085534211543,0.03158922943659115,0.049282146740632804,0.05654361488416648
ZEC,2026050703,0.3333333333,2,-74765.17407123883,0.6666666667,4,202733.1510712388,100,6,0.3156069353,0.6843930647,2026-05-07 03:00:00+00:00,0.0,0.0,0.0,0.0,short,False,False,False,False,539.16,0.00038949476964167395,0.04456933006899644,0.051042362193040924,0.04657244602715327,0.060334594554492416
ZEC,2026050704,0.3333333333,2,-74689.91645226596,0.6666666667,4,202657.89345226597,100,6,0.3157241369,0.6842758631,2026-05-07 04:00:00+00:00,0.0,-75.25761897282791,75.25761897287157,0.00011720160000000535,short,False,False,False,True,539.37,0.005840146837977622,0.047592561692344715,0.050929788456903546,0.04336540779057052,0.04931679552070012
ZEC,2026050705,0.3333333333,2,-74689.91645226596,0.6666666667,4,202657.89345226597,100,6,0.3157241369,0.6842758631,2026-05-07 05:00:00+00:00,0.0,0.0,0.0,0.0,short,False,False,False,False,542.52,0.038099977880999836,0.031722332817223364,0.0530856005308562,0.04574946545749481,0.050652510506525195
ZEC,2026050706,0.3333333333,2,-74689.91645226596,0.6666666667,4,202657.89345226597,100,6,0.3157241369,0.6842758631,2026-05-07 06:00:00+00:00,0.0,0.0,0.0,0.0,short,False,False,False,False,563.19,0.003284859461282874,0.006196842983717588,0.02389957208047,0.002432571601058031,0.023793036097942144
ZEC,2026050707,0.3333333333,2,-74689.91645226596,0.6666666667,4,202657.89345226597,100,6,0.3157241369,0.6842758631,2026-05-07 07:00:00+00:00,0.0,0.0,0.0,0.0,short,False,False,False,False,565.04,-0.009397564774175193,0.0031856151776865627,0.02375053093586299,-0.007344612770777248,0.007964037944216296
ZEC,2026050708,0.3333333333,2,-74689.91645226596,0.6666666667,4,202657.89345226597,100,6,0.3157241369,0.6842758631,2026-05-07 08:00:00+00:00,0.0,0.0,0.0,0.0,short,False,False,False,False,559.73,0.012416700909366973,0.020706412020081277,0.017151126435960284,-0.0043771103925107635,0.015561074089293081
ZEC,2026050709,0.3333333333,2,-11257.769906953456,0.6666666667,4,139225.74690695343,100,6,0.4595700861,0.5404299139,2026-05-07 09:00:00+00:00,0.0,-63432.14654531254,63432.1465453125,0.1438459492,short,False,False,False,False,566.68,0.0002823462977343816,0.017593703677560635,-0.004252841109620875,-0.019199548245923626,-0.013376155855156169
ZEC,2026050710,0.3333333333,2,23601.337653984043,0.6666666667,4,104366.63934601596,100,6,0.6130693572,0.3869306428,2026-05-07 10:00:00+00:00,0.0,-34859.10756093747,34859.1075609375,0.1534992711,long,False,True,False,False,566.84,0.007903464822524908,0.020499611883423974,-0.007197798320513815,-0.009720556065203612,0.008256298073530344
ZEC,2026050711,0.2,1,-31736.841174570476,0.8,4,31768.856174570476,100,5,0.0005038739,0.9994961261,2026-05-07 11:00:00+00:00,-1.0,-72597.78317144548,-55338.17882855452,-0.6125654833,short,False,False,True,True,571.32,0.009329272561786617,-0.0034831618007421516,-0.006966323601484303,0.005706084155989721,0.00269551214730801
ZEC,2026050712,0.3333333333,2,-29734.8802984375,0.6666666667,4,83767.0360984375,100,6,0.3225144299,0.6774855701,2026-05-07 12:00:00+00:00,1.0,51998.17992386702,2001.9608761329764,0.322010556,short,False,False,True,True,576.65,0.0031388190410128747,-0.021468828578860677,-0.02096592387063212,-0.00544524408219893,-0.0030000867077083493
ZEC,2026050713,0.2,1,-56734.950698437504,0.8,4,56766.9656984375,100,5,0.0002819861,0.9997180139,2026-05-07 13:00:00+00:00,-1.0,-27000.070399999997,-27000.070400000004,-0.3222324438,short,False,False,True,True,578.46,-0.015783286657677253,-0.027141029630397995,-0.030373750994018733,-0.016353766898316247,-0.015385679217232107
ZEC,2026050714,0.25,1,-31678.9506984375,0.75,3,31710.9656984375,100,4,0.0005047938,0.9994952062,2026-05-07 14:00:00+00:00,-1.0,-25056.000000000004,25056.000000000004,0.00022280769999999996,short,False,False,False,True,569.33,-0.008887639857376284,-0.003495336623750789,-0.02116522930462139,0.006920415224913379,0.020005971931919886
ZEC,2026050715,0.3333333333,1,-23395.0984984375,0.6666666667,2,23427.1134984375,100,3,0.0006832894,0.9993167106,2026-05-07 15:00:00+00:00,-1.0,-8283.852200000001,8283.852200000001,0.00017849560000000007,short,False,False,False,True,564.27,-0.002676023889272905,0.000513938362840527,-0.015010544597444553,0.013149733283711829,0.022028461552094036
ZEC,2026050716,0.5,2,-19461.1922984375,0.5,2,27361.0196984375,100,4,0.1443628104,0.8556371896,2026-05-07 16:00:00+00:00,1.0,3933.9062000000013,3933.9061999999976,0.143679521,short,False,False,True,True,562.76,0.008138460444949924,-0.003322908522283008,-0.0025410476935104898,0.005704030137181126,0.02962186367190278
ZEC,2026050717,0.5,2,-19461.1922984375,0.5,2,27361.0196984375,100,4,0.1443628104,0.8556371896,2026-05-07 17:00:00+00:00,0.0,0.0,0.0,0.0,short,False,False,False,False,567.34,-0.004900059928790612,-0.017731871540875077,0.012761307152677315,0.0046885465505692725,0.013360595057637203
ZEC,2026050718,0.75,3,31907.5122015625,0.25,1,37622.119998437505,100,4,0.9240525547,0.0759474453,2026-05-07 18:00:00+00:00,0.0,10261.100300000006,51368.7045,0.7796897443,long,True,False,False,False,564.56,-0.006500637664729969,-0.015516508431344778,0.015853053705540576,0.021308629729346995,0.017748334986538383
ZEC,2026050719,0.6666666666,2,1092.6098015625,0.3333333333,1,6807.2175984375,100,3,0.5802537737,0.4197462263,2026-05-07 19:00:00+00:00,-1.0,-30814.902400000006,-30814.9024,-0.34379878100000005,long,False,False,False,False,560.89,-0.006436199611332016,0.000784467542655598,0.014459163115762452,0.01542191873629406,0.023195278931697816
ZEC,2026050720,0.6666666666,2,1092.6098015625,0.3333333333,1,6807.2175984375,100,3,0.5802537737,0.4197462263,2026-05-07 20:00:00+00:00,0.0,0.0,0.0,0.0,long,False,False,False,False,557.28,-0.0026557565317255616,0.031043640539764716,0.02869293712316967,0.020025839793281763,0.04118217054263584
ZEC,2026050721,0.6666666666,2,1092.6098015625,0.3333333333,1,6807.2175984375,100,3,0.5802537737,0.4197462263,2026-05-07 21:00:00+00:00,0.0,0.0,0.0,0.0,long,False,False,False,False,555.8,0.009949622166246952,0.031863979848866464,0.02858942065491199,0.005937387549478368,0.07344368477869745
ZEC,2026050722,0.6666666666,2,1092.6098015625,0.3333333333,1,6807.2175984375,100,3,0.5802537737,0.4197462263,2026-05-07 22:00:00+00:00,0.0,0.0,0.0,0.0,long,False,False,False,False,561.33,0.023604653234282846,0.013663976626939522,0.008266082340156355,0.018153314449610658,0.06350987832469301
ZEC,2026050723,0.6666666666,2,26740.1181015625,0.3333333333,1,32454.7258984375,100,3,0.9119603133,0.0880396867,2026-05-07 23:00:00+00:00,0.0,25647.5083,25647.5083,0.33170653960000007,long,True,False,False,False,574.58,-0.0018622298026385042,-0.0022799262069687076,-0.007971039715966466,-0.0029934908976992913,0.06643113230533593
ZEC,2026050801,0.6666666666,2,26740.1181015625,0.3333333333,1,32454.7258984375,100,3,0.9119603133,0.0880396867,2026-05-08 01:00:00+00:00,0.0,0.0,0.0,0.0,long,False,False,False,False,569.0,0.007504393673110732,-0.005325131810193229,0.0009490333919155436,0.0009841827768013456,0.06377855887521955
ZEC,2026050802,0.6666666666,2,26740.1181015625,0.3333333333,1,32454.7258984375,100,3,0.9119603133,0.0880396867,2026-05-08 02:00:00+00:00,0.0,0.0,0.0,0.0,long,False,False,False,False,573.27,-0.0027561184084287094,-0.005704118478203957,-0.008425349311842467,0.01299562160936385,0.07635145742843674
ZEC,2026050803,0.6666666666,2,26740.1181015625,0.3333333333,1,32454.7258984375,100,3,0.9119603133,0.0880396867,2026-05-08 03:00:00+00:00,0.0,0.0,0.0,0.0,long,False,False,False,False,571.69,-0.01000542251919756,0.00857107873148033,-0.022022424740681168,0.008763490703003418,0.07196207734961257
ZEC,2026050804,0.6666666666,2,26740.1181015625,0.3333333333,1,32454.7258984375,100,3,0.9119603133,0.0880396867,2026-05-08 04:00:00+00:00,0.0,0.0,0.0,0.0,long,False,False,False,False,565.97,0.007120518755411087,0.006307754827994394,0.009806173472092006,0.023782179267452186,0.10767355160167491
ZEC,2026050805,0.6666666666,2,26740.1181015625,0.3333333333,1,32454.7258984375,100,3,0.9119603133,0.0880396867,2026-05-08 05:00:00+00:00,0.0,0.0,0.0,0.0,long,False,False,False,False,570.0,0.011561403508771884,-0.0027368421052630376,0.005017543859649143,0.008631578947368324,0.0938245614035087
ZEC,2026050806,0.5,1,-2841.2963984375,0.5,1,2873.3113984375,100,2,0.0055710982,0.9944289018,2026-05-08 06:00:00+00:00,-1.0,-29581.4145,-29581.4145,-0.9063892151,short,False,False,True,True,576.59,-0.012227059088780745,-0.030333512547911057,-0.002896338819611932,-0.0034860125912693496,0.08531192008186039
ZEC,2026050807,0.5,1,-2841.2963984375,0.5,1,2873.3113984375,100,2,0.0055710982,0.9944289018,2026-05-08 07:00:00+00:00,0.0,0.0,0.0,0.0,short,False,False,False,False,569.54,-0.0019313832215470672,0.0034764897987851207,3.5116058573647635e-05,0.00765530076904164,0.07005653685430357
ZEC,2026050808,0.5,1,-2841.2963984375,0.5,1,2873.3113984375,100,2,0.0055710982,0.9944289018,2026-05-08 08:00:00+00:00,0.0,0.0,0.0,0.0,short,False,False,False,False,568.44,-0.01643093378368876,0.007775666737034559,0.02160298360425017,0.020740975300823195,0.06987544859615769
ZEC,2026050809,0.5,1,-2841.2963984375,0.5,1,2873.3113984375,100,2,0.0055710982,0.9944289018,2026-05-08 09:00:00+00:00,0.0,0.0,0.0,0.0,short,False,False,False,False,559.1,0.022214272938651414,0.028295474870327242,0.031479162940440064,0.06710785190484714,
ZEC,2026050810,1.0,1,16.0075,0.0,0,16.0075,100,1,1.0,0.0,2026-05-08 10:00:00+00:00,-1.0,-2857.3038984375,2857.3038984375003,0.9944289018,long,False,True,False,False,571.52,0.002344624860022515,-0.0034294512877940386,0.01384028555431116,0.044547872340425565,
ZEC,2026050811,1.0,1,16.0075,0.0,0,16.0075,100,1,1.0,0.0,2026-05-08 11:00:00+00:00,0.0,0.0,0.0,0.0,long,False,False,False,False,572.86,0.003595992039939766,0.01372062982229516,0.003595992039939766,0.06963306916174972,
ZEC,2026050812,1.0,1,16.0075,0.0,0,16.0075,100,1,1.0,0.0,2026-05-08 12:00:00+00:00,0.0,0.0,0.0,0.0,long,False,False,False,False,574.92,-0.009323036248521599,0.0030960829332777884,-0.0005913866277045265,0.052198566757114095,
ZEC,2026050813,1.0,1,16.0075,0.0,0,16.0075,100,1,1.0,0.0,2026-05-08 13:00:00+00:00,0.0,0.0,0.0,0.0,long,False,False,False,False,569.56,0.01959407261745927,0.017329166374043137,0.007619917129011888,0.0627326357188005,
ZEC,2026050814,1.0,1,16.0075,0.0,0,16.0075,100,1,1.0,0.0,2026-05-08 14:00:00+00:00,0.0,0.0,0.0,0.0,long,False,False,False,False,580.72,-0.006922441107590549,-0.009987601598016371,-0.0008437801350048568,0.06254305000688798,
ZEC,2026050815,1.0,1,16.0075,0.0,0,16.0075,100,1,1.0,0.0,2026-05-08 15:00:00+00:00,0.0,0.0,0.0,0.0,long,False,False,False,False,576.7,0.004733830414426654,-0.003676088087393836,0.03454135599098307,0.06264955782902715,
ZEC,2026050816,1.0,1,16.0075,0.0,0,16.0075,100,1,1.0,0.0,2026-05-08 16:00:00+00:00,0.0,0.0,0.0,0.0,long,False,False,False,False,579.43,-0.007783511381875274,-0.009543862071345943,0.030288386862951544,0.0819425987608513,
ZEC,2026050817,1.0,1,16.0075,0.0,0,16.0075,100,1,1.0,0.0,2026-05-08 17:00:00+00:00,0.0,0.0,0.0,0.0,long,False,False,False,False,574.92,-0.0005913866277045265,0.009236067626800404,0.06580045919432287,0.08446392541571002,
ZEC,2026050818,1.0,1,16.0075,0.0,0,16.0075,100,1,1.0,0.0,2026-05-08 18:00:00+00:00,0.0,0.0,0.0,0.0,long,False,False,False,False,574.58,-0.0011834731456020764,0.03835845313098263,0.05282119113091288,0.08910856625709207,
ZEC,2026050819,1.0,1,16.0075,0.0,0,16.0075,100,1,1.0,0.0,2026-05-08 19:00:00+00:00,0.0,0.0,0.0,0.0,long,False,False,False,False,573.9,0.011029796131730274,0.04021606551664059,0.05469594005924372,0.061927165011326224,
ZEC,2026050820,1.0,1,16.0075,0.0,0,16.0075,100,1,1.0,0.0,2026-05-08 20:00:00+00:00,0.0,0.0,0.0,0.0,long,False,False,False,False,580.23,0.028247419126897988,0.056046740085827995,0.0634403598572979,0.04813608396670288,
ZEC,2026050821,1.0,1,16.0075,0.0,0,16.0075,100,1,1.0,0.0,2026-05-08 21:00:00+00:00,0.0,0.0,0.0,0.0,long,False,False,False,False,596.62,0.0006033991485367984,0.013928463678723357,0.027169722771613447,,
ZEC,2026050822,1.0,1,16.0075,0.0,0,16.0075,100,1,1.0,0.0,2026-05-08 22:00:00+00:00,0.0,0.0,0.0,0.0,long,False,False,False,False,596.98,0.026416295353278052,0.013920064323762915,0.05013568293745174,,
ZEC,2026050823,1.0,1,16.0075,0.0,0,16.0075,100,1,1.0,0.0,2026-05-08 23:00:00+00:00,0.0,0.0,0.0,0.0,long,False,False,False,False,612.75,-0.01276213790289682,0.007001223990207972,0.01751121991024074,,
ZEC,2026050901,0.6666666666,2,-50810.4891,0.3333333333,1,83452.5509,100,3,0.1955725825,0.8044274175,2026-05-09 01:00:00+00:00,2.0,83436.5434,-50826.4966,-0.8044274175,short,False,False,True,False,605.29,0.019412182590163418,0.03571841596590075,0.0068562176807813735,,
ZEC,2026050902,0.6666666666,2,-50810.4891,0.3333333333,1,83452.5509,100,3,0.1955725825,0.8044274175,2026-05-09 02:00:00+00:00,0.0,0.0,0.0,0.0,short,False,False,False,False,617.04,-0.006822896408660628,0.010436924672630798,-0.014391287436794964,,
ZEC,2026050903,0.6666666666,2,-50810.4891,0.3333333333,1,83452.5509,100,3,0.1955725825,0.8044274175,2026-05-09 03:00:00+00:00,0.0,0.0,0.0,0.0,short,False,False,False,False,612.83,0.022975376531827685,0.021131472023236286,,,
ZEC,2026050904,0.6666666666,2,-50810.4891,0.3333333333,1,83452.5509,100,3,0.1955725825,0.8044274175,2026-05-09 04:00:00+00:00,0.0,0.0,0.0,0.0,short,False,False,False,False,626.91,-0.0054712797690257275,-0.02786683894019859,,,
ZEC,2026050905,0.6666666666,2,-50810.4891,0.3333333333,1,83452.5509,100,3,0.1955725825,0.8044274175,2026-05-09 05:00:00+00:00,0.0,0.0,0.0,0.0,short,False,False,False,False,623.48,0.0036889715788797073,-0.024571758516712672,,,
RAVE,2026050605,1.0,4,161139.1088400006,0.0,0,161139.1088400006,100,4,1.0,0.0,2026-05-06 05:00:00+00:00,,,,,long,False,False,False,False,0.6552,0.006715506715506692,0.011599511599511558,-0.009310134310134277,0.003357753357753346,-0.015720390720390665
RAVE,2026050606,1.0,4,161139.1088400006,0.0,0,161139.1088400006,100,4,1.0,0.0,2026-05-06 06:00:00+00:00,0.0,0.0,0.0,0.0,long,False,False,False,False,0.6596,-0.011522134627046654,-0.0015160703456640334,-0.01137052759248025,-0.013341419041843383,-0.019708914493632546
RAVE,2026050607,1.0,4,161139.1088400006,0.0,0,161139.1088400006,100,4,1.0,0.0,2026-05-06 07:00:00+00:00,0.0,0.0,0.0,0.0,long,False,False,False,False,0.652,0.016564417177914015,0.0,-0.010276073619632009,-0.014877300613497013,-0.01319018404907979
RAVE,2026050608,1.0,4,161139.1088400006,0.0,0,161139.1088400006,100,4,1.0,0.0,2026-05-06 08:00:00+00:00,0.0,0.0,0.0,0.0,long,False,False,False,False,0.6628,-0.006336753168376563,-0.020669885334942517,-0.03907664453832216,-0.023234761617380806,-0.024441762220881125
RAVE,2026050609,1.0,4,161139.1088400006,0.0,0,161139.1088400006,100,4,1.0,0.0,2026-05-06 09:00:00+00:00,0.0,0.0,0.0,0.0,long,False,False,False,False,0.6586,-0.01002125721226832,-0.009869419981779481,-0.008351047676890322,-0.02566049195262665,-0.0039477679927116816
RAVE,2026050610,1.0,4,161139.1088400006,0.0,0,161139.1088400006,100,4,1.0,0.0,2026-05-06 10:00:00+00:00,0.0,0.0,0.0,0.0,long,False,False,False,False,0.652,-0.004447852760736226,-0.010276073619632009,0.016717791411043015,-0.017791411042944905,0.015644171779141125
RAVE,2026050611,1.0,4,161139.1088400006,0.0,0,161139.1088400006,100,4,1.0,0.0,2026-05-06 11:00:00+00:00,0.0,0.0,0.0,0.0,long,False,False,False,False,0.6491,0.004621784008627339,-0.01879525496841783,0.012786935757202134,-0.0044677245416731015,0.03450932059775069
RAVE,2026050612,0.8,4,147422.1878300006,0.2,1,174856.0298500006,100,5,0.9215530569,0.0784469431,2026-05-06 12:00:00+00:00,1.0,13716.921009999991,-13716.92101000002,-0.0784469431,long,True,False,False,False,0.6521,-0.010427848489495517,0.0015335071308082426,-0.0019935592700505156,-0.015488422021162407,0.02361600981444556
RAVE,2026050613,0.8,4,147685.57823000057,0.2,1,175119.4202500006,100,5,0.921671046,0.078328954,2026-05-06 13:00:00+00:00,0.0,263.39040000000386,263.39039999997476,0.00011798910000004881,long,True,False,False,False,0.6453,-0.013017201301720127,0.027274136060747134,-0.004649000464900022,-0.02200526886719356,0.04385557105222371
RAVE,2026050614,0.8,4,186037.58095000064,0.2,1,213471.42297000068,100,5,0.9357435256,0.0642564744,2026-05-06 14:00:00+00:00,0.0,38352.00272000008,38352.00272000008,0.01407247959999991,long,True,False,False,False,0.6369,0.025435704192180886,0.032187156539488004,0.01648610456900612,-0.0007850525985242385,0.05212749254200033
RAVE,2026050615,0.8,4,186037.58095000064,0.2,1,213471.42297000068,100,5,0.9357435256,0.0642564744,2026-05-06 15:00:00+00:00,0.0,0.0,0.0,0.0,long,False,False,False,False,0.6531,0.015005359056806,-0.0035216659010870455,-0.017455213596692665,-0.018220793140407365,0.022508038585209
RAVE,2026050616,0.8,4,186037.58095000064,0.2,1,213471.42297000068,100,5,0.9357435256,0.0642564744,2026-05-06 16:00:00+00:00,0.0,0.0,0.0,0.0,long,False,False,False,False,0.6629,-0.008296877357067522,-0.031075577010107214,-0.033941771006185006,-0.031226429325690197,0.011615628299894265
RAVE,2026050617,0.8,4,186037.58095000064,0.2,1,213471.42297000068,100,5,0.9357435256,0.0642564744,2026-05-06 17:00:00+00:00,0.0,0.0,0.0,0.0,long,False,False,False,False,0.6574,-0.010039549741405418,-0.015211439002129623,-0.017036811682385133,-0.019014298752661918,0.037572254335260125
RAVE,2026050618,0.8,4,186037.58095000064,0.2,1,213471.42297000068,100,5,0.9357435256,0.0642564744,2026-05-06 18:00:00+00:00,0.0,0.0,0.0,0.0,long,False,False,False,False,0.6508,-0.013060848186847052,-0.013982790411800838,-0.013521819299323945,-0.0064535955746775064,0.0428703134603563
RAVE,2026050619,0.8,4,186037.58095000064,0.2,1,213471.42297000068,100,5,0.9357435256,0.0642564744,2026-05-06 19:00:00+00:00,0.0,0.0,0.0,0.0,long,False,False,False,False,0.6423,0.00794021485287244,-0.0029581192589133165,-0.01743733457885721,0.0017125953604235633,0.04203643157403092
RAVE,2026050620,0.8,4,186037.58095000064,0.2,1,213471.42297000068,100,5,0.9357435256,0.0642564744,2026-05-06 20:00:00+00:00,0.0,0.0,0.0,0.0,long,False,False,False,False,0.6474,-0.008804448563484613,-0.001853568118628357,-0.01699104108742666,-0.0012357120790855713,0.025023169601482875
RAVE,2026050621,0.8,4,186037.58095000064,0.2,1,213471.42297000068,100,5,0.9357435256,0.0642564744,2026-05-06 21:00:00+00:00,0.0,0.0,0.0,0.0,long,False,False,False,False,0.6417,-0.002025868786037166,0.0004675081813931836,-0.0007791803023220467,0.02228455664640805,0.029453015427769902
RAVE,2026050622,1.0,4,199754.5019600007,0.0,0,199754.5019600007,100,4,1.0,0.0,2026-05-06 22:00:00+00:00,-1.0,-13716.921009999991,13716.92101000005,0.06425647440000004,long,False,True,False,False,0.6404,0.009056839475327871,-0.014522173641474012,0.0028107432854467262,0.03404122423485334,0.05465334166146163
RAVE,2026050623,1.0,4,199754.5019600007,0.0,0,199754.5019600007,100,4,1.0,0.0,2026-05-06 23:00:00+00:00,0.0,0.0,0.0,0.0,long,False,False,False,False,0.6462,-0.00649953574744655,-0.015165583410708838,-0.002011761064685813,0.039151965335809225,0.04766326214794181
RAVE,2026050701,1.0,4,199754.5019600007,0.0,0,199754.5019600007,100,4,1.0,0.0,2026-05-07 01:00:00+00:00,0.0,0.0,0.0,0.0,long,False,False,False,False,0.6311,0.0083980351766757,0.017588337822848965,0.019489779749643388,0.06734273490730458,0.08081128188876563
RAVE,2026050702,1.0,4,199754.5019600007,0.0,0,199754.5019600007,100,4,1.0,0.0,2026-05-07 02:00:00+00:00,0.0,0.0,0.0,0.0,long,False,False,False,False,0.6364,0.007542426147077341,0.013356379635449445,0.016027655562539156,0.05295411690760532,0.06348208673790068
RAVE,2026050703,1.0,4,199754.5019600007,0.0,0,199754.5019600007,100,4,1.0,0.0,2026-05-07 03:00:00+00:00,0.0,0.0,0.0,0.0,long,False,False,False,False,0.6412,0.001559575795383683,0.008421709295071578,0.02308172177167811,0.04148471615720517,0.07392389270118538
RAVE,2026050704,1.0,4,199754.5019600007,0.0,0,199754.5019600007,100,4,1.0,0.0,2026-05-07 04:00:00+00:00,0.0,0.0,0.0,0.0,long,False,False,False,False,0.6422,0.004204297726565054,0.0018685767673620735,0.031142946122703297,0.04422298349423848,0.09996885705387726
RAVE,2026050705,1.0,4,199754.5019600007,0.0,0,199754.5019600007,100,4,1.0,0.0,2026-05-07 05:00:00+00:00,0.0,0.0,0.0,0.0,long,False,False,False,False,0.6449,0.0026360676073808875,0.0026360676073808875,0.04124670491549076,0.05768336176151334,0.07629089781361453
RAVE,2026050706,1.0,4,199754.5019600007,0.0,0,199754.5019600007,100,4,1.0,0.0,2026-05-07 06:00:00+00:00,0.0,0.0,0.0,0.0,long,False,False,False,False,0.6466,-0.0049489638107020895,0.014537581193937665,0.03232291988864833,0.04964429322610586,0.11815651098051361
RAVE,2026050707,1.0,4,199754.5019600007,0.0,0,199754.5019600007,100,4,1.0,0.0,2026-05-07 07:00:00+00:00,0.0,0.0,0.0,0.0,long,False,False,False,False,0.6434,0.004973577867578349,0.02921976997202358,0.04693814112527206,0.0402548958657134,0.09263288778364931
RAVE,2026050708,1.0,4,199754.5019600007,0.0,0,199754.5019600007,100,4,1.0,0.0,2026-05-07 08:00:00+00:00,0.0,0.0,0.0,0.0,long,False,False,False,False,0.6466,0.014537581193937665,0.03850912465202594,0.03634395298484394,0.026291370244355017,0.0770182493040521
RAVE,2026050709,1.0,4,199754.5019600007,0.0,0,199754.5019600007,100,4,1.0,0.0,2026-05-07 09:00:00+00:00,0.0,0.0,0.0,0.0,long,False,False,False,False,0.656,0.009451219512195186,0.01753048780487787,0.01798780487804863,0.007012195121951059,0.048170731707317005
RAVE,2026050710,1.0,4,199754.5019600007,0.0,0,199754.5019600007,100,4,1.0,0.0,2026-05-07 10:00:00+00:00,0.0,0.0,0.0,0.0,long,False,False,False,False,0.6622,0.014044095439444293,0.017215342796738087,0.012684989429175397,0.019933554817275656,0.0383569918453639
RAVE,2026050711,1.0,4,199754.5019600007,0.0,0,199754.5019600007,100,4,1.0,0.0,2026-05-07 11:00:00+00:00,0.0,0.0,0.0,0.0,long,False,False,False,False,0.6715,-0.005956813104988856,-0.0020848845867460497,0.015785554728220408,0.00819061801935983,0.022486969471332774
RAVE,2026050712,1.0,4,199754.5019600007,0.0,0,199754.5019600007,100,4,1.0,0.0,2026-05-07 12:00:00+00:00,0.0,0.0,0.0,0.0,long,False,False,False,False,0.6675,0.009138576779026186,0.00044943820224707665,0.016779026217228488,0.024269662921348356,0.013033707865168553
RAVE,2026050713,1.0,4,199754.5019600007,0.0,0,199754.5019600007,100,4,1.0,0.0,2026-05-07 13:00:00+00:00,0.0,0.0,0.0,0.0,long,False,False,False,False,0.6736,-0.005195961995249299,-0.004453681710213764,-0.006383610451306421,0.012618764845605757,0.04023159144893107
RAVE,2026050714,1.0,4,199754.5019600007,0.0,0,199754.5019600007,100,4,1.0,0.0,2026-05-07 14:00:00+00:00,0.0,0.0,0.0,0.0,long,False,False,False,False,0.6701,-0.003432323533801074,0.017907774958961342,-0.009700044769437532,0.009998507685419877,0.03909864199373225
RAVE,2026050715,1.0,4,199754.5019600007,0.0,0,199754.5019600007,100,4,1.0,0.0,2026-05-07 15:00:00+00:00,0.0,0.0,0.0,0.0,long,False,False,False,False,0.6678,0.004192872117400492,0.016322252171308893,-0.010781671159029615,0.031147050014974642,0.03504043126684642
RAVE,2026050716,1.0,4,199754.5019600007,0.0,0,199754.5019600007,100,4,1.0,0.0,2026-05-07 16:00:00+00:00,0.0,0.0,0.0,0.0,long,False,False,False,False,0.6706,0.017148821950492277,-0.001938562481359929,0.00715776916194466,0.053385028332836315,0.04533253802564863
RAVE,2026050717,1.0,4,199754.5019600007,0.0,0,199754.5019600007,100,4,1.0,0.0,2026-05-07 17:00:00+00:00,0.0,0.0,0.0,0.0,long,False,False,False,False,0.6821,-0.004984606362703481,-0.027122122855886333,-0.00747690954405511,0.0175927283389532,0.03196012314909824
RAVE,2026050718,1.0,4,199754.5019600007,0.0,0,199754.5019600007,100,4,1.0,0.0,2026-05-07 18:00:00+00:00,0.0,0.0,0.0,0.0,long,False,False,False,False,0.6787,-0.01385000736702513,-0.026668631206718696,0.007367025195226251,0.06527184322970392,0.03919257403860321
RAVE,2026050719,1.0,4,199754.5019600007,0.0,0,199754.5019600007,100,4,1.0,0.0,2026-05-07 19:00:00+00:00,0.0,0.0,0.0,0.0,long,False,False,False,False,0.6693,-0.008516360376512822,0.00911399970118043,0.019124458389362164,0.05035111310324214,0.06110862094725844
RAVE,2026050720,1.0,4,199754.5019600007,0.0,0,199754.5019600007,100,4,1.0,0.0,2026-05-07 20:00:00+00:00,0.0,0.0,0.0,0.0,long,False,False,False,False,0.6636,-0.004520795660036159,0.02019288728149493,0.019891500904159143,0.04942736588306218,0.08167570825798687
RAVE,2026050721,1.0,4,199754.5019600007,0.0,0,199754.5019600007,100,4,1.0,0.0,2026-05-07 21:00:00+00:00,0.0,0.0,0.0,0.0,long,False,False,False,False,0.6606,0.022403875264910722,0.034968210717529535,0.04238570996064195,0.04087193460490468,0.06630336058128994
RAVE,2026050722,1.0,4,199754.5019600007,0.0,0,199754.5019600007,100,4,1.0,0.0,2026-05-07 22:00:00+00:00,0.0,0.0,0.0,0.0,long,False,False,False,False,0.6754,0.0023689665383477276,0.009920047379330832,0.04589872668048578,0.018063369854900868,0.04234527687296419
RAVE,2026050723,1.0,4,199754.5019600007,0.0,0,199754.5019600007,100,4,1.0,0.0,2026-05-07 23:00:00+00:00,0.0,0.0,0.0,0.0,long,False,False,False,False,0.677,0.009896602658788778,-0.0002954209748893266,0.02525849335302799,0.014180206794682348,0.07813884785819791
RAVE,2026050801,0.8,4,184778.02342000057,0.2,1,214730.9805000008,100,5,0.9302546912,0.0697453088,2026-05-08 01:00:00+00:00,1.0,14976.478540000098,-14976.478540000127,-0.06974530879999996,long,True,False,False,False,0.6821,-0.007770121683037812,0.03562527488638034,0.03064066852367686,0.02726872892537746,0.08884327811171389
RAVE,2026050802,0.8,4,184778.02342000057,0.2,1,214730.9805000008,100,5,0.9302546912,0.0697453088,2026-05-08 02:00:00+00:00,0.0,0.0,0.0,0.0,long,False,False,False,False,0.6768,0.017434988179669153,0.025561465721040344,0.028959810874704672,0.028812056737588687,0.09249408983451546
RAVE,2026050803,0.8,4,178778.0744200005,0.2,1,220730.9295000008,100,5,0.9049683359,0.0950316641,2026-05-08 03:00:00+00:00,0.0,5999.949000000022,-5999.9490000000515,-0.025286355300000007,long,True,False,False,False,0.6886,0.025849549811211237,0.049956433343014695,-0.001452221899506223,0.0037757769387163354,0.0766773162939296
RAVE,2026050804,0.8,4,178778.0744200005,0.2,1,220730.9295000008,100,5,0.9049683359,0.0950316641,2026-05-08 04:00:00+00:00,0.0,0.0,0.0,0.0,long,False,False,False,False,0.7064,-0.01741223103057754,-0.004813137032842696,-0.026613816534541423,-0.007644394110985386,0.05039637599093982
RAVE,2026050805,0.8,4,178778.0744200005,0.2,1,220730.9295000008,100,5,0.9049683359,0.0950316641,2026-05-08 05:00:00+00:00,0.0,0.0,0.0,0.0,long,False,False,False,False,0.6941,0.04163665177928233,0.0033136435672092013,-0.01080535945829142,0.01411900302550051,0.10085002161071888
RAVE,2026050806,0.8,4,178778.0744200005,0.2,1,220730.9295000008,100,5,0.9049683359,0.0950316641,2026-05-08 06:00:00+00:00,0.0,0.0,0.0,0.0,long,False,False,False,False,0.723,-0.02766251728907332,-0.04896265560165969,-0.06473029045643153,-0.02448132780082979,0.03278008298755197
RAVE,2026050807,0.8,4,178778.0744200005,0.2,1,220730.9295000008,100,5,0.9049683359,0.0950316641,2026-05-08 07:00:00+00:00,0.0,0.0,0.0,0.0,long,False,False,False,False,0.703,-0.009388335704125117,-0.021906116642958717,-0.003271692745376864,0.010241820768136733,0.05106685633001429
RAVE,2026050808,0.8,4,178778.0744200005,0.2,1,220730.9295000008,100,5,0.9049683359,0.0950316641,2026-05-08 08:00:00+00:00,0.0,0.0,0.0,0.0,long,False,False,False,False,0.6964,-0.01263641585295816,-0.01407237219988522,-0.00014359563469268366,0.030729465824238966,0.08989086731763352
RAVE,2026050809,0.8,4,178778.0744200005,0.2,1,220730.9295000008,100,5,0.9049683359,0.0950316641,2026-05-08 09:00:00+00:00,0.0,0.0,0.0,0.0,long,False,False,False,False,0.6876,0.0,-0.016579406631762605,0.00523560209424101,0.024432809773123898,
RAVE,2026050810,0.8,4,178778.0744200005,0.2,1,220730.9295000008,100,5,0.9049683359,0.0950316641,2026-05-08 10:00:00+00:00,0.0,0.0,0.0,0.0,long,False,False,False,False,0.6876,-0.0014543339150668855,0.019051774287376366,0.019488074461896376,0.023851076207097144,
RAVE,2026050811,0.8,4,178778.0744200005,0.2,1,220730.9295000008,100,5,0.9049683359,0.0950316641,2026-05-08 11:00:00+00:00,0.0,0.0,0.0,0.0,long,False,False,False,False,0.6866,-0.015147101660355378,0.014127585202446946,0.025196621031168043,0.06306437518205654,
RAVE,2026050812,0.8,4,178778.0744200005,0.2,1,220730.9295000008,100,5,0.9049683359,0.0950316641,2026-05-08 12:00:00+00:00,0.0,0.0,0.0,0.0,long,False,False,False,False,0.6762,0.03623188405797095,0.02218278615794156,0.043034605146406335,0.08532978408754799,
RAVE,2026050813,0.8,4,178778.0744200005,0.2,1,220730.9295000008,100,5,0.9049683359,0.0950316641,2026-05-08 13:00:00+00:00,0.0,0.0,0.0,0.0,long,False,False,False,False,0.7007,-0.006279434850863352,0.0004281432852861755,0.013557870700728003,0.05994005994005991,
RAVE,2026050814,0.8,4,178778.0744200005,0.2,1,220730.9295000008,100,5,0.9049683359,0.0950316641,2026-05-08 14:00:00+00:00,0.0,0.0,0.0,0.0,long,False,False,False,False,0.6963,-0.007324429125377008,0.010914835559385327,0.030877495332471527,0.061898606922303534,
RAVE,2026050815,0.8,4,178778.0744200005,0.2,1,220730.9295000008,100,5,0.9049683359,0.0950316641,2026-05-08 15:00:00+00:00,0.0,0.0,0.0,0.0,long,False,False,False,False,0.6912,0.0141782407407407,0.02039930555555558,0.0190972222222221,0.07262731481481466,
RAVE,2026050816,0.8,4,178778.0744200005,0.2,1,220730.9295000008,100,5,0.9049683359,0.0950316641,2026-05-08 16:00:00+00:00,0.0,0.0,0.0,0.0,long,False,False,False,False,0.701,0.0041369472182597455,0.013124108416547875,0.004279600570613384,0.05848787446504988,
RAVE,2026050817,0.8,4,178778.0744200005,0.2,1,220730.9295000008,100,5,0.9049683359,0.0950316641,2026-05-08 17:00:00+00:00,0.0,0.0,0.0,0.0,long,False,False,False,False,0.7039,0.001988918880522883,0.01974712317090499,0.036937064923994845,0.08552351186248042,
RAVE,2026050818,0.8,4,178778.0744200005,0.2,1,220730.9295000008,100,5,0.9049683359,0.0950316641,2026-05-08 18:00:00+00:00,0.0,0.0,0.0,0.0,long,False,False,False,False,0.7053,0.006947398270239713,-0.0012760527435133895,0.0405501205160923,0.05869842620161636,
RAVE,2026050819,0.8,4,178778.0744200005,0.2,1,220730.9295000008,100,5,0.9049683359,0.0950316641,2026-05-08 19:00:00+00:00,0.0,0.0,0.0,0.0,long,False,False,False,False,0.7102,0.01070121092649945,-0.00872993522951293,0.04576175725147835,0.04041115178822863,
RAVE,2026050820,0.8,4,178778.0744200005,0.2,1,220730.9295000008,100,5,0.9049683359,0.0950316641,2026-05-08 20:00:00+00:00,0.0,0.0,0.0,0.0,long,False,False,False,False,0.7178,-0.0186681526887712,0.016857063248815862,0.030091947617720827,0.05739760378935643,
RAVE,2026050821,0.8,4,178778.0744200005,0.2,1,220730.9295000008,100,5,0.9049683359,0.0950316641,2026-05-08 21:00:00+00:00,0.0,0.0,0.0,0.0,long,False,False,False,False,0.7044,-0.0005678591709257219,0.041879613855763775,0.05252697331061884,,
RAVE,2026050822,0.8,4,178778.0744200005,0.2,1,220730.9295000008,100,5,0.9049683359,0.0950316641,2026-05-08 22:00:00+00:00,0.0,0.0,0.0,0.0,long,False,False,False,False,0.704,0.036789772727272796,0.054971590909091095,0.05397727272727271,,
RAVE,2026050823,0.8,4,178778.0744200005,0.2,1,220730.9295000008,100,5,0.9049683359,0.0950316641,2026-05-08 23:00:00+00:00,0.0,0.0,0.0,0.0,long,False,False,False,False,0.7299,0.005480202767502496,0.013015481572818066,0.04685573366214557,,
RAVE,2026050901,0.8,4,178778.0744200005,0.2,1,220730.9295000008,100,5,0.9049683359,0.0950316641,2026-05-09 01:00:00+00:00,0.0,0.0,0.0,0.0,long,False,False,False,False,0.7427,-0.004443247610071421,-0.0009425070688030557,-0.005116466944930731,,
RAVE,2026050902,0.8,4,178778.0744200005,0.2,1,220730.9295000008,100,5,0.9049683359,0.0950316641,2026-05-09 02:00:00+00:00,0.0,0.0,0.0,0.0,long,False,False,False,False,0.7394,0.0027048958615092378,0.033405463889640385,0.026507979442791596,,
RAVE,2026050903,0.8,4,178778.0744200005,0.2,1,220730.9295000008,100,5,0.9049683359,0.0950316641,2026-05-09 03:00:00+00:00,0.0,0.0,0.0,0.0,long,False,False,False,False,0.7414,0.0008092797410306218,0.007148637712436123,,,
RAVE,2026050904,0.8,4,178778.0744200005,0.2,1,220730.9295000008,100,5,0.9049683359,0.0950316641,2026-05-09 04:00:00+00:00,0.0,0.0,0.0,0.0,long,False,False,False,False,0.742,0.029784366576819377,-0.004177897574124012,,,
RAVE,2026050905,0.8,4,178778.0744200005,0.2,1,220730.9295000008,100,5,0.9049683359,0.0950316641,2026-05-09 05:00:00+00:00,0.0,0.0,0.0,0.0,long,False,False,False,False,0.7641,-0.0227718884962701,-0.0066745190420102185,,,
PEPE,2026050605,0.5,2,-549789.3014848708,0.5,2,779548.1995327708,100,4,0.1473667043,0.8526332957,2026-05-06 05:00:00+00:00,,,,,short,False,False,False,False,4.243e-06,-0.0021211407023332685,0.004006599104407371,0.001649776101814826,-0.024275276926702727,-0.019797313221776913
PEPE,2026050606,0.3333333333,1,-710768.3787087988,0.6666666667,2,780760.1787087988,100,3,0.0448228546,0.9551771454,2026-05-06 06:00:00+00:00,-1.0,1211.9791760280496,-160979.07722392795,-0.10254384970000001,short,False,False,True,True,4.234e-06,-0.004723665564478008,0.005904581955597621,-0.0028341993386866715,-0.02243741143127065,-0.012990080302314522
PEPE,2026050607,0.3333333333,1,-716321.66675169,0.6666666667,2,786313.46675169,100,3,0.0445062961,0.9554937039,2026-05-06 07:00:00+00:00,0.0,5553.2880428911885,-5553.2880428911885,-0.00031655850000000124,short,False,False,True,False,4.214e-06,0.010915994304698584,0.007356430944470915,-0.019458946369245278,-0.016848599905078254,0.005457997152349403
PEPE,2026050608,0.5,2,-610541.66675169,0.5,2,892093.46675169,100,4,0.1578039804,0.8421960196,2026-05-06 08:00:00+00:00,1.0,105780.0,105780.0,0.11329768429999998,short,False,False,True,True,4.26e-06,-0.00023474178403748436,-0.0023474178403755097,-0.02934272300469476,-0.0255868544600939,-0.011502347417840397
PEPE,2026050609,0.4,2,-1105181.57331969,0.6,3,1386733.37331969,100,5,0.1015161982,0.8984838018,2026-05-06 09:00:00+00:00,1.0,494639.9065680001,-494639.9065680001,-0.05628778219999998,short,False,False,True,False,4.259e-06,-0.0032871566095328264,-0.0086874853251937,-0.02606245597558121,-0.02042733035923927,-0.01737497065038751
PEPE,2026050610,0.4,2,-1186314.12037853,0.6,3,1338919.66837853,100,5,0.0569883136,0.9430116864,2026-05-06 10:00:00+00:00,0.0,-47813.704941160046,-81132.54705883982,-0.044527884600000005,short,False,False,True,True,4.245e-06,0.0011778563015312216,-0.02661955241460534,-0.021436984687868033,-0.024263839811542898,-0.014605418138987192
PEPE,2026050611,0.4,2,-1154944.360363121,0.6,3,1370289.4283939393,100,5,0.0785764903,0.9214235097,2026-05-06 11:00:00+00:00,0.0,31369.760015409207,31369.760015408974,0.021588176699999996,short,False,False,True,True,4.25e-06,-0.0065882352941175615,-0.02705882352941169,-0.025882352941176467,-0.02117647058823524,-0.01482352941176468
PEPE,2026050612,0.25,1,-1227620.99437853,0.75,3,1297612.79437853,100,4,0.0269694473,0.9730305527,2026-05-06 12:00:00+00:00,-1.0,-72676.63401540928,-72676.63401540904,-0.05160704299999999,short,False,False,True,True,4.222e-06,-0.02131691141639036,-0.017527238275698798,-0.019658929417337934,-0.02605400284225501,0.006631927996210152
PEPE,2026050613,0.4,2,-1201082.9434719405,0.6,3,1335250.2234719405,100,5,0.0502405008,0.9497594992,2026-05-06 13:00:00+00:00,1.0,37637.429093410494,26538.050906589488,0.023271053499999996,short,False,False,True,True,4.132e-06,0.0007260406582767498,0.005324298160696905,0.0026621490803484527,-0.007260406582768719,0.014762826718296207
PEPE,2026050614,0.5,3,-1044372.0274661916,0.5,3,1491961.1394776893,100,6,0.1500002581,0.8499997419,2026-05-06 14:00:00+00:00,1.0,156710.9160057488,156710.9160057489,0.0997597573,short,False,False,True,True,4.135e-06,0.003143893591293745,0.0012091898428052694,0.003869407496976951,-0.008222490931076187,0.0016928657799275548
PEPE,2026050615,0.4,2,-1078591.4174807493,0.6,3,1468847.6774950651,100,5,0.1328443602,0.8671556398,2026-05-06 15:00:00+00:00,-1.0,-23113.46198262414,-34219.39001455775,-0.017155897899999994,short,False,False,True,True,4.148e-06,0.0014464802314368974,-0.002169720347155346,0.005785920925747368,-0.013982642237222787,-0.008919961427193757
PEPE,2026050616,0.5,3,-1052106.0514989344,0.5,3,1517544.6075132503,100,6,0.1533525122,0.8466474878,2026-05-06 16:00:00+00:00,1.0,48696.93001818517,26485.365981814917,0.020508152,short,False,False,True,True,4.154e-06,-0.003370245546461259,-0.0026480500722196876,-0.002888781896966841,-0.004814636494944735,-0.009870004814636513
PEPE,2026050617,0.5,3,-1220607.5886268448,0.5,3,1393475.3986277257,100,6,0.0620275787,0.9379724213,2026-05-06 17:00:00+00:00,0.0,-124069.20888552465,-168501.53712791041,-0.09132493350000001,short,False,False,True,True,4.14e-06,-0.00024154589371994106,0.0026570048309177974,0.004830917874396157,0.004589371980676438,0.0028985507246377384
PEPE,2026050618,0.5,3,-1220607.5886268448,0.5,3,1393475.3986277257,100,6,0.0620275787,0.9379724213,2026-05-06 18:00:00+00:00,0.0,0.0,0.0,0.0,short,False,False,False,False,4.139e-06,0.000966417008939402,0.007972940323749844,-0.00652331481034063,0.009664170089393576,0.0031408552790530564
PEPE,2026050619,0.2,1,-1333870.3799896052,0.8,4,1409052.6759896053,100,5,0.0266783127,0.9733216873,2026-05-06 19:00:00+00:00,-1.0,15577.27736187959,-113262.79136276036,-0.035349266000000004,short,False,False,True,True,4.143e-06,0.0019309678976586753,-0.00024137098720722339,-0.009896210475500822,0.02268887279748988,0.0007241129616220032
PEPE,2026050620,0.0,0,-1368480.7943930756,1.0,4,1368480.7943930756,100,4,0.0,1.0,2026-05-06 20:00:00+00:00,-1.0,-40571.88159652962,-34610.414403470466,-0.0266783127,short,False,False,True,True,4.151e-06,0.005059021922428464,0.0021681522524692465,-0.012045290291495925,0.014454348349795199,-0.004577210310768298
PEPE,2026050621,0.0,0,-1356797.8305787295,1.0,5,1356797.8305787295,100,5,0.0,1.0,2026-05-06 21:00:00+00:00,1.0,-11682.96381434612,11682.96381434612,0.0,short,False,False,True,True,4.172e-06,-0.007190795781399695,-0.014381591562799723,-0.019654841802492884,0.0031160115052730752,-0.011505273250239756
PEPE,2026050622,0.25,1,-742271.3423634734,0.75,3,842055.9203682566,100,4,0.0592505649,0.9407494351,2026-05-06 22:00:00+00:00,-1.0,-514741.9102104729,614526.4882152561,0.0592505649,short,False,False,False,True,4.142e-06,0.004345726702076114,-0.00965717044905856,-0.0019314340898117788,0.009898599710284728,0.00048285852245277816
PEPE,2026050623,0.0,0,-838593.3043888661,1.0,3,838593.3043888661,100,3,0.0,1.0,2026-05-06 23:00:00+00:00,-1.0,-3462.615979390568,-96321.96202539268,-0.0592505649,short,False,False,True,True,4.16e-06,-0.011538461538461608,-0.014182692307692202,-0.00024038461538455902,0.006490384615384537,-0.0012019230769230171
PEPE,2026050701,0.0,0,-879668.9402934538,1.0,3,879668.9402934538,100,3,0.0,1.0,2026-05-07 01:00:00+00:00,0.0,41075.63590458769,-41075.63590458769,0.0,short,False,False,True,False,4.102e-06,-0.00024378352023390892,0.007801072647489082,0.03291077523159447,0.022184300341297147,0.006094588005850721
PEPE,2026050702,0.25,1,-775260.6063657183,0.75,3,988987.8063657184,100,4,0.1080535061,0.8919464939,2026-05-07 02:00:00+00:00,1.0,109318.86607226462,104408.33392773545,0.1080535061,short,False,False,True,True,4.101e-06,-0.0026822726164351662,0.014142891977566574,0.026822726164350108,0.0099975615703487,0.002682272616434833
PEPE,2026050703,0.25,1,-775236.5322893347,0.75,3,988963.7322893348,100,4,0.1080561364,0.8919438636,2026-05-07 03:00:00+00:00,0.0,-24.074076383607462,24.074076383607462,2.6303000000005294e-06,short,False,False,False,True,4.09e-06,0.010757946210268932,0.021760391198044182,0.023227383863080764,0.00513447432762848,0.009535452322738447
PEPE,2026050704,0.25,1,-775215.7075698009,0.75,3,988942.9075698009,100,4,0.1080584118,0.8919415882,2026-05-07 04:00:00+00:00,0.0,-20.82471953390632,20.824719533789903,2.2754000000013708e-06,short,False,False,False,True,4.134e-06,0.006047411707789108,0.02491533623609099,0.011852926947266473,-0.005079825834542695,-0.00048379293662292877
PEPE,2026050705,0.25,1,-783924.1142787474,0.75,3,997651.3142787472,100,4,0.1071151798,0.8928848202,2026-05-07 05:00:00+00:00,0.0,8708.406708946335,-8708.406708946452,-0.0009432320000000022,short,False,False,True,False,4.159e-06,0.004808848280836608,0.01250300553017536,0.006732387593171296,-0.001683096898292935,-0.008415484491464453
PEPE,2026050706,0.25,1,-801360.9632809774,0.75,3,1015088.1632809774,100,4,0.1052751907,0.8947248093,2026-05-07 06:00:00+00:00,0.0,17436.849002230214,-17436.849002230098,-0.0018399891000000085,short,False,False,True,False,4.179e-06,0.013878918401531548,0.00143575017946862,0.016989710457047114,-0.006460875807609456,-0.010289542952859554
PEPE,2026050707,0.25,1,-783979.2327191586,0.75,3,997706.4327191586,100,4,0.1071092622,0.8928907378,2026-05-07 07:00:00+00:00,0.0,-17381.73056181881,17381.73056181881,0.0018340715000000063,short,False,False,False,True,4.237e-06,-0.006136417276374817,-0.01274486665093244,-0.010384706160018853,-0.021477460467311915,-0.02383762095822528
PEPE,2026050708,0.25,1,-792642.1717098214,0.75,3,1006369.3717098216,100,4,0.1061872539,0.8938127461,2026-05-07 08:00:00+00:00,0.0,8662.938990663039,-8662.938990662806,-0.000922008299999999,short,False,False,True,False,4.211e-06,-0.006174305390643564,-0.005699358822132572,-0.016385656613630895,-0.018760389456186077,-0.01092377107575404
PEPE,2026050709,0.4,2,-614600.4544934268,0.6,3,1137164.288613354,100,5,0.2297661997,0.7702338003,2026-05-07 09:00:00+00:00,1.0,130794.91690353246,178041.7172163946,0.1235789458,short,False,False,True,True,4.185e-06,-0.0004778972520907976,0.015531660692950977,-0.01768219832735951,-0.014575866188769382,-0.0011947431302269385
PEPE,2026050710,0.25,1,-665523.8966810061,0.75,3,982736.7527180637,100,4,0.1613925881,0.8386074119,2026-05-07 10:00:00+00:00,-1.0,-154427.53589529044,-50923.44218757923,-0.0683736116,short,False,False,True,True,4.183e-06,0.0009562514941430234,0.0023906287353576694,-0.016734401147501687,-0.009323452067893867,0.0023906287353576694
PEPE,2026050711,0.25,1,-634767.5647663751,0.75,3,951980.4208034328,100,4,0.1666068172,0.8333931828,2026-05-07 11:00:00+00:00,0.0,-30756.331914630835,30756.33191463095,0.005214229099999995,short,False,False,False,True,4.187e-06,0.01504657272510146,-0.01074755194650101,-0.008359207069500774,-0.007642703606400736,0.001194172438500063
PEPE,2026050712,0.25,1,-616172.2938952465,0.75,3,970525.0319550436,100,4,0.1825572377,0.8174427623,2026-05-07 12:00:00+00:00,0.0,18544.611151610734,18595.270871128654,0.015950420500000007,short,False,False,True,True,4.25e-06,-0.013411764705882234,-0.03270588235294114,-0.023058823529411687,-0.027529411764705913,-0.018352941176470572
PEPE,2026050713,0.25,1,-689847.951129207,0.75,3,1044200.689189004,100,4,0.1696765486,0.8303234514,2026-05-07 13:00:00+00:00,0.0,73675.65723396046,-73675.65723396058,-0.012880689100000009,short,False,False,True,False,4.193e-06,-0.012163129024564734,-0.0190794180777486,-0.011209158120677465,-0.015740519914142825,-0.0014309563558312366
PEPE,2026050714,0.25,1,-652565.0590507676,0.75,3,1200981.1133500433,100,4,0.2283200161,0.7716799839,2026-05-07 14:00:00+00:00,0.0,156780.4241610393,37282.89207843947,0.05864346749999999,short,False,False,True,True,4.142e-06,-0.007484307098020282,0.002414292612264557,-0.002414292612264557,-0.007242877836794004,0.021970062771607735
PEPE,2026050715,0.0,0,-944314.8917993552,1.0,3,944314.8917993552,100,3,0.0,1.0,2026-05-07 15:00:00+00:00,-1.0,-256666.22155068815,-291749.8327485876,-0.2283200161,short,False,False,True,True,4.111e-06,0.0004864996351252593,0.009973242520068037,0.0031622476283141854,0.004378496716127334,0.02578448066163941
PEPE,2026050716,0.0,0,-1151507.32150834,1.0,3,1151507.32150834,100,3,0.0,1.0,2026-05-07 16:00:00+00:00,0.0,207192.4297089849,-207192.4297089849,0.0,short,False,False,True,False,4.113e-06,0.009482129832239172,0.008023340627279163,0.00753707755895916,0.004619499149039585,0.0364697301239969
PEPE,2026050717,0.3333333333,2,-668594.6026854059,0.6666666667,4,1684115.667256536,100,6,0.3014997972,0.6985002028,2026-05-07 17:00:00+00:00,3.0,532608.3457481959,482912.7188229342,0.3014997972,short,False,False,True,True,4.152e-06,0.0,-0.00481695568400764,0.0007225433526010239,-0.006743737957610851,0.03588631984585744
PEPE,2026050718,0.4,2,-608923.3546477911,0.6,3,1624444.419218921,100,5,0.3125748879,0.6874251121,2026-05-07 18:00:00+00:00,-1.0,-59671.24803761486,59671.24803761474,0.011075090700000012,short,False,False,False,True,4.152e-06,-0.0014450867052023808,-0.006743737957610851,-0.004576107899807336,-0.003853564547206201,0.043834296724470256
PEPE,2026050719,0.3333333333,2,-746006.8006405749,0.6666666667,4,1796372.4092386616,100,6,0.2923574207,0.7076425793,2026-05-07 19:00:00+00:00,1.0,171927.99001974054,-137083.44599278376,-0.020217467200000006,short,False,False,True,False,4.146e-06,-0.0033767486734199714,-0.0004823926676315038,-0.004582730342498786,-0.002411963338157186,0.04486251808972508
PEPE,2026050720,0.3333333333,2,-718780.9866916883,0.6666666667,4,1891218.9433342544,100,6,0.3099688591,0.6900311409,2026-05-07 20:00:00+00:00,0.0,94846.5340955928,27225.813948886585,0.017611438400000012,short,False,False,True,True,4.132e-06,-0.0019361084220718139,0.005566311713455896,-0.004840271055179257,0.007986447241045358,0.0462245885769601
PEPE,2026050721,0.2,1,-961633.4032168305,0.8,4,1765071.2677879604,100,5,0.2275936046,0.7724063954,2026-05-07 21:00:00+00:00,-1.0,-126147.67554629408,-242852.41652514215,-0.0823752545,short,False,False,True,True,4.124e-06,0.004849660523763344,0.00218234723569366,0.001212415130940725,0.013579049466537318,0.05237633365664407
PEPE,2026050722,0.2,1,-829910.5334124583,0.8,4,1633348.3979835885,100,5,0.2459480982,0.7540519018,2026-05-07 22:00:00+00:00,0.0,-131722.86980437185,131722.8698043722,0.018354493599999994,short,False,False,False,True,4.144e-06,0.002654440154440163,-0.004102316602316636,-0.0028957528957527234,0.011824324324324564,0.04198841698841704
PEPE,2026050723,0.3333333333,2,-590497.8277967803,0.6666666667,4,1664505.8665217431,100,6,0.3226206829,0.6773793171,2026-05-07 23:00:00+00:00,1.0,31157.468538154615,239412.705615678,0.07667258470000002,short,False,False,True,True,4.155e-06,-0.005294825511432011,-0.01034897713598082,-0.0074608904933815,0.00890493381468116,0.03826714801444031
PEPE,2026050801,0.4,2,-473899.7611786315,0.6,3,1597049.9399407627,100,5,0.3516327669,0.6483672331,2026-05-08 01:00:00+00:00,-1.0,-67455.92658098042,116598.06661814876,0.029012083999999994,short,False,False,False,True,4.127e-06,-0.0036346014053791897,0.0012115338017932853,0.0021807608432276027,0.014538405621516981,0.04967288587351604
PEPE,2026050802,0.4,2,-521955.7770841647,0.6,3,1645105.955846296,100,5,0.3413610457,0.6586389543,2026-05-08 02:00:00+00:00,0.0,48056.01590553322,-48056.01590553322,-0.010271721200000028,short,False,False,True,False,4.112e-06,0.004134241245136172,0.0029182879377431803,0.012889105058365713,0.029426070038910623,0.054474708171206254
PEPE,2026050803,0.25,1,-648486.0316255505,0.75,3,1451923.8961966804,100,4,0.276680433,0.723319567,2026-05-08 03:00:00+00:00,-1.0,-193182.05964961555,-126530.25454138574,-0.06468061269999997,short,False,False,True,True,4.129e-06,0.0007265681763140019,0.0016953257447323011,0.012351658997335813,0.021312666505207023,0.05158634051828548
PEPE,2026050804,0.25,1,-648507.8012694161,0.75,3,1451945.665840546,100,4,0.2766762846,0.7233237154,2026-05-08 04:00:00+00:00,0.0,21.769643865525723,-21.769643865642138,-4.148400000014707e-06,short,False,False,True,False,4.132e-06,-0.0019361084220718139,0.0009680542110357404,0.014762826718296207,0.031703775411422885,0.05106485963213925
PEPE,2026050805,0.25,1,-639863.5584315103,0.75,3,1443301.4230026405,100,4,0.2783333584,0.7216666416,2026-05-08 05:00:00+00:00,0.0,-8644.242837905418,8644.242837905767,0.0016570738000000196,short,False,False,False,True,4.124e-06,0.0029097963142579175,0.009941804073714922,0.016488845780795458,0.042919495635305616,0.0499515033947624
PEPE,2026050806,0.4,2,-440070.3442102543,0.6,3,1452234.7387813844,100,5,0.34848512,0.65151488,2026-05-08 06:00:00+00:00,1.0,8933.315778743941,199793.21422125603,0.07015176159999997,short,False,False,True,True,4.136e-06,0.0,0.010638297872340496,0.008704061895551396,0.04787234042553212,0.04666344294003877
PEPE,2026050807,0.4,2,-415799.6427050581,0.6,3,1511101.263301053,100,5,0.3624183392,0.6375816608,2026-05-08 07:00:00+00:00,0.0,58866.52451966866,24270.701505196223,0.013933219200000013,short,False,False,True,True,4.136e-06,0.0070116054158606556,0.013781431334622951,0.012330754352031015,0.04738878143133474,0.040860735009671245
PEPE,2026050808,0.4,2,-468829.9857535268,0.6,3,1564131.6063495218,100,5,0.350130902,0.649869098,2026-05-08 08:00:00+00:00,0.0,53030.3430484687,-53030.3430484687,-0.012287437199999973,short,False,False,True,False,4.165e-06,0.0036014405762303525,0.006482593037214768,0.01632653061224487,0.037935174069627875,0.03649459783913578
PEPE,2026050809,0.4,2,-517254.7001355123,0.6,3,1612556.3207315071,100,5,0.3396165475,0.6603834525,2026-05-08 09:00:00+00:00,0.0,48424.714381985366,-48424.71438198548,-0.010514354500000045,short,False,False,True,False,4.18e-06,0.0031100478468901738,-0.00191387559808609,0.008851674641148222,0.038277511961722466,
PEPE,2026050810,0.4,2,-495089.8523541108,0.6,3,1590391.4729501058,100,5,0.3443496897,0.6556503103,2026-05-08 10:00:00+00:00,0.0,-22164.84778140136,22164.847781401477,0.00473314220000004,short,False,False,False,True,4.193e-06,-0.0002384927259719838,-0.0014309563558312366,0.016694490818029983,0.02981159074648221,
PEPE,2026050811,0.4,2,-464169.4792045043,0.6,3,1559471.0998004992,100,5,0.3511772743,0.6488227257,2026-05-08 11:00:00+00:00,0.0,-30920.373149606632,30920.373149606516,0.006827584599999992,short,False,False,False,True,4.192e-06,-0.004770992366412208,0.00978053435114501,0.026001908396946494,0.029103053435114434,
PEPE,2026050812,0.4,2,-525644.1491038051,0.6,3,1620945.7696998,100,5,0.3378588109,0.6621411891,2026-05-08 12:00:00+00:00,0.0,61474.669899300905,-61474.66989930079,-0.013318463400000036,short,False,False,True,False,4.172e-06,0.0035953978906999584,0.010786193672099653,0.03883029721955911,0.037631831255992454,
PEPE,2026050813,0.4,2,-525644.1491038051,0.6,3,1620945.7696998,100,5,0.3378588109,0.6621411891,2026-05-08 13:00:00+00:00,0.0,0.0,0.0,0.0,short,False,False,False,False,4.187e-06,0.010986386434201023,0.018151421065201845,0.0346310007165036,0.0346310007165036,
PEPE,2026050814,0.4,2,-517064.3544888019,0.6,3,1612365.9750847968,100,5,0.3396566404,0.6603433596,2026-05-08 14:00:00+00:00,0.0,-8579.79461500328,8579.794615003164,0.0017978295000000144,short,False,False,False,True,4.233e-06,-0.0037798251830853946,0.016064257028112428,0.02126151665485465,0.02433262461611152,
PEPE,2026050815,0.4,2,-525728.1760158953,0.6,3,1621029.7966118904,100,5,0.3378412978,0.6621587022,2026-05-08 15:00:00+00:00,0.0,8663.821527093649,-8663.821527093416,-0.0018153425999999917,short,False,False,True,False,4.217e-06,0.010908228598529801,0.02774484230495622,0.029167654730851478,0.029641925539483083,
PEPE,2026050816,0.4,2,-525756.3040813023,0.6,3,1621057.9246772972,100,5,0.3378354357,0.6621645643,2026-05-08 16:00:00+00:00,0.0,28.128065406810492,-28.128065406926908,-5.862099999975889e-06,short,False,False,True,False,4.263e-06,0.008913910391743052,0.01618578465869125,0.01290171240910154,0.01876612714051129,
PEPE,2026050817,0.25,1,-730084.821096269,0.75,3,1533522.685667399,100,4,0.2619582586,0.7380417414,2026-05-08 17:00:00+00:00,-1.0,-87535.23900989816,-204328.5170149667,-0.07587717710000003,short,False,False,True,True,4.301e-06,0.007672634271099765,0.005115089514066584,0.0030225528946756786,0.006742617995814992,
PEPE,2026050818,0.25,1,-828987.8808210166,0.75,3,1632425.7453921465,100,4,0.2460871089,0.7539128911,2026-05-08 18:00:00+00:00,0.0,98903.05972474744,-98903.05972474767,-0.015871149700000003,short,False,False,True,False,4.334e-06,-0.00046146746654363024,0.0013844023996307797,-0.00115366866635902,-0.00115366866635902,
PEPE,2026050819,0.25,1,-755480.3952698275,0.75,3,1764871.6662218275,100,4,0.2859673284,0.7140326716,2026-05-08 19:00:00+00:00,0.0,132445.92082968098,73507.48555118917,0.03988021950000001,short,False,False,True,True,4.332e-06,-0.0020775623268698418,-0.003231763619575334,0.0,-0.006232686980609414,
PEPE,2026050820,0.25,1,-740908.468941717,0.75,3,1750299.739893717,100,4,0.2883481177,0.7116518823,2026-05-08 20:00:00+00:00,0.0,-14571.926328110509,14571.926328110509,0.002380789300000019,short,False,False,False,True,4.323e-06,0.003932454314133693,-0.002081887578070818,0.0030071709461021445,-0.001387925052047101,
PEPE,2026050821,0.25,1,-711857.4723616932,0.75,3,1721248.7433136932,100,4,0.2932148171,0.7067851829,2026-05-08 21:00:00+00:00,0.0,-29050.996580023784,29050.996580023784,0.0048666994000000074,short,False,False,False,True,4.34e-06,-0.005069124423963123,-0.0025345622119814504,0.00046082949308767773,,
PEPE,2026050822,0.25,1,-745791.9995300208,0.75,3,1755183.2704820207,100,4,0.2875458329,0.7124541671,2026-05-08 22:00:00+00:00,0.0,33934.52716832748,-33934.52716832759,-0.005668984200000005,short,False,False,True,False,4.318e-06,-0.0009263547938861416,0.003242241778601329,0.005789717461787802,,
PEPE,2026050823,0.25,1,-869910.9776278783,0.75,3,1879302.2485798784,100,4,0.2685547978,0.7314452022,2026-05-08 23:00:00+00:00,0.0,124118.97809785767,-124118.97809785756,-0.018991035099999998,short,False,False,True,False,4.314e-06,0.003477051460361702,0.005099675475197074,0.0037088548910524377,,
PEPE,2026050901,0.0,0,-1505642.774976108,1.0,3,1505642.774976108,100,3,0.0,1.0,2026-05-09 01:00:00+00:00,-1.0,-373659.47360377037,-635731.7973482297,-0.2685547978,short,False,False,True,True,4.332e-06,0.0009233610341641274,0.0025392428439519055,-0.006232686980609414,,
PEPE,2026050902,0.0,0,-2236482.439943854,1.0,4,2236482.439943854,100,4,0.0,1.0,2026-05-09 02:00:00+00:00,1.0,730839.6649677462,-730839.6649677462,0.0,short,False,False,True,False,4.336e-06,0.0013837638376383854,-0.0013837638376382744,-0.004381918819188035,,
PEPE,2026050903,0.0,0,-2336613.207756452,1.0,5,2336613.207756452,100,5,0.0,1.0,2026-05-09 03:00:00+00:00,1.0,100130.76781259757,-100130.76781259757,0.0,short,False,False,True,False,4.342e-06,0.00023030861354200738,-0.0029940119760478723,,,
PEPE,2026050904,0.0,0,-2316807.462150719,1.0,5,2316807.462150719,100,5,0.0,1.0,2026-05-09 04:00:00+00:00,0.0,-19805.74560573278,19805.74560573278,0.0,short,False,False,False,True,4.343e-06,-0.002993322588072722,-0.00874971218052023,,,
PEPE,2026050905,0.0,0,-2317195.5081074014,1.0,5,2317195.5081074014,100,5,0.0,1.0,2026-05-09 05:00:00+00:00,0.0,388.0459566824138,-388.0459566824138,0.0,short,False,False,True,False,4.33e-06,-0.0002309468822170313,-0.003002309468822073,,,
XRP,2026050605,1.0,1,1867960.7881158865,0.0,0,1867960.7881158865,100,1,1.0,0.0,2026-05-06 05:00:00+00:00,,,,,long,False,False,False,False,1.422,0.002812939521800173,0.014064697609001309,0.019690576652601877,0.0014064697609001975,-0.008438818565400852
XRP,2026050606,1.0,1,1792788.1972727473,0.0,0,1792788.1972727473,100,1,1.0,0.0,2026-05-06 06:00:00+00:00,0.0,-75172.59084313922,-75172.59084313922,0.0,long,False,True,False,False,1.426,0.003506311360448988,0.015427769985974837,0.013323983169705622,-0.003506311360448766,-0.007713884992987308
XRP,2026050607,1.0,1,1792788.1972727473,0.0,0,1792788.1972727473,100,1,1.0,0.0,2026-05-06 07:00:00+00:00,0.0,0.0,0.0,0.0,long,False,False,False,False,1.431,0.007686932215233977,0.013277428371767819,-0.0062893081761007386,-0.002795248078266921,-0.008385744234800874
XRP,2026050608,1.0,1,1792788.1972727473,0.0,0,1792788.1972727473,100,1,1.0,0.0,2026-05-06 08:00:00+00:00,0.0,0.0,0.0,0.0,long,False,False,False,False,1.442,0.004160887656033285,0.00554785020804438,-0.01386962552011095,-0.013176144244105292,-0.018723994452149784
XRP,2026050609,0.5,1,1681677.2852727473,0.5,1,1903899.1092727473,100,2,0.9416403361,0.0583596639,2026-05-06 09:00:00+00:00,1.0,111110.91200000001,-111110.91200000001,-0.058359663900000025,long,True,False,False,False,1.448,0.0013812154696133394,-0.002071823204419787,-0.013812154696132617,-0.015193370165745845,-0.025552486187845225
XRP,2026050610,0.5,1,1570567.2402727471,0.5,1,2015009.1542727472,100,2,0.8897171476,0.1102828524,2026-05-06 10:00:00+00:00,0.0,111110.04499999993,-111110.04500000016,-0.051923188499999995,long,True,False,False,False,1.45,0.0,-0.0193103448275862,-0.015172413793103412,-0.020689655172413834,-0.028275862068965485
XRP,2026050611,0.5,1,1570567.2402727471,0.5,1,2015009.1542727472,100,2,0.8897171476,0.1102828524,2026-05-06 11:00:00+00:00,0.0,0.0,0.0,0.0,long,False,False,False,False,1.45,-0.0034482758620688614,-0.0193103448275862,-0.01793103448275868,-0.01793103448275868,-0.0289655172413793
XRP,2026050612,1.0,1,1792788.1972727473,0.0,0,1792788.1972727473,100,1,1.0,0.0,2026-05-06 12:00:00+00:00,-1.0,-222220.95699999994,222220.95700000017,0.11028285240000002,long,False,True,False,False,1.445,-0.01591695501730117,-0.01176470588235301,-0.01660899653979242,-0.01937716262975775,-0.02214532871972319
XRP,2026050613,0.5,1,1559455.7342727473,0.5,1,2026120.6602727473,100,2,0.8848378245,0.1151621755,2026-05-06 13:00:00+00:00,1.0,233332.463,-233332.463,-0.11516217549999996,long,True,False,False,False,1.422,0.0,0.00421940928270037,0.0035161744022504937,-0.004922644163150469,-0.015471167369901506
XRP,2026050614,0.5,1,1659535.3272727472,0.5,1,1926041.0672727472,100,2,0.930815146,0.069184854,2026-05-06 14:00:00+00:00,0.0,-100079.59300000011,100079.59299999988,0.0459773215,long,False,True,False,False,1.422,0.00421940928270037,0.0014064697609001975,0.0007032348804500987,-0.007735583684950753,-0.021800281293952173
XRP,2026050615,0.5,1,1637313.7592727472,0.5,1,1948262.6352727471,100,2,0.9201984192,0.0798015808,2026-05-06 15:00:00+00:00,0.0,22221.56799999997,-22221.56799999997,-0.010616726800000031,long,True,False,False,False,1.428,0.0,-0.004901960784313597,-0.0014005602240896309,-0.016106442577030755,-0.027310924369747802
XRP,2026050616,0.6666666666,2,1638193.8242727472,0.3333333333,1,1949142.7002727473,100,3,0.9202344507,0.0797655493,2026-05-06 16:00:00+00:00,1.0,880.065000000177,880.0649999999441,3.603149999997779e-05,long,True,False,False,False,1.428,-0.0028011204481792618,-0.0007002801120447044,-0.0056022408963585235,-0.01540616246498605,-0.028711484593837433
XRP,2026050617,0.6666666666,2,1504048.51495192,0.3333333333,1,1814997.39095192,100,3,0.9143390294,0.0856609706,2026-05-06 17:00:00+00:00,0.0,-134145.30932082725,-134145.30932082725,-0.005895421299999981,long,False,True,False,False,1.424,-0.002106741573033588,-0.000702247191011196,0.0,-0.0098314606741573,-0.023876404494381998
XRP,2026050618,0.6666666666,2,1372927.0793944525,0.3333333333,1,1728287.8773944527,100,3,0.8971928222,0.1028071778,2026-05-06 18:00:00+00:00,0.0,-86709.51355746738,-131121.4355574674,-0.01714620720000004,long,False,True,False,False,1.421,0.004222378606615118,0.0035186488388458947,-0.0028149190710766714,-0.004222378606615118,-0.02111189303307537
XRP,2026050619,0.6666666666,2,1350721.1543944525,0.3333333333,1,1750493.8023944527,100,3,0.8858114643,0.1141885357,2026-05-06 19:00:00+00:00,0.0,22205.925000000047,-22205.925000000047,-0.011381357899999944,long,True,False,False,False,1.427,-0.002803083391730854,-0.004905395935529189,-0.008409250175192673,-0.005606166783461819,-0.03013314646110732
XRP,2026050620,0.6666666666,2,1350721.1543944525,0.3333333333,1,1750493.8023944527,100,3,0.8858114643,0.1141885357,2026-05-06 20:00:00+00:00,0.0,0.0,0.0,0.0,long,False,False,False,False,1.423,0.0021082220660575413,0.0007027406886856991,-0.008432888264230498,-0.005621925509487036,-0.0295151089248068
XRP,2026050621,0.5,2,1249481.1543944525,0.5,2,1851733.8023944527,100,4,0.8373814186,0.1626185814,2026-05-06 21:00:00+00:00,1.0,101240.0,-101240.0,-0.04843004569999998,long,True,False,False,False,1.426,-0.0042075736325385416,-0.006311360448807757,-0.014726507713884951,-0.01051893408134641,-0.030855539971949564
XRP,2026050622,0.3333333333,1,1365554.8053944532,0.6666666667,2,1967807.4533944535,100,3,0.8469736846,0.1530263154,2026-05-06 22:00:00+00:00,-1.0,116073.65100000077,116073.65100000077,0.00959226599999996,long,True,True,False,False,1.42,0.0028169014084507005,-0.0035211267605632646,-0.009859154929577452,-0.007746478873239315,-0.025352112676056415
XRP,2026050623,0.3333333333,1,1497532.4893944543,0.6666666667,2,1968724.2013944543,100,3,0.8803306954,0.1196693046,2026-05-06 23:00:00+00:00,0.0,916.7480000008363,131977.68400000106,0.033357010799999975,long,True,False,False,False,1.424,-0.004915730337078594,-0.009129213483145993,-0.0098314606741573,-0.011235955056179803,-0.0273876404494382
XRP,2026050701,0.3333333333,1,1454842.4893944543,0.6666666667,2,2011414.2013944543,100,3,0.8616466683,0.1383533317,2026-05-07 01:00:00+00:00,0.0,42690.0,-42690.0,-0.018684027099999945,long,True,False,False,False,1.415,-0.002826855123674865,-0.006360424028268641,0.002826855123674976,-0.010600706713780994,-0.021201413427561877
XRP,2026050702,0.3333333333,1,1454842.4893944543,0.6666666667,2,2011414.2013944543,100,3,0.8616466683,0.1383533317,2026-05-07 02:00:00+00:00,0.0,0.0,0.0,0.0,long,False,False,False,False,1.411,-0.00425230333097093,-0.0007087172218285254,0.0028348688873138794,-0.014174344436569841,-0.020552799433026347
XRP,2026050703,0.3333333333,1,1454842.4893944543,0.6666666667,2,2011414.2013944543,100,3,0.8616466683,0.1383533317,2026-05-07 03:00:00+00:00,0.0,0.0,0.0,0.0,long,False,False,False,False,1.405,0.000711743772241924,0.007117437722419906,0.004270462633451988,-0.011387900355871894,-0.014946619217081958
XRP,2026050704,0.3333333333,1,1454842.4893944543,0.6666666667,2,2011414.2013944543,100,3,0.8616466683,0.1383533317,2026-05-07 04:00:00+00:00,0.0,0.0,0.0,0.0,long,False,False,False,False,1.406,0.002844950213371167,0.009246088193456625,0.002133712660028486,-0.013513513513513487,-0.01493598862019907
XRP,2026050705,0.3333333333,1,1454842.4893944543,0.6666666667,2,2011414.2013944543,100,3,0.8616466683,0.1383533317,2026-05-07 05:00:00+00:00,0.0,0.0,0.0,0.0,long,False,False,False,False,1.41,0.0035460992907803135,0.0035460992907803135,-0.0014184397163120588,-0.014184397163120588,-0.019858156028368823
XRP,2026050706,0.3333333333,1,1454842.4893944543,0.6666666667,2,2011414.2013944543,100,3,0.8616466683,0.1383533317,2026-05-07 06:00:00+00:00,0.0,0.0,0.0,0.0,long,False,False,False,False,1.415,0.002826855123674976,-0.002826855123674865,-0.001413427561837488,-0.016961130742049524,-0.024028268551236742
XRP,2026050707,0.3333333333,1,1454842.4893944543,0.6666666667,2,2011414.2013944543,100,3,0.8616466683,0.1383533317,2026-05-07 07:00:00+00:00,0.0,0.0,0.0,0.0,long,False,False,False,False,1.419,-0.0028188865398167673,-0.007047216349541974,-0.013389711064129783,-0.024665257223396853,-0.025369978858351017
XRP,2026050708,0.3333333333,1,1466976.7143944544,0.6666666667,2,1999279.9763944545,100,3,0.8668762583,0.1331237417,2026-05-07 08:00:00+00:00,0.0,-12134.22499999986,12134.225000000093,0.005229590000000006,long,False,True,False,False,1.415,-0.002826855123674865,-0.004946996466431153,-0.016961130742049524,-0.024028268551236742,-0.02049469964664319
XRP,2026050709,0.3333333333,1,1466976.7143944544,0.6666666667,2,1999279.9763944545,100,3,0.8668762583,0.1331237417,2026-05-07 09:00:00+00:00,0.0,0.0,0.0,0.0,long,False,False,False,False,1.411,-0.0014174344436569397,0.0014174344436570507,-0.015591778880226781,-0.020552799433026347,-0.017717930545712357
XRP,2026050710,1.0,1,1733128.3453944544,0.0,0,1733128.3453944544,100,1,1.0,0.0,2026-05-07 10:00:00+00:00,-2.0,-266151.63100000005,266151.63100000005,0.13312374169999996,long,False,True,False,False,1.409,-0.0007097232079489313,-0.0063875088715401596,-0.015613910574875822,-0.017743080198722616,-0.014904187366927002
XRP,2026050711,1.0,1,1808213.6653944545,0.0,0,1808213.6653944545,100,1,1.0,0.0,2026-05-07 11:00:00+00:00,0.0,75085.32000000007,75085.32000000007,0.0,long,True,False,False,False,1.408,0.0035511363636364646,-0.012073863636363535,-0.01278409090909094,-0.016335227272727182,-0.012073863636363535
XRP,2026050712,1.0,1,1808213.6653944545,0.0,0,1808213.6653944545,100,1,1.0,0.0,2026-05-07 12:00:00+00:00,0.0,0.0,0.0,0.0,long,False,False,False,False,1.413,-0.009200283085633476,-0.01698513800424628,-0.01556970983722572,-0.0198159943382874,-0.019108280254777177
XRP,2026050713,1.0,1,1808213.6653944545,0.0,0,1808213.6653944545,100,1,1.0,0.0,2026-05-07 13:00:00+00:00,0.0,0.0,0.0,0.0,long,False,False,False,False,1.4,-0.006428571428571339,-0.00928571428571423,-0.011428571428571455,-0.010714285714285676,-0.010714285714285676
XRP,2026050714,0.5,1,1674881.7453944543,0.5,1,1941545.5853944544,100,2,0.9313269175,0.0686730825,2026-05-07 14:00:00+00:00,1.0,133331.91999999993,-133331.92000000016,-0.06867308250000004,long,True,False,False,False,1.391,-0.0014378145219267058,-0.0007189072609634639,-0.007189072609633418,-0.006470165348670065,0.0
XRP,2026050715,0.5,1,1674881.7453944543,0.5,1,1941545.5853944544,100,2,0.9313269175,0.0686730825,2026-05-07 15:00:00+00:00,0.0,0.0,0.0,0.0,long,False,False,False,False,1.389,-0.0014398848092153083,0.0014398848092151972,-0.005039596832253523,-0.003599712023038215,-0.0014398848092153083
XRP,2026050716,0.5,1,1655994.8863944544,0.5,1,1960432.4443944544,100,2,0.9223544889,0.0776455111,2026-05-07 16:00:00+00:00,0.0,18886.85899999994,-18886.85899999994,-0.008972428599999915,long,True,False,False,False,1.387,0.0021629416005766178,-0.00216294160057684,-0.00216294160057684,-0.0014419610670511895,0.00432588320115368
XRP,2026050717,0.5,1,1655994.8863944544,0.5,1,1960432.4443944544,100,2,0.9223544889,0.0776455111,2026-05-07 17:00:00+00:00,0.0,0.0,0.0,0.0,long,False,False,False,False,1.39,0.0007194244604318278,-0.006474820143884785,-0.003597122302158251,-0.0057553956834532904,0.012230215827338187
XRP,2026050718,0.5,1,1655994.8863944544,0.5,1,1960432.4443944544,100,2,0.9223544889,0.0776455111,2026-05-07 18:00:00+00:00,0.0,0.0,0.0,0.0,long,False,False,False,False,1.391,-0.00503235082674347,-0.006470165348670065,-0.004313443565780006,-0.007189072609633418,0.02084831056793668
XRP,2026050719,0.5,1,1655994.8863944544,0.5,1,1960432.4443944544,100,2,0.9223544889,0.0776455111,2026-05-07 19:00:00+00:00,0.0,0.0,0.0,0.0,long,False,False,False,False,1.384,-0.0021676300578034047,0.0,0.0007225433526012459,-0.0007225433526010239,0.024566473988439252
XRP,2026050720,0.5,1,1655994.8863944544,0.5,1,1960432.4443944544,100,2,0.9223544889,0.0776455111,2026-05-07 20:00:00+00:00,0.0,0.0,0.0,0.0,long,False,False,False,False,1.381,0.0007241129616220032,0.002896451846488013,0.0007241129616220032,0.003620564808110016,0.022447501810282322
XRP,2026050721,0.5,1,1655994.8863944544,0.5,1,1960432.4443944544,100,2,0.9223544889,0.0776455111,2026-05-07 21:00:00+00:00,0.0,0.0,0.0,0.0,long,False,False,False,False,1.382,0.0014471780028944004,0.0021707670043416005,0.0014471780028944004,0.0028943560057888007,0.02749638205499272
XRP,2026050722,0.5,1,1655994.8863944544,0.5,1,1960432.4443944544,100,2,0.9223544889,0.0776455111,2026-05-07 22:00:00+00:00,0.0,0.0,0.0,0.0,long,False,False,False,False,1.384,0.0007225433526012459,0.0007225433526012459,0.0007225433526012459,0.0028901734104045396,0.024566473988439252
XRP,2026050723,1.0,1,1886913.986394456,0.0,0,1886913.986394456,100,1,1.0,0.0,2026-05-07 23:00:00+00:00,-1.0,-73518.45799999847,230919.1000000015,0.07764551109999995,long,False,True,False,False,1.385,0.0,-0.0021660649819494893,-0.0021660649819494893,0.0043321299638989785,0.02310469314079433
XRP,2026050801,0.5,1,1941276.6993944568,0.5,1,1943036.9193944568,100,2,0.9995470441,0.0004529559,2026-05-08 01:00:00+00:00,1.0,56122.93300000089,54362.71300000092,-0.0004529559000000516,long,True,False,False,False,1.385,-0.0021660649819494893,0.0,-0.0014440433212996595,0.0,0.029602888086642576
XRP,2026050802,0.5,1,1941276.6993944568,0.5,1,1943036.9193944568,100,2,0.9995470441,0.0004529559,2026-05-08 02:00:00+00:00,0.0,0.0,0.0,0.0,long,False,False,False,False,1.382,0.0014471780028944004,0.0,0.0028943560057888007,0.0065123010130245795,0.0347322720694645
XRP,2026050803,0.5,1,1941276.6993944568,0.5,1,1943036.9193944568,100,2,0.9995470441,0.0004529559,2026-05-08 03:00:00+00:00,0.0,0.0,0.0,0.0,long,False,False,False,False,1.384,0.0007225433526012459,-0.0021676300578034047,0.0014450867052022698,0.0021676300578035157,0.03251445086705207
XRP,2026050804,0.5,1,1941276.6993944568,0.5,1,1943036.9193944568,100,2,0.9995470441,0.0004529559,2026-05-08 04:00:00+00:00,0.0,0.0,0.0,0.0,long,False,False,False,False,1.385,-0.0021660649819494893,-0.0014440433212996595,0.0021660649819494893,0.005776173285198638,0.032490974729241895
XRP,2026050805,0.5,1,1941276.6993944568,0.5,1,1943036.9193944568,100,2,0.9995470441,0.0004529559,2026-05-08 05:00:00+00:00,0.0,0.0,0.0,0.0,long,False,False,False,False,1.382,-0.0007235890014470892,0.0028943560057888007,0.0065123010130245795,0.01808972503617956,0.0347322720694645
XRP,2026050806,0.5,1,1941276.6993944568,0.5,1,1943036.9193944568,100,2,0.9995470441,0.0004529559,2026-05-08 06:00:00+00:00,0.0,0.0,0.0,0.0,long,False,False,False,False,1.381,0.0014482259232440065,0.003620564808110016,0.003620564808110016,0.028240405503258348,0.029688631426502576
XRP,2026050807,0.5,1,1941276.6993944568,0.5,1,1943036.9193944568,100,2,0.9995470441,0.0004529559,2026-05-08 07:00:00+00:00,0.0,0.0,0.0,0.0,long,False,False,False,False,1.383,0.002169197396963085,0.003615328994938549,0.001446131597975464,0.025307302964569622,0.029645697758496015
XRP,2026050808,0.5,1,1941276.6993944568,0.5,1,1943036.9193944568,100,2,0.9995470441,0.0004529559,2026-05-08 08:00:00+00:00,0.0,0.0,0.0,0.0,long,False,False,False,False,1.386,0.0,0.003607503607503615,0.003607503607503615,0.018759018759018753,0.02741702741702734
XRP,2026050809,0.5,1,1941276.6993944568,0.5,1,1943036.9193944568,100,2,0.9995470441,0.0004529559,2026-05-08 09:00:00+00:00,0.0,0.0,0.0,0.0,long,False,False,False,False,1.386,0.0014430014430013571,0.0,0.0007215007215009006,0.024531024531024626,
XRP,2026050810,0.5,1,1941276.6993944568,0.5,1,1943036.9193944568,100,2,0.9995470441,0.0004529559,2026-05-08 10:00:00+00:00,0.0,0.0,0.0,0.0,long,False,False,False,False,1.388,0.002161383285302687,-0.002161383285302465,0.0036023054755043304,0.021613832853025983,
XRP,2026050811,0.5,1,1941276.6993944568,0.5,1,1943036.9193944568,100,2,0.9995470441,0.0004529559,2026-05-08 11:00:00+00:00,0.0,0.0,0.0,0.0,long,False,False,False,False,1.391,-0.0035945363048167644,0.0,0.011502516175413424,0.01869158878504673,
XRP,2026050812,0.3333333333,1,1803216.6993944568,0.6666666667,2,2081096.9193944568,100,3,0.9332370786,0.0667629214,2026-05-08 12:00:00+00:00,1.0,138060.0,-138060.0,-0.0663099654999999,long,True,False,False,False,1.386,-0.0007215007215006786,0.0007215007215009006,0.024531024531024626,0.02813852813852824,
XRP,2026050813,0.3333333333,1,1803216.6993944568,0.6666666667,2,2081096.9193944568,100,3,0.9332370786,0.0667629214,2026-05-08 13:00:00+00:00,0.0,0.0,0.0,0.0,long,False,False,False,False,1.385,0.0043321299638989785,0.005776173285198638,0.023826714801443938,0.029602888086642576,
XRP,2026050814,0.3333333333,1,1803216.6993944568,0.6666666667,2,2081096.9193944568,100,3,0.9332370786,0.0667629214,2026-05-08 14:00:00+00:00,0.0,0.0,0.0,0.0,long,False,False,False,False,1.391,-0.0028756290438533005,0.011502516175413424,0.015097052480230078,0.028037383177569986,
XRP,2026050815,0.3333333333,1,1761816.699394457,0.6666666667,2,2122496.919394457,100,3,0.9150339826,0.0849660174,2026-05-08 15:00:00+00:00,0.0,41400.0,-41399.99999999977,-0.01820309600000003,long,True,False,False,False,1.387,0.00432588320115368,0.023792357606344572,0.023792357606344572,0.03028118240807509,
XRP,2026050816,0.3333333333,1,1761816.699394457,0.6666666667,2,2122496.919394457,100,3,0.9150339826,0.0849660174,2026-05-08 16:00:00+00:00,0.0,0.0,0.0,0.0,long,False,False,False,False,1.393,0.01005025125628145,0.017946877243359527,0.017946877243359527,0.026561378320172135,
XRP,2026050817,0.3333333333,1,1692646.6993944568,0.6666666667,2,2191666.9193944572,100,3,0.886155096,0.113844904,2026-05-08 17:00:00+00:00,0.0,69170.00000000047,-69170.00000000023,-0.028878886600000042,long,True,False,False,False,1.407,0.009239516702203243,0.003553660270078085,0.007107320540156392,0.016346837242359635,
XRP,2026050818,0.3333333333,1,1692646.6993944568,0.6666666667,2,2191666.9193944572,100,3,0.886155096,0.113844904,2026-05-08 18:00:00+00:00,0.0,0.0,0.0,0.0,long,False,False,False,False,1.42,-0.0014084507042253502,0.0,0.0035211267605634866,0.0014084507042253502,
XRP,2026050819,0.3333333333,1,1692646.6993944568,0.6666666667,2,2191666.9193944572,100,3,0.886155096,0.113844904,2026-05-08 19:00:00+00:00,0.0,0.0,0.0,0.0,long,False,False,False,False,1.418,-0.004231311706629048,0.0,0.005641748942172065,0.004231311706629048,
XRP,2026050820,0.3333333333,1,1692646.6993944568,0.6666666667,2,2191666.9193944572,100,3,0.886155096,0.113844904,2026-05-08 20:00:00+00:00,0.0,0.0,0.0,0.0,long,False,False,False,False,1.412,0.0056657223796034994,0.003541076487252104,0.012747875354107707,0.008498583569405138,
XRP,2026050821,0.3333333333,1,1692646.6993944568,0.6666666667,2,2191666.9193944572,100,3,0.886155096,0.113844904,2026-05-08 21:00:00+00:00,0.0,0.0,0.0,0.0,long,False,False,False,False,1.42,-0.0014084507042253502,0.0035211267605634866,0.006338028169014187,,
XRP,2026050822,0.3333333333,1,1692646.6993944568,0.6666666667,2,2191666.9193944572,100,3,0.886155096,0.113844904,2026-05-08 22:00:00+00:00,0.0,0.0,0.0,0.0,long,False,False,False,False,1.418,-0.000705218617771397,0.005641748942172065,0.008462623413258097,,
XRP,2026050823,0.5,1,1665565.5050466307,0.5,1,2218748.113742283,100,2,0.8753390244,0.1246609756,2026-05-08 23:00:00+00:00,-1.0,27081.194347825833,-27081.194347826065,-0.010816071599999977,long,True,True,False,False,1.417,0.0056457304163726185,0.00917431192660545,0.00917431192660545,,
XRP,2026050901,0.5,1,1665565.5050466307,0.5,1,2218748.113742283,100,2,0.8753390244,0.1246609756,2026-05-09 01:00:00+00:00,0.0,0.0,0.0,0.0,long,False,False,False,False,1.426,0.0028050490883591017,0.0028050490883591017,-0.0014025245441795509,,
XRP,2026050902,0.5,1,1637619.082585392,0.5,1,2135483.430411479,100,2,0.8834305289,0.1165694711,2026-05-09 02:00:00+00:00,0.0,-83264.68333080411,-27946.42246123869,0.008091504499999957,long,False,True,False,False,1.43,-0.0006993006993005757,0.0,-0.004195804195804231,,
XRP,2026050903,0.75,3,1589622.92220317,0.25,1,2087487.2700292575,100,4,0.8807503272,0.1192496728,2026-05-09 03:00:00+00:00,2.0,-47996.16038222145,-47996.16038222215,-0.00268020169999994,long,True,True,False,False,1.429,0.0006997900629810427,-0.004898530440867854,,,
XRP,2026050904,0.75,3,1589622.92220317,0.25,1,2087487.2700292575,100,4,0.8807503272,0.1192496728,2026-05-09 04:00:00+00:00,0.0,0.0,0.0,0.0,long,False,False,False,False,1.43,0.0,-0.004195804195804231,,,
XRP,2026050905,0.75,3,1589622.92220317,0.25,1,2087487.2700292575,100,4,0.8807503272,0.1192496728,2026-05-09 05:00:00+00:00,0.0,0.0,0.0,0.0,long,False,False,False,False,1.43,-0.005594405594405605,-0.004195804195804231,,,
NOT,2026050605,1.0,2,18709.194140033425,0.0,0,18709.194140033425,100,2,1.0,0.0,2026-05-06 05:00:00+00:00,,,,,long,False,False,False,False,0.000542,-0.015867158671586723,0.013468634686346848,0.0177121771217712,0.01217712177121788,0.23560885608856097
NOT,2026050606,1.0,2,18242.55285003332,0.0,0,18242.55285003332,100,2,1.0,0.0,2026-05-06 06:00:00+00:00,0.0,-466.6412900001051,-466.6412900001051,0.0,long,False,True,False,False,0.0005334,0.01687289088863886,0.022309711286089273,0.05999250093738295,0.03337082864641916,0.2859017622797153
NOT,2026050607,1.0,2,18242.55285003332,0.0,0,18242.55285003332,100,2,1.0,0.0,2026-05-06 07:00:00+00:00,0.0,0.0,0.0,0.0,long,False,False,False,False,0.0005424,0.012721238938053103,0.026733038348082827,-0.00497787610619449,0.0047935103244838295,0.2181047197640118
NOT,2026050608,1.0,1,17833.7068000332,0.0,0,17833.7068000332,100,1,1.0,0.0,2026-05-06 08:00:00+00:00,-1.0,-408.84605000012016,-408.84605000012016,0.0,long,False,True,False,False,0.0005493,-0.007281995266703034,0.004187147278354342,-0.03695612597851816,-0.0018204988166755642,0.20025486983433471
NOT,2026050609,1.0,1,17833.7068000332,0.0,0,17833.7068000332,100,1,1.0,0.0,2026-05-06 09:00:00+00:00,0.0,0.0,0.0,0.0,long,False,False,False,False,0.0005453,0.021272693929947017,0.03686044379240783,-0.017054832202457293,0.014304052814964274,0.23088208325692294
NOT,2026050610,0.5,1,16672.1948700312,0.5,1,18995.2187300352,100,2,0.9388524056,0.0611475944,2026-05-06 10:00:00+00:00,1.0,1161.5119300020015,-1161.5119300020015,-0.06114759439999995,long,True,False,False,False,0.0005569,-0.00951696893517695,-0.030885257676423028,-0.018854372418746657,-0.018136110612318346,0.154246722930508
NOT,2026050611,0.5,2,5396.814255119295,0.5,2,34959.799344948704,100,4,0.5771860015,0.4228139985,2026-05-06 11:00:00+00:00,2.0,15964.580614913502,-11275.380614911905,-0.36166640410000006,long,False,False,False,False,0.0005516,0.025018129079042772,-0.040971718636693244,-0.0054387237128352695,-0.008883248730964355,0.13415518491660627
NOT,2026050612,0.5,2,5949.17279710284,0.5,2,34407.44080296516,100,4,0.5864518351,0.4135481649,2026-05-06 12:00:00+00:00,0.0,-552.3585419835435,552.3585419835454,0.009265833599999995,long,False,False,False,False,0.0005654,-0.0454545454545453,-0.05199858507251498,-0.02511496285815351,-0.03873363990095502,0.09090909090909105
NOT,2026050613,1.0,2,20178.306800034,0.0,0,20178.306800034,100,2,1.0,0.0,2026-05-06 13:00:00+00:00,-2.0,-14229.134002931161,14229.134002931158,0.4135481649,long,False,True,False,False,0.0005397,-0.019825829164350717,0.012414304243097973,0.00982027052065959,0.06596257179914766,0.15045395590142663
NOT,2026050614,1.0,2,20178.306800034,0.0,0,20178.306800034,100,2,1.0,0.0,2026-05-06 14:00:00+00:00,0.0,0.0,0.0,0.0,long,False,False,False,False,0.000529,0.013232514177693888,0.03705103969754253,0.036483931947070225,0.17731568998109637,0.1510396975425332
NOT,2026050615,1.0,2,20178.306800034,0.0,0,20178.306800034,100,2,1.0,0.0,2026-05-06 15:00:00+00:00,0.0,0.0,0.0,0.0,long,False,False,False,False,0.000536,0.0194029850746269,0.028358208955223674,0.03190298507462663,0.11847014925373123,0.1311567164179106
NOT,2026050616,1.0,2,20178.306800034,0.0,0,20178.306800034,100,2,1.0,0.0,2026-05-06 16:00:00+00:00,0.0,0.0,0.0,0.0,long,False,False,False,False,0.0005464,0.004026354319180081,-0.0025622254758419505,0.0007320644216688432,0.2780014641288433,0.13744509516837478
NOT,2026050617,1.0,2,20178.306800034,0.0,0,20178.306800034,100,2,1.0,0.0,2026-05-06 17:00:00+00:00,0.0,0.0,0.0,0.0,long,False,False,False,False,0.0005486,0.004739336492890933,-0.0005468465184104154,-0.0034633612832665195,0.2207437112650381,0.19066715275246082
NOT,2026050618,1.0,2,20178.306800034,0.0,0,20178.306800034,100,2,1.0,0.0,2026-05-06 18:00:00+00:00,0.0,0.0,0.0,0.0,long,False,False,False,False,0.0005512,-0.011248185776487563,0.0034470246734397136,-0.013969521044992605,0.24437590711175639,0.2768505079825836
NOT,2026050619,1.0,2,20178.306800034,0.0,0,20178.306800034,100,2,1.0,0.0,2026-05-06 19:00:00+00:00,0.0,0.0,0.0,0.0,long,False,False,False,False,0.000545,0.006055045871559583,0.003302752293577793,0.055596330275229366,0.21229357798165127,0.29357798165137616
NOT,2026050620,1.0,2,20178.306800034,0.0,0,20178.306800034,100,2,1.0,0.0,2026-05-06 20:00:00+00:00,0.0,0.0,0.0,0.0,long,False,False,False,False,0.0005483,0.008754331570308027,-0.002918110523436157,0.1358745212474921,0.20244391756337765,0.33211745394856806
NOT,2026050621,1.0,3,30410.312910065124,0.0,0,30410.312910065124,100,3,1.0,0.0,2026-05-06 21:00:00+00:00,1.0,10232.006110031125,10232.006110031125,0.0,long,True,False,False,False,0.0005531,-0.011390345326342421,-0.017356716687759732,0.08389079732417293,0.21352377508587983,0.25022599891520514
NOT,2026050622,1.0,2,22488.3068000388,0.0,0,22488.3068000388,100,2,1.0,0.0,2026-05-06 22:00:00+00:00,-1.0,-7922.006110026323,-7922.006110026323,0.0,long,False,True,False,False,0.0005468,-0.00018288222384776898,0.05212143379663514,0.2770665691294807,0.17556693489392838,0.2986466715435261
NOT,2026050623,1.0,2,22602.30348003885,0.0,0,22602.30348003885,100,2,1.0,0.0,2026-05-06 23:00:00+00:00,0.0,113.99668000004749,113.99668000004749,0.0,long,True,False,False,False,0.0005467,-0.005853301627949503,0.13919882933967442,0.2249862813243093,0.14432046826413036,0.26705688677519657
NOT,2026050701,1.0,2,22602.30348003885,0.0,0,22602.30348003885,100,2,1.0,0.0,2026-05-07 01:00:00+00:00,0.0,0.0,0.0,0.0,long,False,False,False,False,0.0005753,0.08256561793846662,0.21380149487224043,0.14844428993568548,0.07926299322092811,0.23500782200590975
NOT,2026050702,1.0,2,22602.30348003885,0.0,0,22602.30348003885,100,2,1.0,0.0,2026-05-07 02:00:00+00:00,0.0,0.0,0.0,0.0,long,False,False,False,False,0.0006228,-0.03741168914579318,0.07530507385998719,0.058606294155427285,-0.022318561335902265,0.14290301862556198
NOT,2026050703,1.0,2,22602.30348003885,0.0,0,22602.30348003885,100,2,1.0,0.0,2026-05-07 03:00:00+00:00,0.0,0.0,0.0,0.0,long,False,False,False,False,0.0005995,0.16480400333611356,0.14412010008340292,0.11959966638865738,0.011342785654712362,0.20650542118432025
NOT,2026050704,1.0,2,22602.30348003885,0.0,0,22602.30348003885,100,2,1.0,0.0,2026-05-07 04:00:00+00:00,0.0,0.0,0.0,0.0,long,False,False,False,False,0.0006983,-0.040956608907346426,-0.05384505226979819,-0.07947873406845196,-0.10998138335958763,0.01675497637118717
NOT,2026050705,1.0,2,22602.30348003885,0.0,0,22602.30348003885,100,2,1.0,0.0,2026-05-07 05:00:00+00:00,0.0,0.0,0.0,0.0,long,False,False,False,False,0.0006697,0.02418993579214579,-0.015529341496192228,-0.06585038076750771,-0.024637897566074263,0.06570106017619826
NOT,2026050706,1.0,2,22602.30348003885,0.0,0,22602.30348003885,100,2,1.0,0.0,2026-05-07 06:00:00+00:00,0.0,0.0,0.0,0.0,long,False,False,False,False,0.0006859,-0.036740049569908284,-0.021431695582446397,-0.1007435486222481,0.026097098702434707,0.09024639160227421
NOT,2026050707,1.0,2,22602.30348003885,0.0,0,22602.30348003885,100,2,1.0,0.0,2026-05-07 07:00:00+00:00,0.0,0.0,0.0,0.0,long,False,False,False,False,0.0006607,-0.0021189647343725637,-0.02709247767519285,-0.060239140305736294,0.06705009838050557,0.1251702739518692
NOT,2026050708,1.0,2,22602.30348003885,0.0,0,22602.30348003885,100,2,1.0,0.0,2026-05-07 08:00:00+00:00,0.0,0.0,0.0,0.0,long,False,False,False,False,0.0006593,0.018049446382526924,-0.051114818747156066,-0.0764447140907023,0.10784165023509784,0.07796147429091449
NOT,2026050709,1.0,2,22602.30348003885,0.0,0,22602.30348003885,100,2,1.0,0.0,2026-05-07 09:00:00+00:00,0.0,0.0,0.0,0.0,long,False,False,False,False,0.0006712,-0.04231227651966629,-0.08104886769964248,-0.0966924910607867,0.030244338498212064,0.014004767580452882
NOT,2026050710,1.0,2,22488.3068000388,0.0,0,22488.3068000388,100,2,1.0,0.0,2026-05-07 10:00:00+00:00,0.0,-113.99668000004749,-113.99668000004749,0.0,long,False,True,False,False,0.0006428,-0.026757934038581177,-0.03406969508400759,-0.03313627878033609,0.10469819539514624,0.05740510267579335
NOT,2026050711,0.6666666666,2,22457.0543400388,0.3333333333,1,22519.5592600388,100,3,0.9986122081,0.0013877919,2026-05-07 11:00:00+00:00,1.0,31.2524599999997,-31.2524599999997,-0.001387791900000046,long,True,False,False,False,0.0006256,-0.014066496163682829,-0.026694373401534577,0.044117647058823595,0.10725703324808178,0.10374040920716121
NOT,2026050712,1.0,2,22488.3068000388,0.0,0,22488.3068000388,100,2,1.0,0.0,2026-05-07 12:00:00+00:00,-1.0,-31.2524599999997,31.2524599999997,0.001387791900000046,long,False,True,False,False,0.0006168,0.006647211413748355,-0.017023346303501885,0.1410505836575875,0.16553177691309973,0.10214007782101175
NOT,2026050713,0.6666666666,2,22245.20430003879,0.3333333333,1,22731.40930003881,100,3,0.9893054365,0.0106945635,2026-05-07 13:00:00+00:00,1.0,243.10250000000815,-243.1025000000118,-0.010694563499999976,long,True,False,False,False,0.0006209,-0.019326783701078987,0.0009663391850540659,0.135448542438396,0.14430665163472378,0.10984055403446624
NOT,2026050714,0.6666666666,2,22449.451870787227,0.3333333333,1,22527.161729290372,100,3,0.9982751964,0.0017248036,2026-05-07 14:00:00+00:00,0.0,-204.24757074843728,204.24757074843728,0.00896975989999993,long,False,True,False,False,0.0006089,-0.004269995073082566,0.07275414682213843,0.199540154376745,0.1689932665462308,0.18820824437510253
NOT,2026050715,1.0,2,22488.3068000388,0.0,0,22488.3068000388,100,2,1.0,0.0,2026-05-07 15:00:00+00:00,-1.0,-38.854929251570866,38.854929251574504,0.0017248036000000466,long,False,True,False,False,0.0006063,0.025070097311561845,0.16081147946561103,0.14052449282533375,0.19297377535873306,0.17136730991258453
NOT,2026050716,1.0,2,22488.3068000388,0.0,0,22488.3068000388,100,2,1.0,0.0,2026-05-07 16:00:00+00:00,0.0,0.0,0.0,0.0,long,False,False,False,False,0.0006215,0.0510056315366052,0.13435237329042637,0.14255832662912304,0.1423974255832663,0.13338696701528563
NOT,2026050717,1.0,2,22488.3068000388,0.0,0,22488.3068000388,100,2,1.0,0.0,2026-05-07 17:00:00+00:00,0.0,0.0,0.0,0.0,long,False,False,False,False,0.0006532,0.07746478873239426,0.11818738518064897,0.060471524800979726,0.09262094304960189,0.0662890385793018
NOT,2026050718,1.0,2,22488.3068000388,0.0,0,22488.3068000388,100,2,1.0,0.0,2026-05-07 18:00:00+00:00,0.0,0.0,0.0,0.0,long,False,False,False,False,0.0007038,0.0017050298380221207,-0.01747655583972718,0.021454958795112278,0.06251776072747939,0.006535947712418277
NOT,2026050719,1.0,2,22488.3068000388,0.0,0,22488.3068000388,100,2,1.0,0.0,2026-05-07 19:00:00+00:00,0.0,0.0,0.0,0.0,long,False,False,False,False,0.000705,0.03602836879432614,0.007234042553191378,0.007801418439716379,0.05446808510638301,-0.015177304964538951
NOT,2026050720,1.0,2,22488.3068000388,0.0,0,22488.3068000388,100,2,1.0,0.0,2026-05-07 20:00:00+00:00,0.0,0.0,0.0,0.0,long,False,False,False,False,0.0007304,-0.05325848849945236,-0.05161555312157717,-0.025465498357064686,-0.026971522453450136,-0.07352135815991234
NOT,2026050721,1.0,2,22488.3068000388,0.0,0,22488.3068000388,100,2,1.0,0.0,2026-05-07 21:00:00+00:00,0.0,0.0,0.0,0.0,long,False,False,False,False,0.0006915,0.026898047722342833,0.03962400578452652,0.04598698481561825,-0.015762834417932026,-0.019088937093275526
NOT,2026050722,1.0,2,22488.3068000388,0.0,0,22488.3068000388,100,2,1.0,0.0,2026-05-07 22:00:00+00:00,0.0,0.0,0.0,0.0,long,False,False,False,False,0.0007101,-0.02450359104351496,0.000563300943529077,-0.00014082523588221374,-0.042810871708210074,-0.04534572595409081
NOT,2026050723,1.0,1,17833.7068000332,0.0,0,17833.7068000332,100,1,1.0,0.0,2026-05-07 23:00:00+00:00,-1.0,-4654.600000005601,-4654.600000005601,0.0,long,False,True,False,False,0.0006927,0.0378230114046485,0.02757326403926652,0.03031615417929845,-0.0031759780568787477,-0.021654395842355845
NOT,2026050801,1.0,2,99673.7068000332,0.0,0,99673.7068000332,100,2,1.0,0.0,2026-05-08 01:00:00+00:00,1.0,81840.0,81840.0,0.0,long,True,False,False,False,0.0007105,0.0018296973961997587,-0.0007037297677691123,0.04630541871921179,-0.03011963406052076,-0.043490499648135006
NOT,2026050802,1.0,2,99673.7068000332,0.0,0,99673.7068000332,100,2,1.0,0.0,2026-05-08 02:00:00+00:00,0.0,0.0,0.0,0.0,long,False,False,False,False,0.0007118,0.016156223658331026,0.002669289126159047,-0.0015453779151446412,0.016437201461084516,-0.09272267490868213
NOT,2026050803,0.6666666666,2,99395.42073544704,0.3333333333,1,99951.99286461936,100,3,0.9972158027,0.0027841973,2026-05-08 03:00:00+00:00,1.0,278.2860645861656,-278.28606458615104,-0.002784197300000013,long,True,False,False,False,0.0007233,-0.01838794414489142,0.03387252868795798,-0.05903497857044104,-0.018111433706622382,-0.08972763721830501
NOT,2026050804,0.6666666666,2,99569.32170462592,0.3333333333,1,99778.09189544048,100,3,0.9989538275,0.0010461725,2026-05-08 04:00:00+00:00,0.0,-173.9009691788815,173.9009691788815,0.0017380247999999598,long,False,True,False,False,0.00071,0.005211267605633729,0.04704225352112679,-0.04267605633802818,-0.007887323943661984,-0.051830985915492955
NOT,2026050805,0.6666666666,2,99569.32170462592,0.3333333333,1,99778.09189544048,100,3,0.9989538275,0.0010461725,2026-05-08 05:00:00+00:00,0.0,0.0,0.0,0.0,long,False,False,False,False,0.0007137,0.0477791789267199,-0.004203446826397617,-0.032506655457475,-0.024099761804679765,-0.07173882583718638
NOT,2026050806,0.6666666666,2,99647.59197872305,0.3333333333,1,99699.82162134333,100,3,0.9997380655,0.0002619345,2026-05-08 06:00:00+00:00,0.0,-78.27027409714356,78.270274097129,0.0007842380000000482,long,False,True,False,False,0.0007478,-0.005883926183471555,-0.08986359989301951,-0.09093340465365063,-0.052687884461085854,-0.1071142016581973
NOT,2026050807,0.6666666666,2,99647.59197872305,0.3333333333,1,99699.82162134333,100,3,0.9997380655,0.0002619345,2026-05-08 07:00:00+00:00,0.0,0.0,0.0,0.0,long,False,False,False,False,0.0007434,-0.04398708635996773,-0.0856873822975518,-0.07304277643260693,-0.0660478880817863,-0.11272531611514658
NOT,2026050808,0.6666666666,2,99660.64938937812,0.3333333333,1,99686.76421068827,100,3,0.9998690156,0.0001309844,2026-05-08 08:00:00+00:00,0.0,-13.057410655062995,13.057410655062995,0.00013095009999997131,long,False,True,False,False,0.0007107,-0.04235261010271563,-0.028422681862951937,0.018010412269593434,-0.04784015759110727,-0.07091599831152384
NOT,2026050809,0.75,3,101081.78192937872,0.25,1,101107.89675068886,100,4,0.9998708566,0.0001291434,2026-05-08 09:00:00+00:00,1.0,1421.132540000588,1421.1325400006026,1.841000000002424e-06,long,True,False,False,False,0.0006806,-0.001322362621216544,-0.0011754334410812861,0.043491037320011916,-0.0033793711431090445,
NOT,2026050810,0.75,3,101081.78192937872,0.25,1,101107.89675068886,100,4,0.9998708566,0.0001291434,2026-05-08 10:00:00+00:00,0.0,0.0,0.0,0.0,long,False,False,False,False,0.0006797,0.01588936295424448,0.013829630719434993,0.036339561571281376,-0.0026482271590406725,
NOT,2026050811,0.75,3,101081.78192937872,0.25,1,101107.89675068886,100,4,0.9998708566,0.0001291434,2026-05-08 11:00:00+00:00,0.0,0.0,0.0,0.0,long,False,False,False,False,0.0006905,-0.015496017378711091,0.04779145546705266,0.008689355539464039,-0.018537291817523505,
NOT,2026050812,0.75,3,101069.58313470626,0.25,1,101120.09554536131,100,4,0.9997502355,0.0002497645,2026-05-08 12:00:00+00:00,0.0,12.198794672454824,-12.198794672454824,-0.0001206210999999957,long,True,False,False,False,0.0006798,0.013680494263018428,0.04471903501029706,0.04207119741100307,-0.00044130626654903526,
NOT,2026050813,0.75,3,101082.21123737004,0.25,1,101107.46744269755,100,4,0.9998751021,0.0001248979,2026-05-08 13:00:00+00:00,0.0,-12.62810266375891,12.628102663773461,0.0001248665999999954,long,False,True,False,False,0.0006891,0.04992018574952839,0.02220287331301707,0.007546074590045082,-0.013786097808735964,
NOT,2026050814,0.6666666666,2,83248.50443733683,0.3333333333,1,83273.76064266436,100,3,0.9998483543,0.0001516457,2026-05-08 14:00:00+00:00,-1.0,-17833.706800033193,-17833.706800033207,-2.6747800000004318e-05,long,False,True,False,False,0.0007235,-0.018382861091914227,-0.037318590186593004,-0.06468555632342776,-0.107394609536973,
NOT,2026050815,0.6666666666,2,83248.50443733683,0.3333333333,1,83273.76064266436,100,3,0.9998483543,0.0001516457,2026-05-08 15:00:00+00:00,0.0,0.0,0.0,0.0,long,False,False,False,False,0.0007102,-0.008166713601802322,-0.002534497324697349,-0.04491692480991283,-0.0729372007885104,
NOT,2026050816,0.5,2,78687.75582733606,0.5,2,87834.50925266514,100,4,0.947931892,0.052068108,2026-05-08 16:00:00+00:00,1.0,4560.748610000781,-4560.748610000766,-0.05191646229999991,long,True,False,False,False,0.0007044,-0.011215218625780898,-0.014338444065871592,-0.03762067007382164,-0.04429301533219765,
NOT,2026050817,0.6,3,88284.80246734002,0.4,2,98726.16661267175,100,5,0.9471195707,0.0528804293,2026-05-08 17:00:00+00:00,1.0,10891.657360006604,9597.046640003959,-0.0008123213000000851,long,True,False,False,False,0.0006965,0.0170854271356784,-0.028427853553481652,-0.02699210337401281,-0.04881550610193819,
NOT,2026050818,0.6666666666,2,25006.55057002802,0.3333333333,1,35422.65851003222,100,3,0.8529739384,0.1470260616,2026-05-08 18:00:00+00:00,-2.0,-63303.50810263953,-63278.251897312,-0.09414563229999995,long,False,True,False,False,0.0007084,-0.01990400903444378,-0.04249011857707519,-0.04079616036137779,-0.05745341614906829,
NOT,2026050819,0.6666666666,2,25006.55057002802,0.3333333333,1,35422.65851003222,100,3,0.8529739384,0.1470260616,2026-05-08 19:00:00+00:00,0.0,0.0,0.0,0.0,long,False,False,False,False,0.0006943,-0.025349272648710897,-0.023620913149935086,-0.021172403860002853,-0.04997839550626537,
NOT,2026050820,0.6666666666,2,25006.55057002802,0.3333333333,1,35422.65851003222,100,3,0.8529739384,0.1470260616,2026-05-08 20:00:00+00:00,0.0,0.0,0.0,0.0,long,False,False,False,False,0.0006767,0.0023644155460320615,0.0014777597162700662,-0.0456627752327472,-0.02423525934683035,
NOT,2026050821,0.6666666666,2,25006.55057002802,0.3333333333,1,35422.65851003222,100,3,0.8529739384,0.1470260616,2026-05-08 21:00:00+00:00,0.0,0.0,0.0,0.0,long,False,False,False,False,0.0006783,-0.0005897095680376108,0.0017691287041132764,-0.02933805100987763,,
NOT,2026050822,0.6666666666,2,25006.55057002802,0.3333333333,1,35422.65851003222,100,3,0.8529739384,0.1470260616,2026-05-08 22:00:00+00:00,0.0,0.0,0.0,0.0,long,False,False,False,False,0.0006779,-0.00029502876530462796,0.002507744505089171,-0.0069331759846585905,,
NOT,2026050823,0.5,2,24968.26057002802,0.5,2,35460.94851003222,100,4,0.8520529148,0.1479470852,2026-05-08 23:00:00+00:00,1.0,38.29000000000087,-38.29000000000087,-0.0009210236000000149,long,True,False,False,False,0.0006777,0.0026560424966799445,-0.047070975357828004,-0.022428803305297396,,
NOT,2026050901,0.75,3,98625.95057002873,0.25,1,109042.05851003292,100,4,0.9522381176,0.0477618824,2026-05-09 01:00:00+00:00,0.0,73581.1100000007,73657.6900000007,0.10018520279999998,long,True,False,False,False,0.0006796,-0.04973513831665699,-0.009417304296645113,-0.029429075927015935,,
NOT,2026050902,0.75,3,99321.65057002901,0.25,1,109737.75851003322,100,4,0.9525409117,0.0474590883,2026-05-09 02:00:00+00:00,0.0,695.7000000003027,695.7000000002881,0.0003027941000000034,long,True,False,False,False,0.0006458,0.019510684422421765,0.025859399194797295,0.022452771755961498,,
NOT,2026050903,0.75,3,99321.65057002901,0.25,1,109737.75851003322,100,4,0.9525409117,0.0474590883,2026-05-09 03:00:00+00:00,0.0,0.0,0.0,0.0,long,False,False,False,False,0.0006584,0.022478736330498128,0.014125151883353615,,,
NOT,2026050904,0.75,3,99321.65057002901,0.25,1,109737.75851003322,100,4,0.9525409117,0.0474590883,2026-05-09 04:00:00+00:00,0.0,0.0,0.0,0.0,long,False,False,False,False,0.0006732,-0.01589423648247179,-0.02020202020202022,,,
NOT,2026050905,0.75,3,105876.5305700403,0.25,1,116292.6385100445,100,4,0.9552159617,0.0447840383,2026-05-09 05:00:00+00:00,0.0,6554.880000011282,6554.880000011282,0.002675050000000012,long,True,False,False,False,0.0006625,0.007849056603773663,-0.0033207547169812335,,,
BSB,2026050605,0.75,3,120952.32600000012,0.25,1,121013.79600000012,100,4,0.9997460206,0.0002539794,2026-05-06 05:00:00+00:00,,,,,long,False,False,False,False,0.5886,-0.08273870200475697,-0.09412164458036021,-0.1758409785932722,-0.09174311926605516,-0.1933401291199457
BSB,2026050606,1.0,3,120983.06100000012,0.0,0,120983.06100000012,100,3,1.0,0.0,2026-05-06 06:00:00+00:00,-1.0,-30.735000000000582,30.735000000000582,0.00025397940000004837,long,False,True,False,False,0.5399,0.03296906834598978,-0.012039266530839199,-0.12243007964437869,-0.04463789590664935,-0.08686793850713104
BSB,2026050607,1.0,3,120983.06100000012,0.0,0,120983.06100000012,100,3,1.0,0.0,2026-05-06 07:00:00+00:00,0.0,0.0,0.0,0.0,long,False,False,False,False,0.5577,-0.04393042854581308,-0.09037116729424421,-0.022413483951945423,-0.07602653756499911,-0.1590460821230052
BSB,2026050608,1.0,3,120983.06100000012,0.0,0,120983.06100000012,100,3,1.0,0.0,2026-05-06 08:00:00+00:00,0.0,0.0,0.0,0.0,long,False,False,False,False,0.5332,0.0003750937734432469,-0.0902100525131283,-0.05007501875468878,-0.04051012753188288,-0.12846961740435114
BSB,2026050609,1.0,3,120983.06100000012,0.0,0,120983.06100000012,100,3,1.0,0.0,2026-05-06 09:00:00+00:00,0.0,0.0,0.0,0.0,long,False,False,False,False,0.5334,-0.048931383577052845,-0.11173603299587553,-0.0028121484814397357,-0.03730783652043501,-0.11623547056617922
BSB,2026050610,1.0,3,120983.06100000012,0.0,0,120983.06100000012,100,3,1.0,0.0,2026-05-06 10:00:00+00:00,0.0,0.0,0.0,0.0,long,False,False,False,False,0.5073,-0.04376108811354229,0.07470924502266918,0.04435245416913092,0.005716538537354543,-0.08574807806031925
BSB,2026050611,1.0,3,120983.06100000012,0.0,0,120983.06100000012,100,3,1.0,0.0,2026-05-06 11:00:00+00:00,0.0,0.0,0.0,0.0,long,False,False,False,False,0.4851,-0.02329416615130897,0.04411461554318685,0.1020408163265305,0.03525046382189245,-0.04638218923933202
BSB,2026050612,1.0,3,120983.06100000012,0.0,0,120983.06100000012,100,3,1.0,0.0,2026-05-06 12:00:00+00:00,0.0,0.0,0.0,0.0,long,False,False,False,False,0.4738,0.15069649641198812,0.12262558041367666,0.08864499788940483,0.07598142676234709,-0.014352047277332192
BSB,2026050613,1.0,3,121982.48200000012,0.0,0,121982.48200000012,100,3,1.0,0.0,2026-05-06 13:00:00+00:00,0.0,999.4210000000021,999.4210000000021,0.0,long,True,False,False,False,0.5452,-0.07098312545854746,-0.028246515040352138,-0.05484225972120327,-0.09684519442406458,-0.16819515774027882
BSB,2026050614,1.0,3,121982.48200000012,0.0,0,121982.48200000012,100,3,1.0,0.0,2026-05-06 14:00:00+00:00,0.0,0.0,0.0,0.0,long,False,False,False,False,0.5065,0.05014807502467944,0.05547877591312944,0.010069101678183756,-0.04284304047384002,-0.10898321816386969
BSB,2026050615,1.0,3,126246.04100000011,0.0,0,126246.04100000011,100,3,1.0,0.0,2026-05-06 15:00:00+00:00,0.0,4263.558999999994,4263.558999999994,0.0,long,True,False,False,False,0.5319,-0.003948110547095318,-0.030268847527730736,-0.034592968603121,-0.12351945854483937,-0.1411919533746946
BSB,2026050616,1.0,2,120259.71000000012,0.0,0,120259.71000000012,100,2,1.0,0.0,2026-05-06 16:00:00+00:00,-1.0,-5986.330999999991,-5986.330999999991,0.0,long,False,True,False,False,0.5298,0.009060022650056565,-0.027368818422046193,-0.03699509248773136,-0.09890524726311822,-0.14986787466968676
BSB,2026050617,1.0,2,120259.71000000012,0.0,0,120259.71000000012,100,2,1.0,0.0,2026-05-06 17:00:00+00:00,0.0,0.0,0.0,0.0,long,False,False,False,False,0.5346,-0.035166479610923895,-0.04302282080059838,-0.06060606060606055,-0.11185933408155624,-0.14421997755331084
BSB,2026050618,1.0,2,120259.71000000012,0.0,0,120259.71000000012,100,2,1.0,0.0,2026-05-06 18:00:00+00:00,0.0,0.0,0.0,0.0,long,False,False,False,False,0.5158,-0.0009693679720823578,-0.004459092671578291,-0.011632415664986406,-0.04420317952694852,-0.06436603334625834
BSB,2026050619,1.0,2,120787.61000000012,0.0,0,120787.61000000012,100,2,1.0,0.0,2026-05-06 19:00:00+00:00,0.0,527.8999999999942,527.8999999999942,0.0,long,True,False,False,False,0.5153,-0.007180283330098791,-0.009897147292839081,-0.044440131961963836,-0.0898505724820493,-0.06966815447312247
BSB,2026050620,1.0,2,121767.71000000012,0.0,0,121767.71000000012,100,2,1.0,0.0,2026-05-06 20:00:00+00:00,0.0,980.1000000000058,980.1000000000058,0.0,long,True,False,False,False,0.5116,0.0037138389366691005,-0.018373729476153344,-0.052384675527756164,-0.09167318217357323,
BSB,2026050621,1.0,2,131129.71000000014,0.0,0,131129.71000000014,100,2,1.0,0.0,2026-05-06 21:00:00+00:00,0.0,9362.000000000015,9362.000000000015,0.0,long,True,False,False,False,0.5135,-0.006426484907497532,-0.007205452775072896,-0.09211295034079836,-0.0819863680623174,
BSB,2026050622,1.0,2,131129.71000000014,0.0,0,131129.71000000014,100,2,1.0,0.0,2026-05-06 22:00:00+00:00,0.0,0.0,0.0,0.0,long,False,False,False,False,0.5102,-0.0156801254410035,-0.03488827910623282,-0.06428851430811444,-0.09094472755782046,
BSB,2026050623,1.0,2,131129.71000000014,0.0,0,131129.71000000014,100,2,1.0,0.0,2026-05-06 23:00:00+00:00,0.0,0.0,0.0,0.0,long,False,False,False,False,0.5022,0.015133412982875516,-0.03464755077658299,-0.05455993628036637,-0.07885304659498205,
BSB,2026050701,1.0,2,131129.71000000014,0.0,0,131129.71000000014,100,2,1.0,0.0,2026-05-07 01:00:00+00:00,0.0,0.0,0.0,0.0,long,False,False,False,False,0.4924,-0.015434606011372809,-0.03046303818034124,-0.04752233956133234,-0.07900081234768475,
BSB,2026050702,1.0,3,139539.49600000016,0.0,0,139539.49600000016,100,3,1.0,0.0,2026-05-07 02:00:00+00:00,1.0,8409.786000000022,8409.786000000022,0.0,long,True,False,False,False,0.4848,-0.0383663366336634,-0.020627062706270682,-0.04146039603960394,-0.06910066006600668,
BSB,2026050703,1.0,2,131129.71000000014,0.0,0,131129.71000000014,100,2,1.0,0.0,2026-05-07 03:00:00+00:00,-1.0,-8409.786000000022,-8409.786000000022,0.0,long,False,True,False,False,0.4662,0.024024024024023927,0.057486057486057396,0.011154011154011156,-0.020163020163020184,
BSB,2026050704,1.0,2,131129.71000000014,0.0,0,131129.71000000014,100,2,1.0,0.0,2026-05-07 04:00:00+00:00,0.0,0.0,0.0,0.0,long,False,False,False,False,0.4774,-0.005446166736489344,-0.017595307917888547,-0.028487641390867235,-0.05655634687892741,
BSB,2026050705,1.0,2,131129.71000000014,0.0,0,131129.71000000014,100,2,1.0,0.0,2026-05-07 05:00:00+00:00,0.0,0.0,0.0,0.0,long,False,False,False,False,0.4748,0.038331929233361484,-0.021272114574557688,-0.025695029486099363,-0.0364363942712721,
BSB,2026050706,1.0,2,131129.71000000014,0.0,0,131129.71000000014,100,2,1.0,0.0,2026-05-07 06:00:00+00:00,0.0,0.0,0.0,0.0,long,False,False,False,False,0.493,-0.0486815415821501,-0.043813387423935146,-0.05273833671399586,-0.021095334685598433,
BSB,2026050707,1.0,2,131129.71000000014,0.0,0,131129.71000000014,100,2,1.0,0.0,2026-05-07 07:00:00+00:00,0.0,0.0,0.0,0.0,long,False,False,False,False,0.469,-0.009168443496801681,-0.011087420042643847,-0.03304904051172697,0.022174840085287917,
BSB,2026050708,1.0,2,131129.71000000014,0.0,0,131129.71000000014,100,2,1.0,0.0,2026-05-07 08:00:00+00:00,0.0,0.0,0.0,0.0,long,False,False,False,False,0.4647,0.01441790402410148,-0.004519044544867623,-0.028835808048203182,,
BSB,2026050709,1.0,2,131129.71000000014,0.0,0,131129.71000000014,100,2,1.0,0.0,2026-05-07 09:00:00+00:00,0.0,0.0,0.0,0.0,long,False,False,False,False,0.4714,-0.016122189223589323,-0.009333899024183245,-0.030971574034790006,,
BSB,2026050710,1.0,2,131129.71000000014,0.0,0,131129.71000000014,100,2,1.0,0.0,2026-05-07 10:00:00+00:00,0.0,0.0,0.0,0.0,long,False,False,False,False,0.4638,-0.002587322121604063,-0.022207848210435532,-0.02889176369124613,,
BSB,2026050711,1.0,2,131129.71000000014,0.0,0,131129.71000000014,100,2,1.0,0.0,2026-05-07 11:00:00+00:00,0.0,0.0,0.0,0.0,long,False,False,False,False,0.4626,0.009511456982274069,-0.02442715088629488,-0.011024643320363126,,
BSB,2026050712,1.0,2,131129.71000000014,0.0,0,131129.71000000014,100,2,1.0,0.0,2026-05-07 12:00:00+00:00,0.0,0.0,0.0,0.0,long,False,False,False,False,0.467,-0.028907922912205564,-0.021841541755888705,0.033404710920770686,,
BSB,2026050713,1.0,3,140547.3610000002,0.0,0,140547.3610000002,100,3,1.0,0.0,2026-05-07 13:00:00+00:00,1.0,9417.65100000007,9417.65100000007,0.0,long,True,False,False,False,0.4535,-0.004851157662624117,-0.00683572216097017,0.05711135611907392,,
BSB,2026050714,1.0,3,140547.3610000002,0.0,0,140547.3610000002,100,3,1.0,0.0,2026-05-07 14:00:00+00:00,0.0,0.0,0.0,0.0,long,False,False,False,False,0.4513,0.012187015289164549,0.013738089962331168,,,
BSB,2026050715,1.0,3,140547.3610000002,0.0,0,140547.3610000002,100,3,1.0,0.0,2026-05-07 15:00:00+00:00,0.0,0.0,0.0,0.0,long,False,False,False,False,0.4568,-0.014010507880910628,0.056479859894921214,,,
BSB,2026050716,1.0,2,131129.71000000014,0.0,0,131129.71000000014,100,2,1.0,0.0,2026-05-07 16:00:00+00:00,-1.0,-9417.65100000007,-9417.65100000007,0.0,long,False,True,False,False,0.4504,0.015763765541740637,0.06438721136767311,,,
BSB,2026050717,1.0,2,131129.71000000014,0.0,0,131129.71000000014,100,2,1.0,0.0,2026-05-07 17:00:00+00:00,0.0,0.0,0.0,0.0,long,False,False,False,False,0.4575,0.05486338797814194,,,,
BSB,2026050718,1.0,2,131129.71000000014,0.0,0,131129.71000000014,100,2,1.0,0.0,2026-05-07 18:00:00+00:00,0.0,0.0,0.0,0.0,long,False,False,False,False,0.4826,-0.006630750103605476,,,,
BSB,2026050719,1.0,2,131129.71000000014,0.0,0,131129.71000000014,100,2,1.0,0.0,2026-05-07 19:00:00+00:00,0.0,0.0,0.0,0.0,long,False,False,False,False,0.4794,,,,,
BSB,2026050720,1.0,2,131129.71000000014,0.0,0,131129.71000000014,100,2,1.0,0.0,2026-05-07 20:00:00+00:00,0.0,0.0,0.0,0.0,long,False,False,False,False,,,,,,
BSB,2026050721,1.0,2,131129.71000000014,0.0,0,131129.71000000014,100,2,1.0,0.0,2026-05-07 21:00:00+00:00,0.0,0.0,0.0,0.0,long,False,False,False,False,,,,,,
BSB,2026050722,1.0,2,131129.71000000014,0.0,0,131129.71000000014,100,2,1.0,0.0,2026-05-07 22:00:00+00:00,0.0,0.0,0.0,0.0,long,False,False,False,False,,,,,,
BSB,2026050723,1.0,2,131129.71000000014,0.0,0,131129.71000000014,100,2,1.0,0.0,2026-05-07 23:00:00+00:00,0.0,0.0,0.0,0.0,long,False,False,False,False,,,,,,
BSB,2026050801,1.0,2,131129.71000000014,0.0,0,131129.71000000014,100,2,1.0,0.0,2026-05-08 01:00:00+00:00,0.0,0.0,0.0,0.0,long,False,False,False,False,,,,,,
BSB,2026050802,1.0,2,131129.71000000014,0.0,0,131129.71000000014,100,2,1.0,0.0,2026-05-08 02:00:00+00:00,0.0,0.0,0.0,0.0,long,False,False,False,False,,,,,,
BSB,2026050803,1.0,2,131129.71000000014,0.0,0,131129.71000000014,100,2,1.0,0.0,2026-05-08 03:00:00+00:00,0.0,0.0,0.0,0.0,long,False,False,False,False,,,,,,
BSB,2026050804,1.0,2,131129.71000000014,0.0,0,131129.71000000014,100,2,1.0,0.0,2026-05-08 04:00:00+00:00,0.0,0.0,0.0,0.0,long,False,False,False,False,,,,,,
BSB,2026050805,1.0,2,131129.71000000014,0.0,0,131129.71000000014,100,2,1.0,0.0,2026-05-08 05:00:00+00:00,0.0,0.0,0.0,0.0,long,False,False,False,False,,,,,,
BSB,2026050806,1.0,2,131129.71000000014,0.0,0,131129.71000000014,100,2,1.0,0.0,2026-05-08 06:00:00+00:00,0.0,0.0,0.0,0.0,long,False,False,False,False,,,,,,
BSB,2026050807,1.0,2,131129.71000000014,0.0,0,131129.71000000014,100,2,1.0,0.0,2026-05-08 07:00:00+00:00,0.0,0.0,0.0,0.0,long,False,False,False,False,,,,,,
BSB,2026050808,1.0,2,131129.71000000014,0.0,0,131129.71000000014,100,2,1.0,0.0,2026-05-08 08:00:00+00:00,0.0,0.0,0.0,0.0,long,False,False,False,False,,,,,,
BSB,2026050809,1.0,2,131129.71000000014,0.0,0,131129.71000000014,100,2,1.0,0.0,2026-05-08 09:00:00+00:00,0.0,0.0,0.0,0.0,long,False,False,False,False,,,,,,
BSB,2026050810,1.0,2,131129.71000000014,0.0,0,131129.71000000014,100,2,1.0,0.0,2026-05-08 10:00:00+00:00,0.0,0.0,0.0,0.0,long,False,False,False,False,,,,,,
BSB,2026050811,1.0,3,140770.9280000002,0.0,0,140770.9280000002,100,3,1.0,0.0,2026-05-08 11:00:00+00:00,1.0,9641.218000000052,9641.218000000052,0.0,long,True,False,False,False,,,,,,
BSB,2026050812,1.0,3,140770.9280000002,0.0,0,140770.9280000002,100,3,1.0,0.0,2026-05-08 12:00:00+00:00,0.0,0.0,0.0,0.0,long,False,False,False,False,,,,,,
BSB,2026050813,1.0,3,144763.4100000002,0.0,0,144763.4100000002,100,3,1.0,0.0,2026-05-08 13:00:00+00:00,0.0,3992.482000000018,3992.482000000018,0.0,long,True,False,False,False,,,,,,
BSB,2026050814,0.75,3,144734.9827500002,0.25,1,144791.8372500002,100,4,0.9998036681,0.0001963319,2026-05-08 14:00:00+00:00,1.0,28.427249999978812,-28.427250000007916,-0.000196331900000013,long,True,False,False,False,,,,,,
BSB,2026050815,1.0,2,131129.71000000014,0.0,0,131129.71000000014,100,2,1.0,0.0,2026-05-08 15:00:00+00:00,-2.0,-13662.127250000049,-13605.272750000062,0.000196331900000013,long,False,True,False,False,,,,,,
BSB,2026050816,0.75,3,143238.3710000002,0.25,1,143360.1310000002,100,4,0.9995753352,0.0004246648,2026-05-08 16:00:00+00:00,2.0,12230.42100000006,12108.661000000051,-0.0004246648000000297,long,True,False,False,False,,,,,,
BSB,2026050817,1.0,2,131129.71000000014,0.0,0,131129.71000000014,100,2,1.0,0.0,2026-05-08 17:00:00+00:00,-2.0,-12230.42100000006,-12108.661000000051,0.0004246648000000297,long,False,True,False,False,,,,,,
BSB,2026050818,1.0,2,131129.71000000014,0.0,0,131129.71000000014,100,2,1.0,0.0,2026-05-08 18:00:00+00:00,0.0,0.0,0.0,0.0,long,False,False,False,False,,,,,,
BSB,2026050819,1.0,2,131129.71000000014,0.0,0,131129.71000000014,100,2,1.0,0.0,2026-05-08 19:00:00+00:00,0.0,0.0,0.0,0.0,long,False,False,False,False,,,,,,
BSB,2026050820,1.0,2,131129.71000000014,0.0,0,131129.71000000014,100,2,1.0,0.0,2026-05-08 20:00:00+00:00,0.0,0.0,0.0,0.0,long,False,False,False,False,,,,,,
BSB,2026050821,1.0,2,131129.71000000014,0.0,0,131129.71000000014,100,2,1.0,0.0,2026-05-08 21:00:00+00:00,0.0,0.0,0.0,0.0,long,False,False,False,False,,,,,,
BSB,2026050822,1.0,2,131129.71000000014,0.0,0,131129.71000000014,100,2,1.0,0.0,2026-05-08 22:00:00+00:00,0.0,0.0,0.0,0.0,long,False,False,False,False,,,,,,
BSB,2026050823,1.0,2,131129.71000000014,0.0,0,131129.71000000014,100,2,1.0,0.0,2026-05-08 23:00:00+00:00,0.0,0.0,0.0,0.0,long,False,False,False,False,,,,,,
BSB,2026050901,1.0,3,134282.78854663068,0.0,0,134282.78854663068,100,3,1.0,0.0,2026-05-09 01:00:00+00:00,1.0,3153.0785466305388,3153.0785466305388,0.0,long,True,False,False,False,,,,,,
BSB,2026050902,1.0,4,167082.897568024,0.0,0,167082.897568024,100,4,1.0,0.0,2026-05-09 02:00:00+00:00,1.0,32800.10902139332,32800.10902139332,0.0,long,True,False,False,False,,,,,,
BSB,2026050903,1.0,5,189954.562841635,0.0,0,189954.562841635,100,5,1.0,0.0,2026-05-09 03:00:00+00:00,1.0,22871.665273610997,22871.665273610997,0.0,long,True,False,False,False,,,,,,
BSB,2026050904,0.8,4,168721.96955798968,0.2,1,182088.0132632352,100,5,0.9632978484,0.0367021516,2026-05-09 04:00:00+00:00,0.0,-7866.549578399805,-21232.593283645314,-0.03670215160000001,long,False,True,False,False,,,,,,
BSB,2026050905,0.8,4,189522.6087409898,0.2,1,202128.64808023552,100,5,0.968816792,0.031183208,2026-05-09 05:00:00+00:00,0.0,20040.634817000333,20800.63918300011,0.005518943600000048,long,True,False,False,False,,,,,,
MEGA,2026050605,1.0,1,553.84,0.0,0,553.84,100,1,1.0,0.0,2026-05-06 05:00:00+00:00,,,,,long,False,False,False,False,0.1265,-0.005533596837944743,0.0,-0.006324110671936722,-0.011857707509881465,-0.033201581027667904
MEGA,2026050606,1.0,1,553.84,0.0,0,553.84,100,1,1.0,0.0,2026-05-06 06:00:00+00:00,0.0,0.0,0.0,0.0,long,False,False,False,False,0.1258,-0.004769475357710551,0.010333863275039601,0.007154213036566048,0.0,-0.021462639109697923
MEGA,2026050607,1.0,1,553.84,0.0,0,553.84,100,1,1.0,0.0,2026-05-06 07:00:00+00:00,0.0,0.0,0.0,0.0,long,False,False,False,False,0.1252,0.010383386581469534,0.0087859424920127,-0.0007987220447285281,-0.011182108626198173,-0.010383386581469756
MEGA,2026050608,1.0,1,553.84,0.0,0,553.84,100,1,1.0,0.0,2026-05-06 08:00:00+00:00,0.0,0.0,0.0,0.0,long,False,False,False,False,0.1265,0.004743083003952542,-0.006324110671936722,-0.008695652173912993,-0.007905138339920903,-0.02134387351778666
MEGA,2026050609,1.0,1,553.84,0.0,0,553.84,100,1,1.0,0.0,2026-05-06 09:00:00+00:00,0.0,0.0,0.0,0.0,long,False,False,False,False,0.1271,-0.006294256490951944,-0.0031471282454759164,-0.014162077104642012,-0.016522423288748977,-0.03068450039339088
MEGA,2026050610,1.0,1,553.84,0.0,0,553.84,100,1,1.0,0.0,2026-05-06 10:00:00+00:00,0.0,0.0,0.0,0.0,long,False,False,False,False,0.1263,-0.004750593824227933,-0.009501187648456089,-0.0087094220110846,-0.0182106096595408,-0.031670625494853444
MEGA,2026050611,1.0,1,553.84,0.0,0,553.84,100,1,1.0,0.0,2026-05-06 11:00:00+00:00,0.0,0.0,0.0,0.0,long,False,False,False,False,0.1257,0.007955449482895727,-0.0023866348448686736,-0.005568814638027053,0.0031821797931581575,-0.02863961813842486
MEGA,2026050612,1.0,1,553.84,0.0,0,553.84,100,1,1.0,0.0,2026-05-06 12:00:00+00:00,0.0,0.0,0.0,0.0,long,False,False,False,False,0.1267,-0.012628255722178516,-0.01104972375690616,-0.007103393843725381,-0.012628255722178516,-0.030781373322809835
MEGA,2026050613,1.0,1,553.84,0.0,0,553.84,100,1,1.0,0.0,2026-05-06 13:00:00+00:00,0.0,0.0,0.0,0.0,long,False,False,False,False,0.1251,0.0023980815347723894,0.0007993605115907965,-0.010391686650679466,-0.008792965627497873,-0.043165467625899234
MEGA,2026050614,1.0,1,553.84,0.0,0,553.84,100,1,1.0,0.0,2026-05-06 14:00:00+00:00,0.0,0.0,0.0,0.0,long,False,False,False,False,0.1254,-0.0007974481658693522,-0.0031897926634769647,0.0007974481658692412,-0.015151515151515249,-0.04146730462519943
MEGA,2026050615,1.0,1,553.84,0.0,0,553.84,100,1,1.0,0.0,2026-05-06 15:00:00+00:00,0.0,0.0,0.0,0.0,long,False,False,False,False,0.1253,-0.0007980845969671746,0.003990422984836428,-0.002394253790901746,-0.027932960893854664,-0.022346368715083775
MEGA,2026050616,1.0,1,553.84,0.0,0,553.84,100,1,1.0,0.0,2026-05-06 16:00:00+00:00,0.0,0.0,0.0,0.0,long,False,False,False,False,0.1252,-0.0015974440894569453,-0.011182108626198173,-0.009584664536741228,-0.01757188498402562,-0.033546325878594296
MEGA,2026050617,1.0,1,553.84,0.0,0,553.84,100,1,1.0,0.0,2026-05-06 17:00:00+00:00,0.0,0.0,0.0,0.0,long,False,False,False,False,0.125,0.006399999999999961,0.0040000000000000036,0.008799999999999919,-0.021599999999999953,-0.02639999999999998
MEGA,2026050618,1.0,1,553.84,0.0,0,553.84,100,1,1.0,0.0,2026-05-06 18:00:00+00:00,0.0,0.0,0.0,0.0,long,False,False,False,False,0.1258,-0.015898251192368873,-0.006359300476947549,-0.005564387917329161,-0.021462639109697923,-0.03497615262321141
MEGA,2026050619,1.0,1,553.84,0.0,0,553.84,100,1,1.0,0.0,2026-05-06 19:00:00+00:00,0.0,0.0,0.0,0.0,long,False,False,False,False,0.1238,0.013731825525040486,0.001615508885298933,0.001615508885298933,0.0008077544426494665,-0.02988691437802904
MEGA,2026050620,1.0,1,553.84,0.0,0,553.84,100,1,1.0,0.0,2026-05-06 20:00:00+00:00,0.0,0.0,0.0,0.0,long,False,False,False,False,0.1255,-0.003984063745019917,0.004780876494023811,-0.015936254980079667,-0.013545816733067761,
MEGA,2026050701,1.0,1,12555.00000000013,0.0,0,12555.00000000013,100,1,1.0,0.0,2026-05-07 01:00:00+00:00,0.0,12001.160000000129,12001.160000000129,0.0,long,True,False,False,False,0.124,-0.0040322580645161255,-0.008064516129032251,-0.0008064516129032695,-0.0346774193548387,
MEGA,2026050702,1.0,1,12555.00000000013,0.0,0,12555.00000000013,100,1,1.0,0.0,2026-05-07 02:00:00+00:00,0.0,0.0,0.0,0.0,long,False,False,False,False,0.1235,-0.013765182186234792,-0.009716599190283337,0.0024291497975708065,-0.026720647773279316,
MEGA,2026050703,1.0,1,12555.00000000013,0.0,0,12555.00000000013,100,1,1.0,0.0,2026-05-07 03:00:00+00:00,0.0,0.0,0.0,0.0,long,False,False,False,False,0.1218,0.009852216748768461,0.010673234811165777,0.011494252873563315,0.005747126436781436,
MEGA,2026050704,1.0,1,12555.00000000013,0.0,0,12555.00000000013,100,1,1.0,0.0,2026-05-07 04:00:00+00:00,0.0,0.0,0.0,0.0,long,False,False,False,False,0.123,-0.005691056910569037,0.007317073170731714,-0.005691056910569037,-0.016260162601625994,
MEGA,2026050705,1.0,1,12555.00000000013,0.0,0,12555.00000000013,100,1,1.0,0.0,2026-05-07 05:00:00+00:00,0.0,0.0,0.0,0.0,long,False,False,False,False,0.1223,0.006541291905151292,0.012264922322158478,-0.0016353229762878785,-0.004905968928863524,
MEGA,2026050706,1.0,1,12555.00000000013,0.0,0,12555.00000000013,100,1,1.0,0.0,2026-05-07 06:00:00+00:00,0.0,0.0,0.0,0.0,long,False,False,False,False,0.1231,0.006498781478472715,0.0008123476848092004,-0.002437043054427268,-0.013809910641754741,
MEGA,2026050707,1.0,1,12555.00000000013,0.0,0,12555.00000000013,100,1,1.0,0.0,2026-05-07 07:00:00+00:00,0.0,0.0,0.0,0.0,long,False,False,False,False,0.1239,-0.0008071025020177647,-0.012913640032284013,-0.03389830508474567,-0.030669895076674725,
MEGA,2026050708,1.0,1,12555.00000000013,0.0,0,12555.00000000013,100,1,1.0,0.0,2026-05-07 08:00:00+00:00,0.0,0.0,0.0,0.0,long,False,False,False,False,0.1238,-0.004846526655896577,-0.013731825525040375,-0.029079159935379573,,
MEGA,2026050709,1.0,1,12555.00000000013,0.0,0,12555.00000000013,100,1,1.0,0.0,2026-05-07 09:00:00+00:00,0.0,0.0,0.0,0.0,long,False,False,False,False,0.1232,-0.007305194805194759,-0.0032467532467532756,-0.005681818181818232,,
MEGA,2026050710,1.0,1,12555.00000000013,0.0,0,12555.00000000013,100,1,1.0,0.0,2026-05-07 10:00:00+00:00,0.0,0.0,0.0,0.0,long,False,False,False,False,0.1223,-0.0016353229762878785,-0.021259198691741643,-0.010629599345870933,,
MEGA,2026050711,1.0,1,12555.00000000013,0.0,0,12555.00000000013,100,1,1.0,0.0,2026-05-07 11:00:00+00:00,0.0,0.0,0.0,0.0,long,False,False,False,False,0.1221,0.005733005733005836,-0.015561015561015523,-0.003276003276003303,,
MEGA,2026050712,1.0,1,12555.00000000013,0.0,0,12555.00000000013,100,1,1.0,0.0,2026-05-07 12:00:00+00:00,0.0,0.0,0.0,0.0,long,False,False,False,False,0.1228,-0.025244299674267112,-0.002442996742671122,-0.011400651465798162,,
MEGA,2026050713,1.0,1,12555.00000000013,0.0,0,12555.00000000013,100,1,1.0,0.0,2026-05-07 13:00:00+00:00,0.0,0.0,0.0,0.0,long,False,False,False,False,0.1197,0.00417710944026739,0.010860484544695126,0.003341687552213868,,
MEGA,2026050714,1.0,1,12555.00000000013,0.0,0,12555.00000000013,100,1,1.0,0.0,2026-05-07 14:00:00+00:00,0.0,0.0,0.0,0.0,long,False,False,False,False,0.1202,0.019134775374376023,0.012479201331114798,,,
MEGA,2026050715,1.0,1,12555.00000000013,0.0,0,12555.00000000013,100,1,1.0,0.0,2026-05-07 15:00:00+00:00,0.0,0.0,0.0,0.0,long,False,False,False,False,0.1225,-0.01224489795918371,-0.00897959183673469,,,
MEGA,2026050716,1.0,1,12555.00000000013,0.0,0,12555.00000000013,100,1,1.0,0.0,2026-05-07 16:00:00+00:00,0.0,0.0,0.0,0.0,long,False,False,False,False,0.121,0.005785123966942196,-0.007438016528925617,,,
MEGA,2026050717,1.0,1,12555.00000000013,0.0,0,12555.00000000013,100,1,1.0,0.0,2026-05-07 17:00:00+00:00,0.0,0.0,0.0,0.0,long,False,False,False,False,0.1217,-0.0024650780608053147,,,,
MEGA,2026050718,1.0,1,12555.00000000013,0.0,0,12555.00000000013,100,1,1.0,0.0,2026-05-07 18:00:00+00:00,0.0,0.0,0.0,0.0,long,False,False,False,False,0.1214,-0.010708401976935678,,,,
MEGA,2026050719,1.0,1,12555.00000000013,0.0,0,12555.00000000013,100,1,1.0,0.0,2026-05-07 19:00:00+00:00,0.0,0.0,0.0,0.0,long,False,False,False,False,0.1201,,,,,
MEGA,2026050720,1.0,1,12555.00000000013,0.0,0,12555.00000000013,100,1,1.0,0.0,2026-05-07 20:00:00+00:00,0.0,0.0,0.0,0.0,long,False,False,False,False,,,,,,
MEGA,2026050721,1.0,1,12555.00000000013,0.0,0,12555.00000000013,100,1,1.0,0.0,2026-05-07 21:00:00+00:00,0.0,0.0,0.0,0.0,long,False,False,False,False,,,,,,
MEGA,2026050722,1.0,1,12555.00000000013,0.0,0,12555.00000000013,100,1,1.0,0.0,2026-05-07 22:00:00+00:00,0.0,0.0,0.0,0.0,long,False,False,False,False,,,,,,
MEGA,2026050723,1.0,1,12555.00000000013,0.0,0,12555.00000000013,100,1,1.0,0.0,2026-05-07 23:00:00+00:00,0.0,0.0,0.0,0.0,long,False,False,False,False,,,,,,
MEGA,2026050801,1.0,1,12555.00000000013,0.0,0,12555.00000000013,100,1,1.0,0.0,2026-05-08 01:00:00+00:00,0.0,0.0,0.0,0.0,long,False,False,False,False,,,,,,
MEGA,2026050802,1.0,1,12555.00000000013,0.0,0,12555.00000000013,100,1,1.0,0.0,2026-05-08 02:00:00+00:00,0.0,0.0,0.0,0.0,long,False,False,False,False,,,,,,
MEGA,2026050803,1.0,1,12555.00000000013,0.0,0,12555.00000000013,100,1,1.0,0.0,2026-05-08 03:00:00+00:00,0.0,0.0,0.0,0.0,long,False,False,False,False,,,,,,
MEGA,2026050804,1.0,1,12555.00000000013,0.0,0,12555.00000000013,100,1,1.0,0.0,2026-05-08 04:00:00+00:00,0.0,0.0,0.0,0.0,long,False,False,False,False,,,,,,
MEGA,2026050805,1.0,1,12555.00000000013,0.0,0,12555.00000000013,100,1,1.0,0.0,2026-05-08 05:00:00+00:00,0.0,0.0,0.0,0.0,long,False,False,False,False,,,,,,
MEGA,2026050806,1.0,1,12555.00000000013,0.0,0,12555.00000000013,100,1,1.0,0.0,2026-05-08 06:00:00+00:00,0.0,0.0,0.0,0.0,long,False,False,False,False,,,,,,
MEGA,2026050807,1.0,1,12555.00000000013,0.0,0,12555.00000000013,100,1,1.0,0.0,2026-05-08 07:00:00+00:00,0.0,0.0,0.0,0.0,long,False,False,False,False,,,,,,
MEGA,2026050808,1.0,1,12555.00000000013,0.0,0,12555.00000000013,100,1,1.0,0.0,2026-05-08 08:00:00+00:00,0.0,0.0,0.0,0.0,long,False,False,False,False,,,,,,
MEGA,2026050809,1.0,1,12555.00000000013,0.0,0,12555.00000000013,100,1,1.0,0.0,2026-05-08 09:00:00+00:00,0.0,0.0,0.0,0.0,long,False,False,False,False,,,,,,
MEGA,2026050810,1.0,1,12555.00000000013,0.0,0,12555.00000000013,100,1,1.0,0.0,2026-05-08 10:00:00+00:00,0.0,0.0,0.0,0.0,long,False,False,False,False,,,,,,
MEGA,2026050811,1.0,1,12555.00000000013,0.0,0,12555.00000000013,100,1,1.0,0.0,2026-05-08 11:00:00+00:00,0.0,0.0,0.0,0.0,long,False,False,False,False,,,,,,
MEGA,2026050812,1.0,1,12555.00000000013,0.0,0,12555.00000000013,100,1,1.0,0.0,2026-05-08 12:00:00+00:00,0.0,0.0,0.0,0.0,long,False,False,False,False,,,,,,
MEGA,2026050813,1.0,1,12555.00000000013,0.0,0,12555.00000000013,100,1,1.0,0.0,2026-05-08 13:00:00+00:00,0.0,0.0,0.0,0.0,long,False,False,False,False,,,,,,
MEGA,2026050814,1.0,1,12555.00000000013,0.0,0,12555.00000000013,100,1,1.0,0.0,2026-05-08 14:00:00+00:00,0.0,0.0,0.0,0.0,long,False,False,False,False,,,,,,
MEGA,2026050815,1.0,1,12555.00000000013,0.0,0,12555.00000000013,100,1,1.0,0.0,2026-05-08 15:00:00+00:00,0.0,0.0,0.0,0.0,long,False,False,False,False,,,,,,
MEGA,2026050816,1.0,1,12555.00000000013,0.0,0,12555.00000000013,100,1,1.0,0.0,2026-05-08 16:00:00+00:00,0.0,0.0,0.0,0.0,long,False,False,False,False,,,,,,
MEGA,2026050817,1.0,1,12555.00000000013,0.0,0,12555.00000000013,100,1,1.0,0.0,2026-05-08 17:00:00+00:00,0.0,0.0,0.0,0.0,long,False,False,False,False,,,,,,
MEGA,2026050818,1.0,1,12555.00000000013,0.0,0,12555.00000000013,100,1,1.0,0.0,2026-05-08 18:00:00+00:00,0.0,0.0,0.0,0.0,long,False,False,False,False,,,,,,
MEGA,2026050819,1.0,1,12555.00000000013,0.0,0,12555.00000000013,100,1,1.0,0.0,2026-05-08 19:00:00+00:00,0.0,0.0,0.0,0.0,long,False,False,False,False,,,,,,
MEGA,2026050820,1.0,1,12555.00000000013,0.0,0,12555.00000000013,100,1,1.0,0.0,2026-05-08 20:00:00+00:00,0.0,0.0,0.0,0.0,long,False,False,False,False,,,,,,
MEGA,2026050821,1.0,1,12555.00000000013,0.0,0,12555.00000000013,100,1,1.0,0.0,2026-05-08 21:00:00+00:00,0.0,0.0,0.0,0.0,long,False,False,False,False,,,,,,
MEGA,2026050822,1.0,1,12555.00000000013,0.0,0,12555.00000000013,100,1,1.0,0.0,2026-05-08 22:00:00+00:00,0.0,0.0,0.0,0.0,long,False,False,False,False,,,,,,
MEGA,2026050823,1.0,1,12555.00000000013,0.0,0,12555.00000000013,100,1,1.0,0.0,2026-05-08 23:00:00+00:00,0.0,0.0,0.0,0.0,long,False,False,False,False,,,,,,
MEGA,2026050901,1.0,2,13554.63500000013,0.0,0,13554.63500000013,100,2,1.0,0.0,2026-05-09 01:00:00+00:00,1.0,999.6350000000002,999.6350000000002,0.0,long,True,False,False,False,,,,,,
MEGA,2026050902,1.0,2,13554.63500000013,0.0,0,13554.63500000013,100,2,1.0,0.0,2026-05-09 02:00:00+00:00,0.0,0.0,0.0,0.0,long,False,False,False,False,,,,,,
MEGA,2026050903,1.0,2,13554.63500000013,0.0,0,13554.63500000013,100,2,1.0,0.0,2026-05-09 03:00:00+00:00,0.0,0.0,0.0,0.0,long,False,False,False,False,,,,,,
MEGA,2026050904,1.0,2,13554.63500000013,0.0,0,13554.63500000013,100,2,1.0,0.0,2026-05-09 04:00:00+00:00,0.0,0.0,0.0,0.0,long,False,False,False,False,,,,,,
MEGA,2026050905,1.0,2,13554.63500000013,0.0,0,13554.63500000013,100,2,1.0,0.0,2026-05-09 05:00:00+00:00,0.0,0.0,0.0,0.0,long,False,False,False,False,,,,,,
TRUMP,2026050605,0.5,1,113550.77035532887,0.5,1,113699.24862706503,100,2,0.9993470569,0.0006529431,2026-05-06 05:00:00+00:00,,,,,long,False,False,False,False,2.385,0.002096436058700357,0.017190775681341863,0.012159329140461361,-0.01635220125786152,-0.01635220125786152
TRUMP,2026050606,0.5,1,113553.57134088236,0.5,1,113696.44764151154,100,2,0.9993716764,0.0006283236,2026-05-06 06:00:00+00:00,0.0,-2.8009855534910457,2.8009855534910457,2.4619499999989358e-05,long,False,True,False,False,2.39,0.004184100418409997,0.022175732217573296,0.00502092050209213,-0.017991631799163188,-0.013389121338912124
TRUMP,2026050607,0.5,1,113556.41768470225,0.5,1,113693.60129769164,100,2,0.9993966959,0.0006033041,2026-05-06 07:00:00+00:00,0.0,-2.846343819895992,2.84634381988144,2.501950000000086e-05,long,False,True,False,False,2.4,0.010833333333333472,0.015000000000000124,-0.015833333333333255,-0.018749999999999933,-0.013749999999999929
TRUMP,2026050608,0.5,1,113559.28152046182,0.5,1,113690.73746193208,100,2,0.9994218704,0.0005781296,2026-05-06 08:00:00+00:00,0.0,-2.8638357595627895,2.8638357595773414,2.517449999994703e-05,long,False,True,False,False,2.426,0.007007419620775002,-0.004946413849958753,-0.02720527617477342,-0.028441879637262968,-0.02514427040395706
TRUMP,2026050609,0.5,1,113556.44701867878,0.5,1,113693.57196371512,100,2,0.9993969538,0.0006030462,2026-05-06 09:00:00+00:00,0.0,2.834501783043379,-2.834501783043379,-2.491659999992457e-05,long,True,False,False,False,2.443,-0.002865329512893977,-0.01678264428980758,-0.031109291854277576,-0.029881293491608618,-0.03561195251739668
TRUMP,2026050610,0.5,1,113553.55136271864,0.5,1,113696.46761967524,100,2,0.9993715008,0.0006284992,2026-05-06 10:00:00+00:00,0.0,2.8956559601210756,-2.8956559601356275,-2.5453000000008608e-05,long,True,False,False,False,2.436,-0.009031198686371034,-0.0303776683087027,-0.0324302134646961,-0.031609195402298784,-0.030788177339901357
TRUMP,2026050611,0.5,1,113553.54393813603,0.5,1,113696.47504425784,100,2,0.9993714356,0.0006285644,2026-05-06 11:00:00+00:00,0.0,0.0074245825962862,-0.007424582610838115,-6.520000006560167e-08,long,True,False,False,False,2.414,-0.004971002485501197,-0.02236951118475572,-0.028169014084507116,-0.01905550952775492,-0.013256006628003303
TRUMP,2026050612,0.5,1,113553.49621994978,0.5,1,113696.52276244412,100,2,0.9993710161,0.0006289839,2026-05-06 12:00:00+00:00,0.0,0.047718186280690134,-0.0477181862515863,-4.1949999995960496e-07,long,True,False,False,False,2.402,-0.016652789342214813,-0.014571190674438017,-0.022897585345545424,-0.020399666944213135,-0.0033305578684429404
TRUMP,2026050613,0.5,1,113562.06160068348,0.5,1,113687.95738171044,100,2,0.9994463099,0.0005536901,2026-05-06 13:00:00+00:00,0.0,-8.565380733678467,8.565380733693019,7.529380000004249e-05,long,False,True,False,False,2.362,-0.0008467400508045397,-0.0021168501270110163,-0.002963590177815445,-0.008890770533446224,0.003386960203217715
TRUMP,2026050614,0.5,1,113556.34732945486,0.5,1,113693.67165293904,100,2,0.9993960775,0.0006039225,2026-05-06 14:00:00+00:00,0.0,5.71427122860041,-5.714271228614962,-5.02324000000165e-05,long,True,False,False,False,2.36,0.0029661016949154018,-0.0059322033898304705,-0.0012711864406778073,-0.011016949152542255,-0.0025423728813558366
TRUMP,2026050615,0.5,1,113553.45934189657,0.5,1,113696.55964049732,100,2,0.999370692,0.000629308,2026-05-06 15:00:00+00:00,0.0,2.8879875582788372,-2.887987558293389,-2.538550000008577e-05,long,True,False,False,False,2.367,-0.0042247570764679665,-0.008449514152936266,0.0012674271229404788,-0.017743979721165926,0.0
TRUMP,2026050616,0.5,1,113550.54655110496,0.5,1,113699.47243128894,100,2,0.9993450898,0.0006549102,2026-05-06 16:00:00+00:00,0.0,2.912790791626321,-2.9127907916117692,-2.5602199999918973e-05,long,True,False,False,False,2.357,-0.004666949512091678,-0.0008485362749258707,0.0008485362749257597,-0.008485362749257486,0.007636826474331615
TRUMP,2026050617,0.5,1,113464.75586981831,0.5,1,113642.90487724329,100,2,0.9992161894,0.0007838106,2026-05-06 17:00:00+00:00,0.0,-56.567554045657744,-85.79068128664221,-0.00012890040000002045,long,False,True,False,False,2.346,0.0004262574595055302,0.004688832054561054,0.009377664109121886,0.0,0.019607843137254832
TRUMP,2026050618,0.5,1,113455.81200526636,0.5,1,113651.84874179524,100,2,0.9991375558,0.0008624442,2026-05-06 18:00:00+00:00,0.0,8.943864551954903,-8.943864551954903,-7.863360000004427e-05,long,True,False,False,False,2.347,0.003408606731998276,0.009799744354495266,0.002556455048998929,0.0046868342564976295,0.017469109501491165
TRUMP,2026050619,0.5,1,19115.27807664517,0.5,1,19300.162670416103,100,2,0.995210284,0.004789716,2026-05-06 19:00:00+00:00,0.0,-94351.68607137914,-94340.53392862118,-0.003927271799999965,long,False,True,False,False,2.355,0.000849256900212314,0.001698513800424628,-0.005944798301486087,0.005095541401273884,0.009766454352441611
TRUMP,2026050620,0.5,1,19126.741633059883,0.5,1,19288.699114001392,100,2,0.9958017521,0.0041982479,2026-05-06 20:00:00+00:00,0.0,-11.463556414710183,11.463556414713821,0.0005914680999999922,long,False,True,False,False,2.357,0.005515485787017438,0.004666949512091456,-0.009758167161646236,0.0033941450997030387,0.005091217649554558
TRUMP,2026050621,0.5,1,19129.6414259808,0.5,1,19285.799321080474,100,2,0.9959514798,0.0040485202,2026-05-06 21:00:00+00:00,0.0,-2.8997929209181166,2.8997929209181166,0.0001497276999999908,long,False,True,False,False,2.37,-0.004641350210970563,-0.0071729957805907185,-0.01898734177215189,-0.005907172995780696,0.00042194092826997043
TRUMP,2026050622,0.5,1,19231.61701298428,0.5,1,19352.54193407699,100,2,0.9968757354,0.0031242646,2026-05-06 22:00:00+00:00,0.0,66.74261299651698,101.97558700347872,0.0009242555999999791,long,True,False,False,False,2.359,0.0038151759220008685,-0.007630351844001626,-0.009325985587113061,0.0008478168715557732,0.0025434506146673197
TRUMP,2026050623,0.5,1,19234.86079303711,0.5,1,19349.298154024164,100,2,0.9970428549,0.0029571451,2026-05-06 23:00:00+00:00,0.0,-3.2437800528277876,3.2437800528314256,0.00016711950000003473,long,False,True,False,False,2.368,-0.006334459459459318,-0.014358108108108003,-0.00929054054054046,0.005912162162162282,0.0033783783783782884
TRUMP,2026050701,0.5,1,19235.0199172052,0.5,1,19349.139029856073,100,2,0.9970510545,0.0029489455,2026-05-07 01:00:00+00:00,0.0,-0.15912416809078422,0.15912416809078422,8.199599999980656e-06,long,False,True,False,False,2.341,-0.0029901751388295983,-0.0017086715079026593,0.011106364801366952,0.01238786843229378,0.022639897479709514
TRUMP,2026050702,0.5,1,19240.752567611056,0.5,1,19343.40637945022,100,2,0.9973465425,0.0026534575,2026-05-07 02:00:00+00:00,0.0,-5.732650405851018,5.732650405854656,0.0002954880000000104,long,False,True,False,False,2.334,-0.003856041131105381,0.005141388174807249,0.013281919451585411,0.00856898029134534,0.018851756640959838
TRUMP,2026050703,0.5,1,19240.857285845064,0.5,1,19343.301661216214,100,2,0.9973519418,0.0026480582,2026-05-07 03:00:00+00:00,0.0,-0.1047182340080326,0.1047182340080326,5.39929999998634e-06,long,False,True,False,False,2.325,0.005161290322580614,0.014193548387096744,0.013333333333333197,0.01806451612903226,0.01634408602150539
TRUMP,2026050704,0.5,1,19238.079242443546,0.5,1,19346.079704617732,100,2,0.9972087248,0.0027912752,2026-05-07 04:00:00+00:00,0.0,2.7780434015185165,-2.7780434015185165,-0.00014321699999997328,long,True,False,False,False,2.337,0.0038510911424902705,0.01283697047496779,0.010269576379974277,0.016260162601625883,0.013264869490799969
TRUMP,2026050705,0.5,1,19238.0888539979,0.5,1,19346.070093063376,100,2,0.9972092203,0.0027907797,2026-05-07 05:00:00+00:00,0.0,-0.00961155435652472,0.009611554352886742,4.955000000306242e-07,long,False,True,False,False,2.346,0.005115089514066584,0.008098891730605295,0.01534526854219953,0.019607843137254832,0.011082693947144007
TRUMP,2026050706,0.5,1,19229.580384974535,0.5,1,19354.57856208674,100,2,0.996770837,0.003229163,2026-05-07 06:00:00+00:00,0.0,8.508469023363432,-8.508469023363432,-0.00043838330000001147,long,True,False,False,False,2.358,0.003816793893129722,-0.0008481764206955678,0.01526717557251911,0.012722646310432406,0.011026293469041493
TRUMP,2026050707,0.5,1,19235.27098795946,0.5,1,19348.887959101816,100,2,0.9970639922,0.0029360078,2026-05-07 07:00:00+00:00,0.0,-5.690602984923316,5.690602984923316,0.00029315519999995043,long,False,True,False,False,2.367,-0.0008449514152935045,-0.0025348542458807355,0.0012674271229404788,0.004647232784114941,0.010561892691170138
TRUMP,2026050708,0.5,1,278681.7233607964,0.5,1,278806.6177862674,100,2,0.9997760196,0.0002239804,2026-05-07 08:00:00+00:00,0.0,259457.7298271656,259446.45237283694,0.0027120273999999833,long,True,False,False,False,2.365,-0.0038054968287527524,0.007188160676532718,-0.0046511627906977715,0.0016913319238900382,0.015221987315010344
TRUMP,2026050709,0.5,1,278690.25758748094,0.5,1,278798.0835595829,100,2,0.9998066235,0.0001933765,2026-05-07 09:00:00+00:00,0.0,-8.534226684540045,8.534226684540045,3.060390000009239e-05,long,False,True,False,False,2.356,0.0021222410865875396,0.016129032258064724,0.004668930390492321,0.006366723259762397,0.021222410865874508
TRUMP,2026050710,0.5,1,278696.0235439084,0.5,1,278792.31760315545,100,2,0.9998273014,0.0001726986,2026-05-07 10:00:00+00:00,0.0,-5.765956427436322,5.765956427436322,2.0677899999932414e-05,long,False,True,False,False,2.361,0.008894536213468918,0.003811944091486552,0.005929690808979204,0.0016941973739941218,0.011859381617958409
TRUMP,2026050711,0.5,1,278699.0257842108,0.5,1,278789.31536285306,100,2,0.9998380684,0.0001619316,2026-05-07 11:00:00+00:00,0.0,-3.002240302390419,3.0022403024486266,1.076700000002262e-05,long,False,True,False,False,2.382,0.005037783375314797,-0.011754827875734675,0.004198152812762368,-0.0025188916876575096,0.006297229219143441
TRUMP,2026050712,0.5,1,278704.6927289197,0.5,1,278783.64841814415,100,2,0.9998583925,0.0001416075,2026-05-07 12:00:00+00:00,0.0,-5.666944708907977,5.666944708849769,2.032409999996876e-05,long,False,True,False,False,2.394,-0.010025062656641603,-0.011278195488721887,-0.0025062656641604564,-0.00417710944026739,-0.0012531328320802837
TRUMP,2026050713,0.5,1,278699.1076442079,0.5,1,278789.2335028559,100,2,0.999838362,0.000161638,2026-05-07 13:00:00+00:00,0.0,5.585084711725358,-5.585084711783566,-2.003049999999007e-05,long,True,False,False,False,2.37,-0.006751054852320637,0.002109704641350074,0.0033755274261604296,0.010126582278481067,0.0071729957805906075
TRUMP,2026050714,0.5,1,278696.29580694815,0.5,1,278792.04534011567,100,2,0.9998282778,0.0001717222,2026-05-07 14:00:00+00:00,0.0,2.811837259796448,-2.8118372597382404,-1.0084199999926824e-05,long,True,False,False,False,2.354,0.005522514868309125,0.016142735768903904,0.006372132540356956,0.010195412064570863,0.021240441801189336
TRUMP,2026050715,0.5,1,278690.63116360654,0.5,1,278797.7099834573,100,2,0.9998079632,0.0001920368,2026-05-07 15:00:00+00:00,0.0,5.664643341617193,-5.664643341617193,-2.0314600000070904e-05,long,True,False,False,False,2.367,0.003379805661174462,0.008871989860582907,0.001689902830587231,-0.001689902830587231,0.0139416983523446
TRUMP,2026050716,0.5,1,278684.9215177132,0.5,1,278803.4196293506,100,2,0.999787488,0.000212512,2026-05-07 16:00:00+00:00,0.0,5.709645893308334,-5.709645893308334,-2.047520000003633e-05,long,True,False,False,False,2.375,0.00715789473684203,0.001263157894736855,-0.004210526315789331,-0.0029473684210526985,0.015578947368420915
TRUMP,2026050717,0.5,1,278684.88095915125,0.5,1,278803.46018791257,100,2,0.9997873426,0.0002126574,2026-05-07 17:00:00+00:00,0.0,0.040558561973739415,-0.040558561973739415,-1.4539999992901897e-07,long,True,False,False,False,2.392,-0.0016722408026755842,-0.00961538461538447,-0.006688963210702337,-0.00836120401337792,0.023829431438127102
TRUMP,2026050718,0.5,1,278690.51933831425,0.5,1,278797.8218087496,100,2,0.9998075622,0.0001924378,2026-05-07 18:00:00+00:00,0.0,-5.638379162992351,5.638379162992351,2.021959999998213e-05,long,False,True,False,False,2.388,-0.0041876046901171415,-0.0071189279731992405,-0.0016750418760469454,-0.0016750418760469454,0.03266331658291466
TRUMP,2026050719,0.5,1,278687.67886183603,0.5,1,278800.66228522774,100,2,0.9997973759,0.0002026241,2026-05-07 19:00:00+00:00,0.0,2.840476478158962,-2.8404764782171696,-1.0186300000047943e-05,long,True,False,False,False,2.378,-0.003784693019343921,-0.005466778805718997,0.006728343145500526,0.005887300252312766,0.03532380151387726
TRUMP,2026050720,0.5,1,278679.01392365125,0.5,1,278809.3272234126,100,2,0.9997663039,0.0002336961,2026-05-07 20:00:00+00:00,0.0,8.664938184840139,-8.664938184781931,-3.107199999996535e-05,long,True,False,False,False,2.369,0.0008442380751370049,0.002954833262980072,0.003799071338117299,0.013507809202194743,0.041789784719290735
TRUMP,2026050721,0.5,1,278673.1089685675,0.5,1,278815.2321784963,100,2,0.9997451301,0.0002548699,2026-05-07 21:00:00+00:00,0.0,5.90495508373715,-5.90495508373715,-2.1173799999996135e-05,long,True,False,False,False,2.371,-0.002530577815267776,0.005482918599746922,-0.003374103753690405,0.01476170392239573,0.04217629692113034
TRUMP,2026050722,0.5,1,278684.4538405728,0.5,1,278803.887306491,100,2,0.9997858109,0.0002141891,2026-05-07 22:00:00+00:00,0.0,-11.34487200534204,11.344872005283833,4.068079999997032e-05,long,False,True,False,False,2.365,0.0046511627906975495,0.012262156448202832,0.0012684989429174731,0.010147991543340229,0.04482029598308657
TRUMP,2026050723,0.5,1,19238.10840158303,0.5,1,19346.050545478243,100,2,0.9972102279,0.0027897721,2026-05-07 23:00:00+00:00,0.0,-259457.83676101273,-259446.34543898975,-0.002575582999999937,long,False,True,False,False,2.376,0.0033670033670034627,0.0008417508417508657,-0.0016835016835017313,0.008838383838383868,0.042508417508417606
TRUMP,2026050801,0.0,0,-62.52286829065936,1.0,1,62.52286829065936,100,1,0.0,1.0,2026-05-08 01:00:00+00:00,-1.0,-19283.527677187583,-19300.63126987369,-0.9972102279,short,False,False,True,True,2.394,-0.006683375104427736,-0.010860484544695126,-0.0008354218880535225,-0.0029239766081872176,0.040100250626566414
TRUMP,2026050802,0.0,0,-71.14706150413882,1.0,1,71.14706150413882,100,1,0.0,1.0,2026-05-08 02:00:00+00:00,0.0,8.624193213479458,-8.624193213479458,0.0,short,False,False,True,False,2.378,-0.006307821698906646,-0.002523128679562725,0.009671993271656687,0.010933557611437994,0.05382674516400332
TRUMP,2026050803,0.0,0,-68.34203133058435,1.0,1,68.34203133058435,100,1,0.0,1.0,2026-05-08 03:00:00+00:00,0.0,-2.8050301735544707,2.8050301735544707,0.0,short,False,False,False,True,2.363,0.0021159542953872457,0.008887008040626254,0.018197206940330224,0.015658061785865485,0.05459162082099023
TRUMP,2026050804,0.0,0,-65.54266651820659,1.0,1,65.54266651820659,100,1,0.0,1.0,2026-05-08 04:00:00+00:00,0.0,-2.7993648123777604,2.7993648123777604,0.0,short,False,False,False,True,2.368,0.0016891891891892552,0.010135135135135087,0.008868243243243201,0.01858108108108114,0.057432432432432456
TRUMP,2026050805,0.0,0,-62.7188905360218,1.0,1,62.7188905360218,100,1,0.0,1.0,2026-05-08 05:00:00+00:00,0.0,-2.8237759821847845,2.8237759821847845,0.0,short,False,False,False,True,2.372,0.005059021922428242,0.012225969645868418,0.010539629005059004,0.03246205733558183,0.051011804384485604
TRUMP,2026050806,0.0,0,-62.71443187529354,1.0,1,62.71443187529354,100,1,0.0,1.0,2026-05-08 06:00:00+00:00,0.0,-0.004458660728261066,0.004458660728261066,0.0,short,False,False,False,True,2.384,0.003355704697986628,0.009228187919463116,0.002936241610738355,0.0343959731543626,0.044463087248322264
TRUMP,2026050807,0.0,0,-59.84845080087456,1.0,1,59.84845080087456,100,1,0.0,1.0,2026-05-08 07:00:00+00:00,0.0,-2.8659810744189826,2.8659810744189826,0.0,short,False,False,False,True,2.392,0.003762541806020092,-0.0012541806020067714,-0.002090301003344397,0.02926421404682289,0.03428093645484953
TRUMP,2026050808,0.0,0,-65.54845080087456,1.0,1,65.54845080087456,100,1,0.0,1.0,2026-05-08 08:00:00+00:00,0.0,5.700000000000003,-5.700000000000003,0.0,short,False,False,True,False,2.401,0.0020824656393170216,-0.0016659725114536172,0.001249479383590213,0.0279050395668472,0.03498542274052485
TRUMP,2026050809,0.0,0,-65.5750707368046,1.0,1,65.5750707368046,100,1,0.0,1.0,2026-05-08 09:00:00+00:00,0.0,0.02661993593004297,-0.02661993593004297,0.0,short,False,False,True,False,2.406,-0.007065669160432386,-0.006234413965087282,-0.0024937655860349794,0.027015793848711445,
TRUMP,2026050810,0.5,1,286257.38682387833,0.5,1,286405.76357612386,100,2,0.9997409675,0.0002590325,2026-05-08 10:00:00+00:00,1.0,286340.18850538705,286322.96189461515,0.9997409675,long,True,False,False,False,2.389,0.003348681456676328,-0.000837170364168971,0.009627459187944831,0.03432398493093358,
TRUMP,2026050811,0.5,1,310044.094317738,0.5,1,310175.39148226444,100,2,0.9997883501,0.0002116499,2026-05-08 11:00:00+00:00,0.0,23769.62790614058,23786.707493859692,4.738260000003436e-05,long,True,False,False,False,2.397,-0.0025031289111387967,0.002920317062995448,0.021693783896537422,0.03337505214851899,
TRUMP,2026050812,0.5,1,333526.6362845704,0.5,1,333646.2707154328,100,2,0.9998207166,0.0001792834,2026-05-08 12:00:00+00:00,0.0,23470.87923316838,23482.54196683236,3.236650000004726e-05,long,True,False,False,False,2.391,-0.0016729401923881726,0.0037641154328731385,0.031367628607277265,0.03847762442492675,
TRUMP,2026050813,0.5,1,333526.6508420875,0.5,1,333646.25615791563,100,2,0.9998207602,0.0001792398,2026-05-08 13:00:00+00:00,0.0,-0.014557517191860825,0.014557517133653164,4.3599999943744194e-08,long,False,True,False,False,2.387,0.007121910347716698,0.010473397570171628,0.03142019271051533,0.04315039798910769,
TRUMP,2026050814,0.5,1,333523.7933713997,0.5,1,333649.11362860346,100,2,0.9998121975,0.0001878025,2026-05-08 14:00:00+00:00,0.0,2.8574706878280267,-2.8574706878280267,-8.56269999993664e-06,long,True,False,False,False,2.404,-0.0016638935108153063,0.018718801996672196,0.0266222961730449,0.04242928452579031,
TRUMP,2026050815,0.5,1,333518.0640874749,0.5,1,333654.84291252826,100,2,0.9997950294,0.0002049706,2026-05-08 15:00:00+00:00,0.0,5.7292839247966185,-5.7292839247966185,-1.7168100000075626e-05,long,True,False,False,False,2.4,0.0050000000000001155,0.02750000000000008,0.029583333333333517,0.03833333333333333,
TRUMP,2026050816,0.5,1,333512.24771996913,0.5,1,333660.659280034,100,2,0.999777601,0.000222399,2026-05-08 16:00:00+00:00,0.0,5.816367505758535,-5.816367505758535,-1.7428399999963595e-05,long,True,False,False,False,2.412,0.015339966832504048,0.02072968490878946,0.024461028192371614,0.03814262023217241,
TRUMP,2026050817,0.5,1,333509.29209930165,0.5,1,333663.6149007015,100,2,0.9997687449,0.0002312551,2026-05-08 17:00:00+00:00,0.0,2.955620667489711,-2.955620667489711,-8.856100000009803e-06,long,True,False,False,False,2.449,0.006941608819926559,0.007758268681094416,0.011433238056349548,0.01796651694569218,
TRUMP,2026050818,0.5,1,333509.203361443,0.5,1,333663.70363856014,100,2,0.999768479,0.000231521,2026-05-08 18:00:00+00:00,0.0,0.08873785863397643,-0.08873785863397643,-2.6590000001824876e-07,long,True,False,False,False,2.466,-0.0016220600162205612,0.002027575020275618,0.006893755068937413,0.009732360097323589,
TRUMP,2026050819,0.5,1,333514.89284623053,0.5,1,333658.0141537726,100,2,0.9997855269,0.0002144731,2026-05-08 19:00:00+00:00,0.0,-5.689484787522815,5.689484787522815,1.7047900000011218e-05,long,False,True,False,False,2.462,0.002437043054427157,0.0036555645816409577,0.011372867587327473,0.004874086108854536,
TRUMP,2026050820,0.5,1,333511.9988852591,0.5,1,333660.90811474406,100,2,0.9997768554,0.0002231446,2026-05-08 20:00:00+00:00,0.0,2.893960971443448,-2.893960971443448,-8.671499999945986e-06,long,True,False,False,False,2.468,0.001215559157212276,0.0036466774716368278,0.015397082658022532,0.006888168557536378,
TRUMP,2026050821,0.5,1,333514.78279670357,0.5,1,333658.1242032996,100,2,0.9997851971,0.0002148029,2026-05-08 21:00:00+00:00,0.0,-2.7839114444795996,2.7839114444795996,8.341699999969698e-06,long,False,True,False,False,2.471,0.0,0.004856333468231444,0.008498583569405138,,
TRUMP,2026050822,0.5,1,333514.79342992714,0.5,1,333658.113570076,100,2,0.999785229,0.000214771,2026-05-08 22:00:00+00:00,0.0,-0.010633223573677242,0.010633223573677242,3.1899999974882576e-08,long,False,True,False,False,2.471,0.002428166734115722,0.007689194658033305,0.013354917037636582,,
TRUMP,2026050823,0.5,1,333508.9798576645,0.5,1,333663.92714233865,100,2,0.9997678093,0.0002321907,2026-05-08 23:00:00+00:00,0.0,5.81357226264663,-5.81357226264663,-1.741970000002091e-05,long,True,False,False,False,2.477,0.002422285022204429,0.011707710940654037,0.006459426725878181,,
TRUMP,2026050901,0.6666666666,2,345504.7739503342,0.3333333333,1,345671.500649669,100,3,0.9997588364,0.0002411636,2026-05-09 01:00:00+00:00,1.0,12007.573507330322,11995.794092669676,-8.972900000014938e-06,long,True,False,False,False,2.49,0.006425702811244882,0.005622489959839383,-0.006425702811244993,,
TRUMP,2026050902,0.6666666666,2,345486.27858140966,0.3333333333,1,345689.99601859343,100,3,0.9997053466,0.0002946534,2026-05-09 02:00:00+00:00,0.0,18.49536892445758,-18.495368924515788,-5.348979999997283e-05,long,True,False,False,False,2.506,-0.005586592178770888,-0.0051875498802872455,-0.008379888268156388,,
TRUMP,2026050903,0.6666666666,2,345476.8033845896,0.3333333333,1,345699.47121541353,100,3,0.9996779459,0.0003220541,2026-05-09 03:00:00+00:00,0.0,9.4751968201017,-9.475196820043493,-2.7400699999957645e-05,long,True,False,False,False,2.492,0.0048154093097914075,-0.0008025682182984939,,,
TRUMP,2026050904,0.6666666666,2,345479.6661309065,0.3333333333,1,345696.60846909665,100,3,0.9996862243,0.0003137757,2026-05-09 04:00:00+00:00,0.0,-2.8627463168813847,2.8627463168813847,8.278399999950281e-06,long,False,True,False,False,2.504,-0.004392971246006461,-0.011980830670926479,,,
TRUMP,2026050905,0.6666666666,2,345476.61299117486,0.3333333333,1,345699.66160882823,100,3,0.9996773953,0.0003226047,2026-05-09 05:00:00+00:00,0.0,3.0531397315789945,-3.053139731637202,-8.828999999987985e-06,long,True,False,False,False,2.493,-0.001203369434416235,-0.0032089851584437,,,
CL,2026050605,0.0,0,-635578.036,1.0,2,635578.036,100,2,0.0,1.0,2026-05-06 05:00:00+00:00,,,,,short,False,False,False,False,100.21,0.005288893324019606,-0.04760003991617601,-0.07633968665801805,-0.04999501047799615,-0.049196686957389435
CL,2026050606,0.0,0,-635578.036,1.0,2,635578.036,100,2,0.0,1.0,2026-05-06 06:00:00+00:00,0.0,0.0,0.0,0.0,short,False,False,False,False,100.74,-0.02997816160412936,-0.07335715703791945,-0.053206273575540974,-0.05638276752034932,-0.0618423664879888
CL,2026050607,0.0,0,-635578.036,1.0,2,635578.036,100,2,0.0,1.0,2026-05-06 07:00:00+00:00,0.0,0.0,0.0,0.0,short,False,False,False,False,97.72,-0.02333196889070821,-0.0818665575112566,-0.01770364306180927,-0.025071633237822355,-0.046766270978305324
CL,2026050608,0.0,0,-641462.2577865947,1.0,3,641462.2577865947,100,3,0.0,1.0,2026-05-06 08:00:00+00:00,1.0,5884.221786594717,-5884.221786594717,0.0,short,False,False,True,False,95.44,-0.021898575020955602,-0.030176026823134916,-0.007124895222129002,0.006181894383906261,-0.029233025984911953
CL,2026050609,0.25,1,-637074.5399777069,0.75,3,647073.5399777069,100,4,0.0077263242,0.9922736758,2026-05-06 09:00:00+00:00,1.0,5611.282191112172,4387.717808887828,0.0077263242,short,False,False,True,True,93.35,-0.0388859132297803,0.021746116764863377,0.020674879485806263,0.025388323513658273,-0.0068559185859667915
CL,2026050610,0.25,1,-636837.6183464653,0.75,3,646836.6183464653,100,4,0.0077291542,0.9922708458,2026-05-06 10:00:00+00:00,0.0,-236.9216312415665,236.9216312415665,2.8300000000005404e-06,short,False,False,False,True,89.72,0.03165403477485507,0.0698840838163175,0.06754346856888094,0.0674320106999553,0.03332590280873826
CL,2026050611,0.25,1,-636959.1314513505,0.75,3,646958.1314513505,100,4,0.0077277025,0.9922722975,2026-05-06 11:00:00+00:00,0.0,121.5131048852345,-121.5131048852345,-1.4517000000002084e-06,short,False,False,True,False,92.56,0.030466724286948965,0.023768366464995694,0.028522039757994833,0.03532843560933441,-0.009075194468452952
CL,2026050612,0.25,1,-636900.055072733,0.75,3,646899.055072733,100,4,0.0077284082,0.9922715918,2026-05-06 12:00:00+00:00,0.0,-59.07637861755211,59.07637861755211,7.05699999999955e-07,short,False,False,False,True,95.38,0.006395470748584708,-0.00104843782763675,-0.003355001048437778,0.00681484587963932,-0.05053470329209475
CL,2026050613,0.25,1,-636779.7694473468,0.75,3,646778.7694473468,100,4,0.0077298455,0.9922701545,2026-05-06 13:00:00+00:00,0.0,-120.28562538616825,120.28562538616825,1.4372999999996347e-06,short,False,False,False,True,95.99,-0.012813834774455524,-0.0021877278883216666,-0.007500781331388651,-0.0071882487759141744,-0.052088759245754734
CL,2026050614,0.25,1,-636723.5467111027,0.75,3,646722.5467111027,100,4,0.0077305175,0.9922694825,2026-05-06 14:00:00+00:00,0.0,-56.2227362440899,56.2227362440899,6.720000000001725e-07,short,False,False,False,True,94.76,0.005487547488391753,0.004643309413254526,0.013402279442802811,0.008442380751371825,-0.039468130012663694
CL,2026050615,0.0,0,-642087.2123506513,1.0,3,642087.2123506513,100,3,0.0,1.0,2026-05-06 15:00:00+00:00,-1.0,-4635.3343604514375,-5363.6656395485625,-0.0077305175,short,False,False,True,True,95.28,0.0052476910159529044,-0.0023089840470192913,0.0046179680940385825,0.004093198992443314,-0.02267002518891681
CL,2026050616,0.0,0,-640203.4673530979,1.0,3,640203.4673530979,100,3,0.0,1.0,2026-05-06 16:00:00+00:00,0.0,-1883.744997553411,1883.744997553411,0.0,short,False,False,False,True,95.78,-0.006055543954896603,-0.005324702443098794,-0.00010440593025684564,-0.003758613489246221,-0.005951138024639868
CL,2026050617,0.25,1,-620281.9733884922,0.75,3,657227.4533884922,100,4,0.0281070729,0.9718929271,2026-05-06 17:00:00+00:00,1.0,17023.986035394366,19921.493964605615,0.0281070729,short,False,False,True,True,95.2,-0.0014705882352941124,0.008718487394957952,0.006617647058823506,0.0008403361344537785,-0.007037815126050395
CL,2026050618,0.25,1,-602074.7550978829,0.75,3,672943.1250978829,100,4,0.052655542,0.947344458,2026-05-06 18:00:00+00:00,0.0,15715.671709390706,18207.218290609308,0.0245484691,short,False,False,True,True,95.06,0.0022091310751104487,0.006942983378918521,0.010204081632652962,-0.005785819482432064,0.0022091310751104487
CL,2026050619,0.3333333333,1,-553734.917,0.6666666667,2,717421.155,100,3,0.1140796008,0.8859203992,2026-05-06 19:00:00+00:00,-1.0,44478.029902117094,48339.83809788292,0.0614240588,short,False,False,True,True,95.27,0.007977327595255712,0.005248241838983869,0.0003148945103390588,-0.022252545397291823,0.006612784717119791
CL,2026050620,0.3333333333,1,-551739.067,0.6666666667,2,719417.005,100,3,0.1165373745,0.8834626255,2026-05-06 20:00:00+00:00,0.0,1995.8499999999767,1995.8499999999767,0.002457773699999999,short,False,False,True,True,96.03,-0.0032281578673331035,-0.0020826824950536116,-0.0048943038633759706,-0.03519733416640625,
CL,2026050621,0.3333333333,1,-569101.5309189189,1.0,3,704049.5410810811,100,3,0.095837013,0.904162987,2026-05-06 21:00:00+00:00,0.0,-15367.46391891886,-17362.46391891886,-0.0207003615,short,False,False,True,True,95.72,0.0005223568742165341,0.003238612620142023,-0.0005223568742164231,-0.0314458838278312,
CL,2026050622,0.3333333333,1,-628211.8711711712,1.0,3,646936.0008288288,100,3,0.0144713925,0.9855286075,2026-05-06 22:00:00+00:00,0.0,-57113.540252252365,-59110.340252252296,-0.0813656205,short,False,False,True,True,95.77,0.0006265009919599329,-0.004907591103685882,-0.0036545891197660163,-0.031951550589955136,
CL,2026050623,0.3333333333,1,-631018.2255405405,0.6666666667,2,640137.8464594594,100,3,0.0071231696,0.9928768304,2026-05-06 23:00:00+00:00,0.0,-6798.154369369382,-2806.3543693693355,-0.0073482229,short,False,False,True,True,95.83,0.002087029114056227,-0.00281748930397574,-0.0057393300636543465,-0.04288844829385374,
CL,2026050701,0.0,0,-635578.036,1.0,2,635578.036,100,2,0.0,1.0,2026-05-07 01:00:00+00:00,-1.0,-4559.810459459433,-4559.810459459433,-0.0071231696,short,False,False,True,True,95.3,0.0027282266526758026,0.0012591815320042166,-0.02256033578174177,-0.045225603357817445,
CL,2026050702,0.0,0,-635578.036,1.0,2,635578.036,100,2,0.0,1.0,2026-05-07 02:00:00+00:00,0.0,0.0,0.0,0.0,short,False,False,False,False,95.56,0.0011511092507325849,-0.0029300962745918424,-0.03045207199665123,-0.04750941816659693,
CL,2026050703,0.0,0,-635578.036,1.0,2,635578.036,100,2,0.0,1.0,2026-05-07 03:00:00+00:00,0.0,0.0,0.0,0.0,short,False,False,False,False,95.67,-0.0026131493676178064,-0.01212501306574676,-0.03093968851259543,-0.02665412354970209,
CL,2026050704,0.0,0,-635578.036,1.0,2,635578.036,100,2,0.0,1.0,2026-05-07 04:00:00+00:00,0.0,0.0,0.0,0.0,short,False,False,False,False,95.42,-0.0014671976524837094,-0.023789561936700898,-0.028400754558792762,-0.0022007964787257306,
CL,2026050705,0.0,0,-683578.036,1.0,3,683578.036,100,3,0.0,1.0,2026-05-07 05:00:00+00:00,1.0,48000.0,-48000.0,0.0,short,False,False,True,False,95.28,-0.008081444164567575,-0.027602854743912664,-0.03736356003358521,-0.007871536523929468,
CL,2026050706,0.0,0,-683578.036,1.0,3,683578.036,100,3,0.0,1.0,2026-05-07 06:00:00+00:00,0.0,0.0,0.0,0.0,short,False,False,False,False,94.51,-0.014390011638980016,-0.019045603639826547,-0.041794519098508176,0.00804147709237113,
CL,2026050707,0.0,0,-683578.036,1.0,3,683578.036,100,3,0.0,1.0,2026-05-07 07:00:00+00:00,0.0,0.0,0.0,0.0,short,False,False,False,False,93.15,-0.005367686527106841,-0.004723564143854109,-0.023188405797101574,0.029522275899087402,
CL,2026050708,0.0,0,-683578.036,1.0,3,683578.036,100,3,0.0,1.0,2026-05-07 08:00:00+00:00,0.0,0.0,0.0,0.0,short,False,False,False,False,92.65,0.0006475984889366959,-0.01003777657852134,-0.017593092282784828,,
CL,2026050709,0.0,0,-683578.036,1.0,3,683578.036,100,3,0.0,1.0,2026-05-07 09:00:00+00:00,0.0,0.0,0.0,0.0,short,False,False,False,False,92.71,0.0,-0.02319059432639403,0.004422392406428832,,
CL,2026050710,0.0,0,-683578.036,1.0,3,683578.036,100,3,0.0,1.0,2026-05-07 10:00:00+00:00,0.0,0.0,0.0,0.0,short,False,False,False,False,92.71,-0.010678459713083788,-0.01855247546111527,0.026965807356272187,,
CL,2026050711,0.0,0,-683578.036,1.0,3,683578.036,100,3,0.0,1.0,2026-05-07 11:00:00+00:00,0.0,0.0,0.0,0.0,short,False,False,False,False,91.72,-0.012647187091146983,-0.007631923244657668,0.030636720453554256,,
CL,2026050712,0.0,0,-683578.036,1.0,3,683578.036,100,3,0.0,1.0,2026-05-07 12:00:00+00:00,0.0,0.0,0.0,0.0,short,False,False,False,False,90.56,0.004748233215547515,0.028268551236749095,0.05200971731448756,,
CL,2026050713,0.0,0,-683578.036,1.0,3,683578.036,100,3,0.0,1.0,2026-05-07 13:00:00+00:00,0.0,0.0,0.0,0.0,short,False,False,False,False,90.99,0.00032970656116049213,0.0463787229365864,0.0539619738432795,,
CL,2026050714,0.0,0,-683578.036,1.0,3,683578.036,100,3,0.0,1.0,2026-05-07 14:00:00+00:00,0.0,0.0,0.0,0.0,short,False,False,False,False,91.02,0.023071852340145194,0.03856295319709968,,,
CL,2026050715,0.0,0,-683578.036,1.0,3,683578.036,100,3,0.0,1.0,2026-05-07 15:00:00+00:00,0.0,0.0,0.0,0.0,short,False,False,False,False,93.12,0.022444158075601184,0.023088487972508398,,,
CL,2026050716,0.5,2,-531088.109,0.75,3,836067.963,100,4,0.1823893914,0.8176106086,2026-05-07 16:00:00+00:00,1.0,152489.92700000003,152489.9269999999,0.1823893914,short,False,False,True,True,95.21,-0.007142106921541824,0.0072471379056822105,,,
CL,2026050717,0.25,1,-677335.186,0.75,3,689820.886,100,4,0.0090499579,0.9909500421,2026-05-07 17:00:00+00:00,0.0,-146247.07699999993,-146247.07699999993,-0.1733394335,short,False,False,True,True,94.53,0.007828202686977592,,,,
CL,2026050718,0.25,1,-667349.191,0.75,3,699806.881,100,4,0.0231904621,0.9768095379,2026-05-07 18:00:00+00:00,0.0,9985.994999999995,9985.994999999995,0.014140504199999999,short,False,False,True,True,95.27,0.006612784717119791,,,,
CL,2026050719,0.25,1,-667349.191,0.75,3,699806.881,100,4,0.0231904621,0.9768095379,2026-05-07 19:00:00+00:00,0.0,0.0,0.0,0.0,short,False,False,False,False,95.9,,,,,
CL,2026050720,0.5,2,-507373.161,0.75,3,859782.911,100,4,0.2049411226,0.7950588774,2026-05-07 20:00:00+00:00,0.0,159976.0299999999,159976.02999999997,0.1817506605,short,False,False,True,True,,,,,,
CL,2026050721,0.25,1,-634879.007,0.75,3,732277.065,100,4,0.0665035562,0.9334964438,2026-05-07 21:00:00+00:00,0.0,-127505.84600000002,-127505.84599999996,-0.1384375664,short,False,False,True,True,,,,,,
CL,2026050722,0.25,1,-659223.9471031374,0.75,3,707932.1248968627,100,4,0.0344017286,0.9655982714,2026-05-07 22:00:00+00:00,0.0,-24344.940103137284,-24344.9401031374,-0.032101827599999994,short,False,False,True,True,,,,,,
CL,2026050723,0.25,1,-629783.2858052123,0.75,3,737372.7861947877,100,4,0.0729546183,0.9270453817,2026-05-07 23:00:00+00:00,0.0,29440.66129792505,29440.66129792505,0.038552889699999995,short,False,False,True,True,,,,,,
CL,2026050801,0.0,0,-645568.186,1.0,3,645568.186,100,3,0.0,1.0,2026-05-08 01:00:00+00:00,-1.0,-91804.60019478772,-15784.900194787653,-0.0729546183,short,False,False,True,True,,,,,,
CL,2026050802,0.0,0,-357652.233,1.0,2,357652.233,100,2,0.0,1.0,2026-05-08 02:00:00+00:00,-1.0,-287915.953,287915.953,0.0,short,False,False,False,True,,,,,,
CL,2026050803,0.0,0,-14985.5,1.0,1,14985.5,100,1,0.0,1.0,2026-05-08 03:00:00+00:00,-1.0,-342666.733,342666.733,0.0,short,False,False,False,True,,,,,,
CL,2026050804,0.0,0,-14985.5,1.0,1,14985.5,100,1,0.0,1.0,2026-05-08 04:00:00+00:00,0.0,0.0,0.0,0.0,short,False,False,False,False,,,,,,
CL,2026050805,0.0,0,-17478.4,1.0,1,17478.4,100,1,0.0,1.0,2026-05-08 05:00:00+00:00,0.0,2492.9000000000015,-2492.9000000000015,0.0,short,False,False,True,False,,,,,,
CL,2026050806,0.0,0,-117767.6,1.0,2,117767.6,100,2,0.0,1.0,2026-05-08 06:00:00+00:00,1.0,100289.20000000001,-100289.20000000001,0.0,short,False,False,True,False,,,,,,
CL,2026050807,0.0,0,-117767.6,1.0,2,117767.6,100,2,0.0,1.0,2026-05-08 07:00:00+00:00,0.0,0.0,0.0,0.0,short,False,False,False,False,,,,,,
CL,2026050808,0.0,0,-117767.6,1.0,2,117767.6,100,2,0.0,1.0,2026-05-08 08:00:00+00:00,0.0,0.0,0.0,0.0,short,False,False,False,False,,,,,,
CL,2026050809,0.0,0,-117767.6,1.0,2,117767.6,100,2,0.0,1.0,2026-05-08 09:00:00+00:00,0.0,0.0,0.0,0.0,short,False,False,False,False,,,,,,
CL,2026050810,0.0,0,-247795.5,1.0,2,247795.5,100,2,0.0,1.0,2026-05-08 10:00:00+00:00,0.0,130027.9,-130027.9,0.0,short,False,False,True,False,,,,,,
CL,2026050811,0.0,0,-247795.5,1.0,2,247795.5,100,2,0.0,1.0,2026-05-08 11:00:00+00:00,0.0,0.0,0.0,0.0,short,False,False,False,False,,,,,,
CL,2026050812,0.0,0,-247795.5,1.0,2,247795.5,100,2,0.0,1.0,2026-05-08 12:00:00+00:00,0.0,0.0,0.0,0.0,short,False,False,False,False,,,,,,
CL,2026050813,0.0,0,-247795.5,1.0,2,247795.5,100,2,0.0,1.0,2026-05-08 13:00:00+00:00,0.0,0.0,0.0,0.0,short,False,False,False,False,,,,,,
CL,2026050814,0.0,0,-149995.5,1.0,1,149995.5,100,1,0.0,1.0,2026-05-08 14:00:00+00:00,-1.0,-97800.0,97800.0,0.0,short,False,False,False,True,,,,,,
CL,2026050815,0.3333333333,1,-421766.656,0.6666666667,2,431758.68,100,3,0.0115713064,0.9884286936,2026-05-08 15:00:00+00:00,2.0,281763.18,-271771.156,0.0115713064,short,False,False,True,False,,,,,,
CL,2026050816,0.3333333333,1,-421766.656,0.6666666667,2,431758.68,100,3,0.0115713064,0.9884286936,2026-05-08 16:00:00+00:00,0.0,0.0,0.0,0.0,short,False,False,False,False,,,,,,
CL,2026050817,0.5,1,-269277.376,0.5,1,284256.96,100,2,0.026348667,0.973651333,2026-05-08 17:00:00+00:00,-1.0,-147501.71999999997,152489.28000000003,0.0147773606,short,False,False,False,True,,,,,,
CL,2026050818,0.5,1,-269277.376,0.5,1,284256.96,100,2,0.026348667,0.973651333,2026-05-08 18:00:00+00:00,0.0,0.0,0.0,0.0,short,False,False,False,False,,,,,,
CL,2026050819,0.5,1,-269277.376,0.5,1,284256.96,100,2,0.026348667,0.973651333,2026-05-08 19:00:00+00:00,0.0,0.0,0.0,0.0,short,False,False,False,False,,,,,,
CL,2026050820,0.5,1,-269277.376,0.5,1,284256.96,100,2,0.026348667,0.973651333,2026-05-08 20:00:00+00:00,0.0,0.0,0.0,0.0,short,False,False,False,False,,,,,,
CL,2026050821,0.5,1,-547911.697,0.5,1,562891.281,100,2,0.01330593,0.98669407,2026-05-08 21:00:00+00:00,0.0,278634.32099999994,-278634.32100000005,-0.013042736999999999,short,False,False,True,False,,,,,,
CL,2026050822,1.0,1,12485.087,0.0,0,12485.087,100,1,1.0,0.0,2026-05-08 22:00:00+00:00,-1.0,-550406.1939999999,560396.784,0.98669407,long,False,True,False,False,,,,,,
CL,2026050823,0.5,1,-352408.573,0.5,1,377378.747,100,2,0.0330837046,0.9669162954,2026-05-08 23:00:00+00:00,1.0,364893.66,-364893.66,-0.9669162954,short,False,False,True,False,,,,,,
CL,2026050901,0.6666666666,2,-52262.36599999999,0.3333333333,1,677524.954,100,3,0.4614314087,0.5385685913,2026-05-09 01:00:00+00:00,1.0,300146.20700000005,300146.207,0.4283477041,short,False,False,False,False,,,,,,
CL,2026050902,0.6666666666,2,-52262.36599999999,0.3333333333,1,677524.954,100,3,0.4614314087,0.5385685913,2026-05-09 02:00:00+00:00,0.0,0.0,0.0,0.0,short,False,False,False,False,,,,,,
CL,2026050903,0.6666666666,2,-52262.36599999999,0.3333333333,1,677524.954,100,3,0.4614314087,0.5385685913,2026-05-09 03:00:00+00:00,0.0,0.0,0.0,0.0,short,False,False,False,False,,,,,,
CL,2026050904,0.6666666666,2,-52262.36599999999,0.3333333333,1,677524.954,100,3,0.4614314087,0.5385685913,2026-05-09 04:00:00+00:00,0.0,0.0,0.0,0.0,short,False,False,False,False,,,,,,
CL,2026050905,0.6666666666,2,-52262.36599999999,0.3333333333,1,677524.954,100,3,0.4614314087,0.5385685913,2026-05-09 05:00:00+00:00,0.0,0.0,0.0,0.0,short,False,False,False,False,,,,,,
LTC,2026050605,1.0,3,105571.28243751754,0.0,0,105571.28243751754,100,3,1.0,0.0,2026-05-06 05:00:00+00:00,,,,,long,False,False,False,False,56.79,0.0012326113752421097,0.0179609086106709,0.015319598520866284,0.0014086987145622842,-0.0024652227504842195
LTC,2026050606,1.0,3,105571.28243751754,0.0,0,105571.28243751754,100,3,1.0,0.0,2026-05-06 06:00:00+00:00,0.0,0.0,0.0,0.0,long,False,False,False,False,56.86,0.00422089342244103,0.01600422089342257,0.015652479774885597,-0.00140696447414701,0.0022863172704890022
LTC,2026050607,1.0,3,105571.28243751754,0.0,0,105571.28243751754,100,3,1.0,0.0,2026-05-06 07:00:00+00:00,0.0,0.0,0.0,0.0,long,False,False,False,False,57.1,0.01243432574430825,0.010157618213660236,-0.0031523642732048662,-0.0033274956217164142,-0.00017513134851132595
LTC,2026050608,1.0,3,105571.28243751754,0.0,0,105571.28243751754,100,3,1.0,0.0,2026-05-06 08:00:00+00:00,0.0,0.0,0.0,0.0,long,False,False,False,False,57.81,-0.0006919218128351723,-0.002594706798131896,-0.017471025774087656,-0.016260162601626105,-0.01539526033558214
LTC,2026050609,1.0,4,162001.73743751753,0.0,0,162001.73743751753,100,4,1.0,0.0,2026-05-06 09:00:00+00:00,1.0,56430.45499999999,56430.45499999999,0.0,long,True,False,False,False,57.77,-0.0015579020252727283,-0.0003462004500606186,-0.012636316427211414,-0.013501817552362794,-0.01713692227799901
LTC,2026050610,1.0,4,162001.73743751753,0.0,0,162001.73743751753,100,4,1.0,0.0,2026-05-06 10:00:00+00:00,0.0,0.0,0.0,0.0,long,False,False,False,False,57.68,-0.00034674063800277377,-0.013176144244105403,-0.012135922330097082,-0.016816920943134472,-0.014042995839112393
LTC,2026050611,1.0,4,161869.55190009013,0.0,0,161869.55190009013,100,4,1.0,0.0,2026-05-06 11:00:00+00:00,0.0,-132.18553742740187,-132.18553742740187,0.0,long,False,True,False,False,57.66,0.0015608740894901274,-0.014915019077349934,-0.013701005896635476,-0.016129032258064502,-0.009712105445716213
LTC,2026050612,1.0,4,161869.55190009013,0.0,0,161869.55190009013,100,4,1.0,0.0,2026-05-06 12:00:00+00:00,0.0,0.0,0.0,0.0,long,False,False,False,False,57.75,-0.01437229437229437,-0.012294372294372358,-0.01679653679653681,-0.02268398268398275,-0.0072727272727273196
LTC,2026050613,1.0,4,161869.55190009013,0.0,0,161869.55190009013,100,4,1.0,0.0,2026-05-06 13:00:00+00:00,0.0,0.0,0.0,0.0,long,False,False,False,False,56.92,-0.0021082220660576523,0.0010541110330286596,-0.0001756851721715913,-0.012122276879831473,0.0005270555165144408
LTC,2026050614,1.0,4,161869.55190009013,0.0,0,161869.55190009013,100,4,1.0,0.0,2026-05-06 14:00:00+00:00,0.0,0.0,0.0,0.0,long,False,False,False,False,56.8,0.004225352112676051,0.0012323943661971537,0.0012323943661971537,-0.008274647887323905,-0.005457746478873204
LTC,2026050615,1.0,4,161869.55190009013,0.0,0,161869.55190009013,100,4,1.0,0.0,2026-05-06 15:00:00+00:00,0.0,0.0,0.0,0.0,long,False,False,False,False,57.04,-0.0010518934081347187,-0.004558204768583374,-0.0008765778401121915,-0.015427769985974837,-0.014901823281907478
LTC,2026050616,1.0,4,161737.36636266267,0.0,0,161737.36636266267,100,4,1.0,0.0,2026-05-06 16:00:00+00:00,0.0,-132.18553742746008,-132.18553742746008,0.0,long,False,True,False,False,56.98,-0.0019305019305019266,-0.0012285012285012664,-0.004738504738504679,-0.008775008775008808,-0.013864513864513817
LTC,2026050617,1.0,4,161472.99528780783,0.0,0,161472.99528780783,100,4,1.0,0.0,2026-05-06 17:00:00+00:00,0.0,-264.37107485483284,-264.37107485483284,0.0,long,False,True,False,False,56.87,-0.0015825567082820013,0.0,-0.0024617548795499156,-0.003868471953578312,-0.004747670124846115
LTC,2026050618,1.0,4,161472.99528780783,0.0,0,161472.99528780783,100,4,1.0,0.0,2026-05-06 18:00:00+00:00,0.0,0.0,0.0,0.0,long,False,False,False,False,56.78,0.0022895385699188697,0.003698485382176875,-0.005988023952095856,0.003698485382176875,-0.00387460373370907
LTC,2026050619,1.0,4,161472.99528780783,0.0,0,161472.99528780783,100,4,1.0,0.0,2026-05-06 19:00:00+00:00,0.0,0.0,0.0,0.0,long,False,False,False,False,56.91,-0.0007028641714988959,-0.0035143208574942575,-0.011948690915480564,0.003162888771744976,-0.008610086100860892
LTC,2026050620,1.0,3,105042.54028780785,0.0,0,105042.54028780785,100,3,1.0,0.0,2026-05-06 20:00:00+00:00,-1.0,-56430.45499999999,-56430.45499999999,0.0,long,False,True,False,False,56.87,0.0021100756110428165,-0.0024617548795499156,-0.00949534024969223,0.0008791981712679142,-0.00949534024969223
LTC,2026050621,1.0,3,105042.54028780785,0.0,0,105042.54028780785,100,3,1.0,0.0,2026-05-06 21:00:00+00:00,0.0,0.0,0.0,0.0,long,False,False,False,False,56.99,-0.004913142656606473,-0.00965081593261985,-0.014563958589226322,-0.003684856992454799,-0.011230040357957494
LTC,2026050622,1.0,3,105660.30028780784,0.0,0,105660.30028780784,100,3,1.0,0.0,2026-05-06 22:00:00+00:00,0.0,617.7599999999948,617.7599999999948,0.0,long,True,False,False,False,56.71,0.0003526714865103031,-0.008464115676247608,-0.004055722094868708,0.002821371892082425,-0.006348086757185678
LTC,2026050623,1.0,3,105668.12178624808,0.0,0,105668.12178624808,100,3,1.0,0.0,2026-05-06 23:00:00+00:00,0.0,7.821498440243886,7.821498440243886,0.0,long,True,False,False,False,56.73,-0.0051119337211351645,-0.00705094306363474,-0.0014101886127269037,0.00652212233386229,-0.005640754450907837
LTC,2026050701,1.0,3,105668.12178624808,0.0,0,105668.12178624808,100,3,1.0,0.0,2026-05-07 01:00:00+00:00,0.0,0.0,0.0,0.0,long,False,False,False,False,56.23,0.0017784101013693654,0.0044460252534235245,0.015294326871776676,0.012804552729859697,0.0037346612128756895
LTC,2026050702,1.0,3,105668.12178624808,0.0,0,105668.12178624808,100,3,1.0,0.0,2026-05-07 02:00:00+00:00,0.0,0.0,0.0,0.0,long,False,False,False,False,56.33,-0.0030179300550329247,0.005680809515355989,0.01047399254393766,0.0028404047576779945,-0.0014202023788389972
LTC,2026050703,1.0,3,105668.12178624808,0.0,0,105668.12178624808,100,3,1.0,0.0,2026-05-07 03:00:00+00:00,0.0,0.0,0.0,0.0,long,False,False,False,False,56.16,0.005698005698005604,0.014779202279202375,0.011039886039886149,0.0005341880341880323,0.0039173789173789775
LTC,2026050704,1.0,3,105668.12178624808,0.0,0,105668.12178624808,100,3,1.0,0.0,2026-05-07 04:00:00+00:00,0.0,0.0,0.0,0.0,long,False,False,False,False,56.48,0.003009915014164255,0.01080028328611915,0.0069050991501415915,-0.0051345609065155395,0.0001770538243626163
LTC,2026050705,1.0,3,105668.12178624808,0.0,0,105668.12178624808,100,3,1.0,0.0,2026-05-07 05:00:00+00:00,0.0,0.0,0.0,0.0,long,False,False,False,False,56.65,0.006001765225066347,0.004766107678729092,0.007943512797881747,-0.0008826125330979595,-0.003706972639011541
LTC,2026050706,1.0,3,105668.12178624808,0.0,0,105668.12178624808,100,3,1.0,0.0,2026-05-07 06:00:00+00:00,0.0,0.0,0.0,0.0,long,False,False,False,False,56.99,0.0017546938059309625,-0.003684856992454799,0.005965958940164828,-0.0075451833655026945,-0.011580979119143797
LTC,2026050707,1.0,3,105668.12178624808,0.0,0,105668.12178624808,100,3,1.0,0.0,2026-05-07 07:00:00+00:00,0.0,0.0,0.0,0.0,long,False,False,False,False,57.09,-0.0029777544228412056,-0.003853564547206312,-0.0024522683482220975,-0.01173585566649149,-0.010334559467507498
LTC,2026050708,1.0,3,105973.76178624808,0.0,0,105973.76178624808,100,3,1.0,0.0,2026-05-07 08:00:00+00:00,0.0,305.6399999999994,305.6399999999994,0.0,long,True,False,False,False,56.92,-0.002459592410400613,0.003162333099086423,-0.007554462403373097,-0.01036542515811667,-0.007203092059030247
LTC,2026050709,1.0,3,105973.76178624808,0.0,0,105973.76178624808,100,3,1.0,0.0,2026-05-07 09:00:00+00:00,0.0,0.0,0.0,0.0,long,False,False,False,False,56.78,0.0015850651637900892,0.00968650933427262,-0.010390982740401622,-0.007573089115885834,-0.005459668897499159
LTC,2026050710,1.0,3,106277.24178624808,0.0,0,106277.24178624808,100,3,1.0,0.0,2026-05-07 10:00:00+00:00,0.0,303.4799999999959,303.4799999999959,0.0,long,True,False,False,False,56.87,0.004044311587831917,0.0014067170740286183,-0.011957095129242146,-0.009143660981185131,-0.007736943907156624
LTC,2026050711,1.0,3,106277.24178624808,0.0,0,106277.24178624808,100,3,1.0,0.0,2026-05-07 11:00:00+00:00,0.0,0.0,0.0,0.0,long,False,False,False,False,57.1,0.004028021015761718,-0.010683012259194435,-0.008756567425569184,-0.012084063047285598,-0.009632224168126147
LTC,2026050712,1.0,3,106277.24178624808,0.0,0,106277.24178624808,100,3,1.0,0.0,2026-05-07 12:00:00+00:00,0.0,0.0,0.0,0.0,long,False,False,False,False,57.33,-0.006628292342578002,-0.019884877027734227,-0.013431013431013383,-0.013431013431013383,-0.011512297226582868
LTC,2026050713,1.0,3,106277.24178624808,0.0,0,106277.24178624808,100,3,1.0,0.0,2026-05-07 13:00:00+00:00,0.0,0.0,0.0,0.0,long,False,False,False,False,56.95,-0.008077260755048332,-0.013345039508340761,-0.009306409130816484,-0.008955223880597107,-0.007550482879719045
LTC,2026050714,1.0,3,105979.25189066016,0.0,0,105979.25189066016,100,3,1.0,0.0,2026-05-07 14:00:00+00:00,0.0,-297.989895587918,-297.989895587918,0.0,long,False,True,False,False,56.49,-0.005310674455655917,0.0019472473004071844,-0.0028323597096832076,-0.004248539564524756,0.01221455124800852
LTC,2026050715,1.0,3,105979.25189066016,0.0,0,105979.25189066016,100,3,1.0,0.0,2026-05-07 15:00:00+00:00,0.0,0.0,0.0,0.0,long,False,False,False,False,56.19,0.0,0.006584801566114962,0.0028474817583199474,0.0033813845880050764,0.015839117280654902
LTC,2026050716,1.0,3,105681.26199507227,0.0,0,105681.26199507227,100,3,1.0,0.0,2026-05-07 16:00:00+00:00,0.0,-297.9898955878889,-297.9898955878889,0.0,long,False,True,False,False,56.19,0.00729667200569506,0.004093255027584952,0.0028474817583199474,0.005339028296849957,0.024915465385299873
LTC,2026050717,1.0,3,105681.26199507227,0.0,0,105681.26199507227,100,3,1.0,0.0,2026-05-07 17:00:00+00:00,0.0,0.0,0.0,0.0,long,False,False,False,False,56.6,-0.0007067137809186885,-0.004770318021201425,-0.003356890459364048,-0.002826855123674976,0.028445229681978823
LTC,2026050718,1.0,3,105681.26199507227,0.0,0,105681.26199507227,100,3,1.0,0.0,2026-05-07 18:00:00+00:00,0.0,0.0,0.0,0.0,long,False,False,False,False,56.56,-0.0024752475247524774,-0.003712871287128716,0.0,-0.004066478076379165,0.03925035360678919
LTC,2026050719,1.0,3,105681.26199507227,0.0,0,105681.26199507227,100,3,1.0,0.0,2026-05-07 19:00:00+00:00,0.0,0.0,0.0,0.0,long,False,False,False,False,56.42,-0.0015951790145338762,-0.001240694789081842,0.00035448422545192315,0.0014179369018079147,0.03562566465792272
LTC,2026050720,1.0,3,105681.26199507227,0.0,0,105681.26199507227,100,3,1.0,0.0,2026-05-07 20:00:00+00:00,0.0,0.0,0.0,0.0,long,False,False,False,False,56.33,0.00035505059470986033,0.0014202023788389972,-0.0014202023788389972,0.003195455352387633,0.03017930055032858
LTC,2026050721,1.0,3,105681.26199507227,0.0,0,105681.26199507227,100,3,1.0,0.0,2026-05-07 21:00:00+00:00,0.0,0.0,0.0,0.0,long,False,False,False,False,56.35,0.0,0.003726708074534235,0.0005323868677906685,0.0021295474711622298,0.03354037267080745
LTC,2026050722,1.0,3,105681.26199507227,0.0,0,105681.26199507227,100,3,1.0,0.0,2026-05-07 22:00:00+00:00,0.0,0.0,0.0,0.0,long,False,False,False,False,56.35,0.0010647737355811149,0.0015971606033717833,0.00248447204968949,0.0014196983141081532,0.03513753327417923
LTC,2026050723,1.0,3,105986.90199507229,0.0,0,105986.90199507229,100,3,1.0,0.0,2026-05-07 23:00:00+00:00,0.0,305.64000000001397,305.64000000001397,0.0,long,True,False,False,False,56.41,0.0026591029959228685,-0.0028363765289841636,0.0005318205991846625,0.0024818294628612403,0.03332742421556456
LTC,2026050801,1.0,2,82835.37,0.0,0,82835.37,100,2,1.0,0.0,2026-05-08 01:00:00+00:00,-1.0,-23151.53199507229,-23151.53199507229,0.0,long,False,True,False,False,56.44,-0.0033664068036852735,0.0008858965272857677,0.001063075832742788,0.0014174344436570507,0.03809355067328157
LTC,2026050802,1.0,2,82835.37,0.0,0,82835.37,100,2,1.0,0.0,2026-05-08 02:00:00+00:00,0.0,0.0,0.0,0.0,long,False,False,False,False,56.25,0.0023111111111111526,0.003377777777777702,0.004622222222222083,0.01653333333333329,0.044266666666666676
LTC,2026050803,1.0,2,82835.37,0.0,0,82835.37,100,2,1.0,0.0,2026-05-08 03:00:00+00:00,0.0,0.0,0.0,0.0,long,False,False,False,False,56.38,0.0019510464703795805,-0.0008868393047181122,0.0015963107484922023,0.012415750266051795,0.0415040794608017
LTC,2026050804,1.0,2,82835.37,0.0,0,82835.37,100,2,1.0,0.0,2026-05-08 04:00:00+00:00,0.0,0.0,0.0,0.0,long,False,False,False,False,56.49,-0.0008851124092760232,0.00017702248185513803,-0.0010621348911311612,0.019472473004071622,0.03805983359886711
LTC,2026050805,1.0,2,82835.37,0.0,0,82835.37,100,2,1.0,0.0,2026-05-08 05:00:00+00:00,0.0,0.0,0.0,0.0,long,False,False,False,False,56.44,-0.0019489723600283337,0.0012402551381998084,0.0019489723600283337,0.031360737065910804,0.03809355067328157
LTC,2026050806,1.0,2,82835.37,0.0,0,82835.37,100,2,1.0,0.0,2026-05-08 06:00:00+00:00,0.0,0.0,0.0,0.0,long,False,False,False,False,56.33,0.0030179300550328136,0.002485354162968134,0.006035860110065849,0.04349369785194401,0.04047576779691098
LTC,2026050807,1.0,2,82835.37,0.0,0,82835.37,100,2,1.0,0.0,2026-05-08 07:00:00+00:00,0.0,0.0,0.0,0.0,long,False,False,False,False,56.5,0.00017699115044234048,-0.0012389380530973826,0.000353982300884903,0.03415929203539814,0.03522123893805307
LTC,2026050808,1.0,2,82835.37,0.0,0,82835.37,100,2,1.0,0.0,2026-05-08 08:00:00+00:00,0.0,0.0,0.0,0.0,long,False,False,False,False,56.51,-0.0007078393204742461,0.0007078393204742461,0.011856308617943734,0.026897894178021575,0.03751548398513549
LTC,2026050809,1.0,2,82835.37,0.0,0,82835.37,100,2,1.0,0.0,2026-05-08 09:00:00+00:00,0.0,0.0,0.0,0.0,long,False,False,False,False,56.47,-0.0007083407118824159,0.0035417035594120794,0.010802195856206787,0.03134407650079685,
LTC,2026050810,1.0,2,82835.37,0.0,0,82835.37,100,2,1.0,0.0,2026-05-08 10:00:00+00:00,0.0,0.0,0.0,0.0,long,False,False,False,False,56.43,0.0021265284423179764,0.0015948963317384823,0.020556441609073328,0.03367003367003374,
LTC,2026050811,1.0,2,82835.37,0.0,0,82835.37,100,2,1.0,0.0,2026-05-08 11:00:00+00:00,0.0,0.0,0.0,0.0,long,False,False,False,False,56.55,0.002122015915119402,0.011140583554376748,0.029354553492484614,0.030769230769230882,
LTC,2026050812,1.0,2,82835.37,0.0,0,82835.37,100,2,1.0,0.0,2026-05-08 12:00:00+00:00,0.0,0.0,0.0,0.0,long,False,False,False,False,56.67,-0.0026469031233457008,0.007234868537144834,0.03723310393506263,0.03335097935415554,
LTC,2026050813,1.0,3,352584.134,0.0,0,352584.134,100,3,1.0,0.0,2026-05-08 13:00:00+00:00,1.0,269748.764,269748.764,0.0,long,True,False,False,False,56.52,0.011677282377919207,0.018931351733899593,0.033793347487614867,0.03662420382165599,
LTC,2026050814,1.0,3,352584.134,0.0,0,352584.134,100,3,1.0,0.0,2026-05-08 14:00:00+00:00,0.0,0.0,0.0,0.0,long,False,False,False,False,57.18,-0.0017488632388947822,0.01801329136061569,0.01486533753060515,0.02728226652675758,
LTC,2026050815,1.0,3,365382.206,0.0,0,365382.206,100,3,1.0,0.0,2026-05-08 15:00:00+00:00,0.0,12798.071999999986,12798.071999999986,0.0,long,True,False,False,False,57.08,0.00893482831114234,0.029782761037140837,0.020322354590049052,0.028731604765241725,
LTC,2026050816,1.0,3,365382.206,0.0,0,365382.206,100,3,1.0,0.0,2026-05-08 16:00:00+00:00,0.0,0.0,0.0,0.0,long,False,False,False,False,57.59,0.010765757944087406,0.014585865601666859,0.012849453030039815,0.01823233200208363,
LTC,2026050817,1.0,3,365382.206,0.0,0,365382.206,100,3,1.0,0.0,2026-05-08 17:00:00+00:00,0.0,0.0,0.0,0.0,long,False,False,False,False,58.21,0.009792131936093407,-0.003092252190345257,0.001374334306820213,0.0065280879573956785,
LTC,2026050818,1.0,3,365382.206,0.0,0,365382.206,100,3,1.0,0.0,2026-05-08 18:00:00+00:00,0.0,0.0,0.0,0.0,long,False,False,False,False,58.78,-0.005954406260632927,-0.009186798230690685,-0.003742769649540678,-0.0028921401837359584,
LTC,2026050819,1.0,3,365382.206,0.0,0,365382.206,100,3,1.0,0.0,2026-05-08 19:00:00+00:00,0.0,0.0,0.0,0.0,long,False,False,False,False,58.43,-0.006845798391237334,-0.0017114495978093336,0.0027383193564949337,0.0010268697586857112,
LTC,2026050820,1.0,3,365382.206,0.0,0,365382.206,100,3,1.0,0.0,2026-05-08 20:00:00+00:00,0.0,0.0,0.0,0.0,long,False,False,False,False,58.03,0.003618817852834688,0.004480441151128778,0.012235050835774697,0.010339479579527744,
LTC,2026050821,1.0,3,365382.206,0.0,0,365382.206,100,3,1.0,0.0,2026-05-08 21:00:00+00:00,0.0,0.0,0.0,0.0,long,False,False,False,False,58.24,0.0015453296703296093,0.005494505494505475,0.008241758241758212,,
LTC,2026050822,1.0,3,365382.206,0.0,0,365382.206,100,3,1.0,0.0,2026-05-08 22:00:00+00:00,0.0,0.0,0.0,0.0,long,False,False,False,False,58.33,-0.0006857534716269154,0.004457397565575283,0.005314589405108983,,
LTC,2026050823,1.0,3,365382.206,0.0,0,365382.206,100,3,1.0,0.0,2026-05-08 23:00:00+00:00,0.0,0.0,0.0,0.0,long,False,False,False,False,58.29,0.0046320123520329215,0.00772002058672161,0.00514668039114774,,
LTC,2026050901,1.0,3,365382.206,0.0,0,365382.206,100,3,1.0,0.0,2026-05-09 01:00:00+00:00,0.0,0.0,0.0,0.0,long,False,False,False,False,58.59,0.0025601638504864077,0.0008533879501619879,-0.0017067759003243088,,
LTC,2026050902,1.0,3,365382.206,0.0,0,365382.206,100,3,1.0,0.0,2026-05-09 02:00:00+00:00,0.0,0.0,0.0,0.0,long,False,False,False,False,58.74,-0.0003404834865509132,-0.0025536261491317935,-0.0018726591760299671,,
LTC,2026050903,1.0,3,365382.206,0.0,0,365382.206,100,3,1.0,0.0,2026-05-09 03:00:00+00:00,0.0,0.0,0.0,0.0,long,False,False,False,False,58.72,-0.0013623978201634523,-0.0018732970027247609,,,
LTC,2026050904,1.0,3,365382.206,0.0,0,365382.206,100,3,1.0,0.0,2026-05-09 04:00:00+00:00,0.0,0.0,0.0,0.0,long,False,False,False,False,58.64,-0.0008526603001364208,-0.0025579809004092624,,,
LTC,2026050905,1.0,3,365382.206,0.0,0,365382.206,100,3,1.0,0.0,2026-05-09 05:00:00+00:00,0.0,0.0,0.0,0.0,long,False,False,False,False,58.59,0.00034135518006483956,0.0006827103601296791,,,
TON,2026050606,0.0,0,-19999.875,1.0,1,19999.875,100,1,0.0,1.0,2026-05-06 06:00:00+00:00,,,,,short,False,False,False,False,2.132,0.016885553470919357,0.038461538461538325,0.1435272045028142,0.12992495309568475,0.3489681050656659
TON,2026050607,0.5,1,106528.125,0.5,1,146527.875,100,2,0.8635080526,0.1364919474,2026-05-06 07:00:00+00:00,1.0,126528.0,126528.0,0.8635080526,long,True,False,False,False,2.168,0.014760147601476037,0.0724169741697418,0.09409594095940954,0.0977859778597785,0.2656826568265682
TON,2026050608,0.5,1,106528.125,0.5,1,146527.875,100,2,0.8635080526,0.1364919474,2026-05-06 08:00:00+00:00,0.0,0.0,0.0,0.0,long,False,False,False,False,2.2,0.006363636363636349,0.038181818181818095,0.030909090909090775,0.08818181818181814,0.21999999999999997
TON,2026050609,1.0,1,126528.0,0.0,0,126528.0,100,1,1.0,0.0,2026-05-06 09:00:00+00:00,-1.0,-19999.875,19999.875,0.13649194740000004,long,False,True,False,False,2.214,0.050135501355013545,0.10117434507678413,0.03794037940379402,0.09214092140921415,0.16079494128274607
TON,2026050610,0.5,1,126424.56304347827,0.5,1,126631.43695652172,100,2,0.9991831652,0.0008168348,2026-05-06 10:00:00+00:00,1.0,103.43695652172028,-103.43695652173483,-0.0008168348000000547,long,True,False,False,False,2.325,-0.01763440860215071,0.020215053763440682,0.04172043010752691,0.0563440860215052,0.1049462365591396
TON,2026050611,0.5,1,126503.17513043479,0.5,1,126552.8248695652,100,2,0.9998038378,0.0001961622,2026-05-06 11:00:00+00:00,0.0,-78.61208695652022,78.61208695652022,0.0006206726000000939,long,False,True,False,False,2.284,0.0674255691768828,-0.007005253940455369,0.056479859894921214,0.07267950963222436,0.07136602451838892
TON,2026050612,0.5,1,126503.17513043479,0.5,1,126552.8248695652,100,2,0.9998038378,0.0001961622,2026-05-06 12:00:00+00:00,0.0,0.0,0.0,0.0,long,False,False,False,False,2.438,-0.027071369975389725,-0.057424118129614454,-0.011894995898277472,0.0,-0.03158326497128794
TON,2026050613,0.5,1,125701.41513043478,0.5,1,127354.5848695652,100,2,0.993509579,0.006490421,2026-05-06 13:00:00+00:00,0.0,801.7599999999948,-801.7600000000093,-0.006294258800000008,long,True,False,False,False,2.372,-0.04384485666104554,0.02107925801011823,0.003372681281618828,0.08516020236087685,0.047639123102866776
TON,2026050614,0.5,1,126450.10194946504,0.5,1,126605.89805053495,100,2,0.9993847202,0.0006152798,2026-05-06 14:00:00+00:00,0.0,-748.6868190302484,748.686819030263,0.005875141199999989,long,False,True,False,False,2.268,0.013227513227513255,0.06393298059964736,0.0555555555555558,0.16931216931216952,0.07142857142857162
TON,2026050615,0.5,1,126450.10194946504,0.5,1,126605.89805053495,100,2,0.9993847202,0.0006152798,2026-05-06 15:00:00+00:00,0.0,0.0,0.0,0.0,long,False,False,False,False,2.298,0.05395996518711921,0.04830287206266304,0.052219321148825104,0.16100957354221057,0.053089643167972156
TON,2026050616,0.5,1,126450.10194946504,0.5,1,126605.89805053495,100,2,0.9993847202,0.0006152798,2026-05-06 16:00:00+00:00,0.0,0.0,0.0,0.0,long,False,False,False,False,2.422,-0.0037159372419489634,-0.017341040462427904,0.014037985136250875,0.16308835672997524,0.010322047894302244
TON,2026050617,0.5,1,126108.40194946504,0.5,1,126947.59805053494,100,2,0.9966947145,0.0033052855,2026-05-06 17:00:00+00:00,0.0,341.6999999999971,-341.6999999999971,-0.0026900056999999977,long,True,False,False,False,2.413,-0.0016576875259013413,-0.007874015748031371,0.01533360961458774,0.1541649399088274,0.07169498549523423
TON,2026050618,0.5,1,126318.20097473252,0.5,1,126737.79902526748,100,2,0.9983446215,0.0016553785,2026-05-06 18:00:00+00:00,0.0,-209.79902526746446,209.799025267479,0.001649907000000006,long,False,True,False,False,2.409,-0.012038190120381875,0.0037359900373601374,0.012038190120382097,0.19385637193856375,0.1083437110834371
TON,2026050619,0.5,1,126370.08675517503,0.5,1,126685.91324482496,100,2,0.9987535058,0.0012464942,2026-05-06 19:00:00+00:00,0.0,-51.88578044252063,51.885780442506075,0.00040888429999996756,long,False,True,False,False,2.38,0.005882352941176672,0.031932773109243806,0.08151260504201674,0.15294117647058836,0.11008403361344543
TON,2026050620,0.5,1,163124.494596888,0.5,1,163531.50540311198,100,2,0.9987555584,0.0012444416,2026-05-06 20:00:00+00:00,0.0,36845.59215828702,36754.407841712964,2.0525999999687627e-06,long,True,False,False,False,2.394,0.010025062656641603,0.023391812865497075,0.10776942355889729,0.12113617376775276,0.08270676691729317
TON,2026050621,0.5,1,162642.894596888,0.5,1,164013.105403112,100,2,0.9958228618,0.0041771382,2026-05-06 21:00:00+00:00,0.0,481.6000000000058,-481.5999999999767,-0.002932696599999951,long,True,False,False,False,2.418,0.01571546732837037,0.008271298593879317,0.10339123242349046,0.06286186931348214,0.07940446650124056
TON,2026050622,0.6666666666,2,204318.66120935488,0.3333333333,1,204831.75679064513,100,3,0.9987475194,0.0012524806,2026-05-06 22:00:00+00:00,1.0,40818.651387533144,41675.76661246686,0.002924657599999936,long,True,False,False,False,2.456,-0.0024429967426709,0.0480456026058631,0.1469869706840392,0.04600977198697076,0.08591205211726383
TON,2026050623,0.6666666666,2,148704.37421826305,0.3333333333,1,148862.24978173696,100,3,0.9994697259,0.0005302741,2026-05-06 23:00:00+00:00,0.0,-55969.50700890817,-55614.28699109182,0.0007222065000000999,long,False,True,False,False,2.45,-0.004897959183673528,0.08244897959183661,0.1367346938775511,-0.001224489795918382,0.10775510204081629
TON,2026050701,1.0,3,170526.31,0.0,0,170526.31,100,3,1.0,0.0,2026-05-07 01:00:00+00:00,0.0,21664.06021826304,21821.935781736946,0.00053027409999995,long,True,False,False,False,2.574,0.030303030303030498,0.0944055944055946,0.06604506604506621,-0.034576534576534534,0.05283605283605297
TON,2026050702,1.0,3,208606.31,0.0,0,208606.31,100,3,1.0,0.0,2026-05-07 02:00:00+00:00,0.0,38080.0,38080.0,0.0,long,True,False,False,False,2.652,0.006033182503770718,0.05015082956259431,0.012066365007541435,-0.08371040723981904,0.013951734539969785
TON,2026050703,0.6,3,192523.745,0.4,2,224688.875,100,5,0.9284229581,0.0715770419,2026-05-07 03:00:00+00:00,2.0,16082.565000000002,-16082.565000000002,-0.07157704190000003,long,True,False,False,False,2.668,0.05584707646176912,0.07796101949025469,-0.0367316341829087,-0.09295352323838091,-0.002248875562218977
TON,2026050704,0.6,3,192524.69,0.4,2,224687.93,100,5,0.9284268629,0.0715731371,2026-05-07 04:00:00+00:00,0.0,-0.9450000000069849,0.9450000000069849,3.9048000000097005e-06,long,False,True,False,False,2.817,-0.011359602413915537,-0.025914093006744743,-0.08803691870784525,-0.13134540291089813,-0.03585374511892081
TON,2026050705,0.6,3,192524.69,0.4,2,224687.93,100,5,0.9284268629,0.0715731371,2026-05-07 05:00:00+00:00,0.0,0.0,0.0,0.0,long,False,False,False,False,2.785,0.032675044883303306,-0.03626570915619387,-0.12136445242369842,-0.07145421903052074,-0.03339317773788153
TON,2026050706,0.6,3,192392.0778125,0.4,2,224820.5421875,100,5,0.927879223,0.072120777,2026-05-07 06:00:00+00:00,0.0,132.61218749999534,-132.61218749999534,-0.0005476398999999521,long,True,False,False,False,2.876,-0.04589707927677322,-0.10639777468706535,-0.179068150208623,-0.07162726008344922,-0.04554937413073701
TON,2026050707,0.8,4,327494.56582226587,0.2,1,328151.6041777346,100,5,0.9989988798,0.0010011202,2026-05-07 07:00:00+00:00,0.0,103331.0619902346,135102.48800976586,0.07111965679999999,long,True,False,False,False,2.744,-0.02186588921282806,-0.06377551020408168,-0.0943877551020409,-0.037172011661807725,-0.008017492711370311
TON,2026050708,0.8,4,327427.264411133,0.2,1,328218.90558886743,100,5,0.9987940347,0.0012059653,2026-05-07 08:00:00+00:00,0.0,67.30141113285208,-67.30141113285208,-0.0002048450999999618,long,True,False,False,False,2.684,-0.04247391952309998,-0.08830104321907606,-0.09463487332339793,-0.03427719821162445,0.01154992548435163
TON,2026050709,0.8,4,327490.3759189903,0.2,1,328155.79408101016,100,5,0.9989861246,0.0010138754,2026-05-07 09:00:00+00:00,0.0,-63.11150785727659,63.11150785727659,0.00019208989999996984,long,False,True,False,False,2.57,-0.00038910505836575737,-0.0813229571984434,-0.05836575875486383,0.015564202334630295,0.029571984435797782
TON,2026050710,0.8,4,364632.4743418336,0.2,1,366262.3356581669,100,5,0.9977750082,0.0022249918,2026-05-07 10:00:00+00:00,0.0,38106.54157715675,37142.09842284332,-0.0012111164000000452,long,True,False,False,False,2.569,-0.04748929544569869,-0.032697547683923744,-0.04748929544569869,0.038147138964577554,-0.009342156481121022
TON,2026050711,0.6,3,207375.24309904643,0.4,2,209837.3769009536,100,5,0.9941332334,0.0058667666,2026-05-07 11:00:00+00:00,0.0,-156424.95875721332,-157257.23124278718,-0.0036417747999999417,long,False,True,False,False,2.447,-0.03514507560277891,-0.00694728238659581,0.05680425010216572,0.10911319983653445,0.05149162239476901
TON,2026050712,0.6,3,207261.7672066771,0.4,2,209950.85279332293,100,5,0.9935959164,0.0064040836,2026-05-07 12:00:00+00:00,0.0,113.47589236934436,-113.47589236934436,-0.0005373170000000371,long,True,False,False,False,2.361,0.052520118593816,0.02498941126641241,0.1308767471410417,0.14188903007200326,0.0914866581956797
TON,2026050713,0.6,3,196352.90522078527,0.4,2,200369.75077921472,100,5,0.9899764172,0.0100235828,2026-05-07 13:00:00+00:00,0.0,-9581.102014108212,-10908.861985891825,-0.0036194992000000425,long,False,True,False,False,2.485,-0.022132796780684028,-0.015291750503018009,0.06317907444668003,0.0905432595573441,0.05714285714285716
TON,2026050714,0.6,3,196514.0319608785,0.4,2,200208.62403912155,100,5,0.9907731445,0.0092268555,2026-05-07 14:00:00+00:00,0.0,-161.12674009316834,161.12674009322654,0.0007967273000000219,long,False,True,False,False,2.43,-0.004115226337448652,0.06419753086419733,0.06666666666666665,0.10658436213991762,0.07407407407407396
TON,2026050715,0.5,3,217387.6985314398,0.5,3,262006.21746856024,100,6,0.9148521753,0.0851478247,2026-05-07 15:00:00+00:00,1.0,61797.59342943868,20873.666570561298,-0.07592096920000002,long,True,False,False,False,2.42,0.011157024793388537,0.10330578512396693,0.07851239669421495,0.10000000000000009,0.07768595041322324
TON,2026050716,0.5,3,215744.88457995676,0.5,3,259151.03142004323,100,6,0.9162531852,0.0837468148,2026-05-07 16:00:00+00:00,0.0,-2855.1860485170037,-1642.8139514830254,0.0014010099000000276,long,False,True,False,False,2.447,0.05680425010216572,0.07968941561095222,0.0899060073559459,0.10993052717613416,0.0625255414793624
TON,2026050717,0.25,1,-9124.238523869044,0.75,3,13622.238523869044,100,4,0.1650976817,0.8349023183,2026-05-07 17:00:00+00:00,-2.0,-245528.79289617419,-224869.1231038258,-0.7511555034999999,short,False,False,True,True,2.586,0.03248259860788871,0.0023201856148493682,0.04949729311678275,0.04098994586233573,0.004640371229698292
TON,2026050718,0.25,1,-8653.112893711024,0.75,3,13151.112893711024,100,4,0.171012143,0.828987857,2026-05-07 18:00:00+00:00,0.0,-471.1256301580197,471.1256301580197,0.005914461300000007,short,False,False,False,True,2.67,-0.01048689138576775,-0.022471910112359605,0.009737827715355918,0.028089887640449396,-0.02921348314606731
TON,2026050719,0.3333333333,1,1385.4465260718855,0.6666666667,2,3112.5534739281147,100,3,0.7225578673,0.2774421327,2026-05-07 19:00:00+00:00,-1.0,-10038.559419782909,10038.55941978291,0.5515457243,long,False,True,False,False,2.642,-0.018925056775170312,0.0094625283875851,0.025738077214231714,0.0302800908402725,-0.038985616956850766
TON,2026050720,0.6666666666,2,86339.84147414273,0.3333333333,1,87017.35252585728,100,3,0.9961070347,0.0038929653,2026-05-07 20:00:00+00:00,0.0,83904.79905192916,84954.39494807084,0.2735491673999999,long,True,False,False,False,2.592,0.00694444444444442,0.04706790123456783,0.03742283950617287,0.04745370370370372,-0.041280864197530964
TON,2026050721,0.6666666666,2,79784.866,0.3333333333,1,79913.134,100,3,0.9991974535,0.0008025465,2026-05-07 21:00:00+00:00,0.0,-7104.218525857272,-6554.975474142731,0.00309041880000005,long,False,True,False,False,2.61,0.02183908045977012,0.032950191570881415,0.01992337164750957,0.01379310344827589,-0.02950191570881222
TON,2026050722,0.6666666666,2,79313.96601092377,0.3333333333,1,80384.03398907623,100,3,0.9933440266,0.0066559734,2026-05-07 22:00:00+00:00,0.0,470.89998907622066,-470.89998907622066,-0.005853426900000014,long,True,False,False,False,2.667,0.017622797150356195,0.016122984626921744,0.018372703412073532,-0.04574428196475433,-0.046494188226471556
TON,2026050723,0.6666666666,2,79517.6384110917,0.3333333333,1,80180.3615889083,100,3,0.9958672973,0.0041327027,2026-05-07 23:00:00+00:00,0.0,-203.67240016792493,203.67240016792493,0.0025232707000000243,long,False,True,False,False,2.714,-0.0066322770817980325,-0.009211495946941706,-0.008106116433308719,-0.05195283714075172,-0.07221812822402363
TON,2026050801,0.75,3,158454.62616666668,0.25,1,159376.37783333336,100,4,0.997108255,0.002891745,2026-05-08 01:00:00+00:00,1.0,79196.01624442506,78936.98775557498,0.0012409576999999894,long,True,False,False,False,2.71,-0.007749077490774914,0.0022140221402215943,0.0044280442804427445,-0.03062730627306276,-0.05166051660516613
TON,2026050802,0.75,3,157898.79076513537,0.25,1,159932.21323486467,100,4,0.9936428614,0.0063571386,2026-05-08 02:00:00+00:00,0.0,555.8354015313089,-555.8354015313089,-0.0034653935999999774,long,True,False,False,False,2.689,-0.01004090740052066,0.0011156563778356166,0.009669021941242084,-0.02937895128300494,-0.033097805875790254
TON,2026050803,0.75,3,157494.49099967183,0.25,1,160336.5130003282,100,4,0.9911373212,0.0088626788,2026-05-08 03:00:00+00:00,0.0,404.2997654635401,-404.2997654635401,-0.002505540200000045,long,True,False,False,False,2.662,0.020285499624342673,0.031179564237415525,-0.006010518407212673,-0.020285499624342562,-0.019534184823441048
TON,2026050804,0.75,3,157621.35432953728,0.25,1,160209.64967046276,100,4,0.9919221615,0.0080778385,2026-05-08 04:00:00+00:00,0.0,-126.86332986544585,126.86332986544585,0.0007848403000000337,long,False,True,False,False,2.716,-0.008836524300441795,0.0022091310751104487,-0.06296023564064812,-0.042709867452135564,-0.0357142857142857
TON,2026050805,0.75,3,157765.1731789263,0.25,1,160065.83082107373,100,4,0.9928134017,0.0071865983,2026-05-08 05:00:00+00:00,0.0,-143.81884938903386,143.81884938903386,0.0008912401999999764,long,False,True,False,False,2.692,0.019687964338781505,0.008543833580980653,-0.0442050520059436,-0.03491827637444289,-0.02563150074294207
TON,2026050806,0.75,3,157700.3439348022,0.25,1,160130.66006519785,100,4,0.992411459,0.007588541,2026-05-08 06:00:00+00:00,0.0,64.82924412412103,-64.82924412412103,-0.00040194269999993537,long,True,False,False,False,2.745,-0.00837887067395271,-0.03606557377049191,-0.06120218579234982,-0.05573770491803276,-0.051730418943533696
TON,2026050807,0.75,3,157485.0434632958,0.25,1,160345.96053670425,100,4,0.9910789237,0.0089210763,2026-05-08 07:00:00+00:00,0.0,215.30047150640166,-215.30047150640166,-0.001332535300000104,long,True,False,False,False,2.722,-0.0025716385011022025,-0.06502571638501109,-0.03490080822924324,-0.06722997795738417,-0.06722997795738417
TON,2026050808,0.75,3,157259.98259529847,0.25,1,160571.02140470155,100,4,0.9896897996,0.0103102004,2026-05-08 08:00:00+00:00,0.0,225.06086799729383,-225.06086799732293,-0.0013891240999999166,long,True,False,False,False,2.715,-0.02541436464088398,-0.05230202578268872,-0.03867403314917128,-0.0847145488029466,-0.06482504604051553
TON,2026050809,0.6666666666,2,78324.27925731835,0.3333333333,1,81373.72074268165,100,3,0.9812627377,0.0187372623,2026-05-08 09:00:00+00:00,-1.0,-79197.3006620199,-78935.70333798011,-0.008427061899999977,long,False,True,False,False,2.646,-0.03817082388510962,-0.02607709750566889,-0.01436130007558567,-0.042705971277399835,
TON,2026050810,0.75,3,141850.0974246089,0.25,1,145047.9025753911,100,4,0.9889767273,0.0110232727,2026-05-08 10:00:00+00:00,1.0,63674.181832709466,63525.818167290534,0.007713989599999915,long,True,False,False,False,2.545,0.011001964636542239,0.03222003929273076,0.0216110019646365,-0.0007858546168958425,
TON,2026050811,0.75,3,141920.40264007144,0.25,1,144977.59735992856,100,4,0.9894563202,0.0105436798,2026-05-08 11:00:00+00:00,0.0,-70.3052154625475,70.3052154625475,0.0004795928999999921,long,False,True,False,False,2.573,0.001554605518849561,0.014380101049358718,0.009716284492809812,-0.021375825884181965,
TON,2026050812,0.6666666666,2,78395.34606988617,0.3333333333,1,81302.65393011383,100,3,0.9821204615,0.0178795385,2026-05-08 12:00:00+00:00,-1.0,-63674.94342981474,-63525.05657018526,-0.007335858699999975,long,False,True,False,False,2.577,0.01940240589833131,0.01202949165696543,0.005820721769499437,-0.004268529297632995,
TON,2026050813,0.6666666666,2,78248.87592729728,0.3333333333,1,81449.12407270272,100,3,0.980354312,0.019645688,2026-05-08 13:00:00+00:00,0.0,146.4701425888925,-146.4701425888925,-0.0017661494999999805,long,True,False,False,False,2.627,-0.006471259992386735,-0.010277883517320063,-0.0334982870194136,-0.02169775409212027,
TON,2026050814,0.6666666666,2,78244.7401187697,0.3333333333,1,81453.2598812303,100,3,0.9803045343,0.0196954657,2026-05-08 14:00:00+00:00,0.0,4.13580852758605,-4.13580852758605,-4.977770000003101e-05,long,True,False,False,False,2.61,-0.0007662835249041544,-0.0045977011494252595,-0.04789272030651337,-0.003831417624520994,
TON,2026050815,0.6666666666,2,78014.88384407891,0.3333333333,1,81683.11615592109,100,3,0.9775459575,0.0224540425,2026-05-08 15:00:00+00:00,0.0,229.85627469078463,-229.85627469078463,-0.0027585768000000233,long,True,False,False,False,2.608,-0.0030674846625766694,-0.006134969325153339,-0.028757668711656525,0.0007668711656441118,
TON,2026050816,0.6666666666,2,78159.41110586103,0.3333333333,1,81538.58889413897,100,3,0.9792786591,0.0207213409,2026-05-08 16:00:00+00:00,0.0,-144.52726178211742,144.52726178211742,0.0017327016000000528,long,False,True,False,False,2.6,-0.0007692307692308553,-0.023461538461538423,-0.021923076923076934,0.007307692307692459,
TON,2026050817,0.6666666666,2,78155.2240015392,0.3333333333,1,81542.7759984608,100,3,0.9792283745,0.0207716255,2026-05-08 17:00:00+00:00,0.0,4.187104321827064,-4.187104321827064,-5.0284600000005675e-05,long,True,False,False,False,2.598,-0.002309468822170868,-0.04349499615088526,-0.030792917628945427,0.009622786759045487,
TON,2026050818,0.6,3,85652.11632542664,0.4,2,199076.28367457335,100,5,0.7151238579,0.2848761421,2026-05-08 18:00:00+00:00,2.0,117533.50767611255,7496.892323887441,-0.2641045166,long,True,False,False,False,2.592,-0.020447530864197483,-0.022762345679012363,-0.010030864197530964,0.004243827160493874,
TON,2026050819,0.75,3,99197.74815392047,0.25,1,101044.25184607953,100,4,0.9908628959,0.0091371041,2026-05-08 19:00:00+00:00,-1.0,-98032.03182849383,13545.631828493832,0.275739038,long,False,True,False,False,2.539,-0.0212682158330052,0.0015754233950373564,0.01220953131153979,0.0,
TON,2026050820,0.8,4,149716.58950159396,0.2,1,151691.49049840603,100,5,0.9934904028,0.0065095972,2026-05-08 20:00:00+00:00,1.0,50647.2386523265,50518.841347673486,0.0026275069000000206,long,True,False,False,False,2.485,0.019315895372233438,0.01327967806841035,0.04627766599597605,0.021730382293762673,
TON,2026050821,0.75,3,99065.78144804378,0.25,1,101176.2185519562,100,4,0.9895704883,0.0104295117,2026-05-08 21:00:00+00:00,-1.0,-50515.27194644982,-50650.80805355018,-0.003919914499999955,long,False,True,False,False,2.533,0.003947887879984346,0.01302803000394781,0.030398736675878446,,
TON,2026050822,0.75,3,98855.51341059987,0.25,1,101386.48658940013,100,4,0.9875181926,0.0124818074,2026-05-08 22:00:00+00:00,0.0,210.26803744392237,-210.26803744390782,-0.002052295700000095,long,True,False,False,False,2.543,-0.009830908375934033,0.010617381046008623,0.029885961462839283,,
TON,2026050823,0.75,3,98992.8513768977,0.25,1,101249.14862310232,100,4,0.9888576976,0.0111423024,2026-05-08 23:00:00+00:00,0.0,-137.33796629781136,137.33796629782591,0.0013395050000000186,long,False,True,False,False,2.518,0.019062748212867353,0.032565528196981886,0.0416997617156476,,
TON,2026050901,0.75,3,75727.48914541274,0.25,1,77557.71085458726,100,4,0.9882009042,0.0117990958,2026-05-09 01:00:00+00:00,0.0,-23691.437768515054,-23265.362231484964,-0.000656793400000022,long,False,True,False,False,2.57,0.011673151750972943,0.019066147859922333,-0.012062256809338368,,
TON,2026050902,0.75,3,75518.07870798696,0.25,1,77767.12129201303,100,4,0.9855398878,0.0144601122,2026-05-09 02:00:00+00:00,0.0,209.41043742577313,-209.41043742577313,-0.002661016399999938,long,True,False,False,False,2.6,0.0038461538461538325,0.008846153846153948,-0.023461538461538423,,
TON,2026050903,0.75,3,75588.36277069166,0.25,1,77696.83722930834,100,4,0.9864314009,0.0135685991,2026-05-09 03:00:00+00:00,0.0,-70.28406270469713,70.28406270469713,0.0008915131000000187,long,False,True,False,False,2.61,0.0034482758620690834,-0.002681992337164596,,,
TON,2026050904,0.75,3,75728.92893868698,0.25,1,77556.27106131302,100,4,0.9882192497,0.0117807503,2026-05-09 04:00:00+00:00,0.0,-140.56616799531912,140.56616799531912,0.001787848799999936,long,False,True,False,False,2.619,0.00152730049637273,-0.030546009927453266,,,
TON,2026050905,0.6666666666,2,71542.4651792092,0.3333333333,1,72789.8668207908,100,3,0.9914314883,0.0085685117,2026-05-09 05:00:00+00:00,-1.0,-4766.4042405222135,-4186.463759477774,0.0032122386000000835,long,False,True,False,False,2.623,-0.0076248570339305655,-0.032024399542508575,,,
CHIP,2026050605,1.0,1,6868.506000000066,0.0,0,6868.506000000066,100,1,1.0,0.0,2026-05-06 05:00:00+00:00,,,,,long,False,False,False,False,0.05427,0.0046065966463977315,-0.004422332780541716,0.01566242859775202,0.0025796941219826675,-0.031140593329648025
CHIP,2026050606,1.0,1,6868.506000000066,0.0,0,6868.506000000066,100,1,1.0,0.0,2026-05-06 06:00:00+00:00,0.0,0.0,0.0,0.0,long,False,False,False,False,0.05452,-0.014673514306676516,0.005502567865003805,0.017975055025678754,-0.008987527512839266,-0.04181951577402787
CHIP,2026050607,1.0,1,6868.506000000066,0.0,0,6868.506000000066,100,1,1.0,0.0,2026-05-06 07:00:00+00:00,0.0,0.0,0.0,0.0,long,False,False,False,False,0.05372,0.0057706626954581175,0.02084884586746094,0.005212211466865346,0.003909158600148954,-0.017498138495904647
CHIP,2026050608,1.0,1,6868.506000000066,0.0,0,6868.506000000066,100,1,1.0,0.0,2026-05-06 08:00:00+00:00,0.0,0.0,0.0,0.0,long,False,False,False,False,0.05403,0.014621506570423826,0.02017397741995186,0.001850823616509345,0.008143623912641118,-0.02220988339811214
CHIP,2026050609,1.0,1,6868.506000000066,0.0,0,6868.506000000066,100,1,1.0,0.0,2026-05-06 09:00:00+00:00,0.0,0.0,0.0,0.0,long,False,False,False,False,0.05482,0.00036483035388545915,0.012404232032105167,-0.0005472455308281887,-0.0031010580080262917,-0.03210507114191896
CHIP,2026050610,1.0,1,6868.506000000066,0.0,0,6868.506000000066,100,1,1.0,0.0,2026-05-06 10:00:00+00:00,0.0,0.0,0.0,0.0,long,False,False,False,False,0.05484,0.0051057622173595885,-0.015317286652078765,0.0014587892049597873,-0.011305616338439184,-0.009482129832239283
CHIP,2026050611,1.0,1,6868.506000000066,0.0,0,6868.506000000066,100,1,1.0,0.0,2026-05-06 11:00:00+00:00,0.0,0.0,0.0,0.0,long,False,False,False,False,0.05512,0.006894049346879427,-0.017960812772133572,-0.012880986937590766,-0.005624092888243948,-0.019412191582002913
CHIP,2026050612,1.0,1,6868.506000000066,0.0,0,6868.506000000066,100,1,1.0,0.0,2026-05-06 12:00:00+00:00,0.0,0.0,0.0,0.0,long,False,False,False,False,0.0555,-0.027027027027027084,-0.012792792792792884,-0.026486486486486438,-0.011531531531531525,0.00108108108108107
CHIP,2026050613,1.0,1,6868.506000000066,0.0,0,6868.506000000066,100,1,1.0,0.0,2026-05-06 13:00:00+00:00,0.0,0.0,0.0,0.0,long,False,False,False,False,0.054,0.0024074074074074137,0.01703703703703696,-0.001296296296296351,-0.0024074074074074137,0.017592592592592604
CHIP,2026050614,1.0,1,6868.506000000066,0.0,0,6868.506000000066,100,1,1.0,0.0,2026-05-06 14:00:00+00:00,0.0,0.0,0.0,0.0,long,False,False,False,False,0.05413,0.012192869019028274,0.005172732311103045,0.006281174949196444,-0.027156844633290267,0.007020136707925451
CHIP,2026050615,1.0,1,6868.506000000066,0.0,0,6868.506000000066,100,1,1.0,0.0,2026-05-06 15:00:00+00:00,0.0,0.0,0.0,0.0,long,False,False,False,False,0.05479,0.0023726957473990673,-0.013871144369410393,-0.0025552108048914057,-0.05365942690271941,0.011133418507026871
CHIP,2026050616,1.0,1,6868.506000000066,0.0,0,6868.506000000066,100,1,1.0,0.0,2026-05-06 16:00:00+00:00,0.0,0.0,0.0,0.0,long,False,False,False,False,0.05492,-0.009286234522942416,-0.01802621995630005,-0.012745812090313224,-0.049890750182083,0.04388201019664972
CHIP,2026050617,1.0,1,6868.506000000066,0.0,0,6868.506000000066,100,1,1.0,0.0,2026-05-06 17:00:00+00:00,0.0,0.0,0.0,0.0,long,False,False,False,False,0.05441,-0.0069840102922256175,0.0011027384671935536,0.007351589781290135,-0.03363352324940261,0.03547142069472531
CHIP,2026050618,1.0,1,6868.506000000066,0.0,0,6868.506000000066,100,1,1.0,0.0,2026-05-06 18:00:00+00:00,0.0,0.0,0.0,0.0,long,False,False,False,False,0.05403,-0.001850823616509345,0.011475106422357939,0.015361836017027564,-0.033129742735517276,0.025356283546178027
CHIP,2026050619,1.0,1,6868.506000000066,0.0,0,6868.506000000066,100,1,1.0,0.0,2026-05-06 19:00:00+00:00,0.0,0.0,0.0,0.0,long,False,False,False,False,0.05393,0.010012979788614818,0.005377340997589464,-0.0011125533098460538,-0.021323938438716827,0.02948266271092148
CHIP,2026050620,1.0,1,6868.506000000066,0.0,0,6868.506000000066,100,1,1.0,0.0,2026-05-06 20:00:00+00:00,0.0,0.0,0.0,0.0,long,False,False,False,False,0.05447,0.0033045713236643515,0.006241968055810565,-0.03322930053240314,-0.030108316504497856,
CHIP,2026050621,1.0,1,6868.506000000066,0.0,0,6868.506000000066,100,1,1.0,0.0,2026-05-06 21:00:00+00:00,0.0,0.0,0.0,0.0,long,False,False,False,False,0.05465,-0.007868252516010976,0.003842634949679846,-0.05123513266239699,-0.029094236047575328,
CHIP,2026050622,1.0,1,6868.506000000066,0.0,0,6868.506000000066,100,1,1.0,0.0,2026-05-06 22:00:00+00:00,0.0,0.0,0.0,0.0,long,False,False,False,False,0.05422,0.01088159350793072,-0.006455182589450326,-0.037624492807082244,0.00184433788270022,
CHIP,2026050623,1.0,1,6868.506000000066,0.0,0,6868.506000000066,100,1,1.0,0.0,2026-05-06 23:00:00+00:00,0.0,0.0,0.0,0.0,long,False,False,False,False,0.05481,0.0009122422915526229,-0.03922641853676334,-0.04068600620324747,-0.013866082831600068,
CHIP,2026050701,1.0,1,6868.506000000066,0.0,0,6868.506000000066,100,1,1.0,0.0,2026-05-07 01:00:00+00:00,0.0,0.0,0.0,0.0,long,False,False,False,False,0.05387,-0.022461481343976297,-0.031371821050677595,-0.02023389641730089,0.020048264340077893,
CHIP,2026050702,1.0,1,6868.506000000066,0.0,0,6868.506000000066,100,1,1.0,0.0,2026-05-07 02:00:00+00:00,0.0,0.0,0.0,0.0,long,False,False,False,False,0.05266,-0.015381693885301861,-0.0015191796429927518,0.0032282567413597363,0.03513102924420819,
CHIP,2026050703,1.0,1,6868.506000000066,0.0,0,6868.506000000066,100,1,1.0,0.0,2026-05-07 03:00:00+00:00,0.0,0.0,0.0,0.0,long,False,False,False,False,0.05185,0.006364513018322082,0.007521697203471511,0.023336547733847635,0.06846673095467692,
CHIP,2026050704,1.0,1,6868.506000000066,0.0,0,6868.506000000066,100,1,1.0,0.0,2026-05-07 04:00:00+00:00,0.0,0.0,0.0,0.0,long,False,False,False,False,0.05218,0.00766577232656207,0.011498658489842883,0.041011881947106144,0.09869681870448455,
CHIP,2026050705,1.0,1,6868.506000000066,0.0,0,6868.506000000066,100,1,1.0,0.0,2026-05-07 05:00:00+00:00,0.0,0.0,0.0,0.0,long,False,False,False,False,0.05258,-0.006466337010270107,0.004754659566374997,0.027957398250285204,0.07151007987828062,
CHIP,2026050706,1.0,1,6868.506000000066,0.0,0,6868.506000000066,100,1,1.0,0.0,2026-05-07 06:00:00+00:00,0.0,0.0,0.0,0.0,long,False,False,False,False,0.05224,0.010336906584992311,0.015696784073506942,0.063552833078101,0.06049004594180696,
CHIP,2026050707,1.0,1,6868.506000000066,0.0,0,6868.506000000066,100,1,1.0,0.0,2026-05-07 07:00:00+00:00,0.0,0.0,0.0,0.0,long,False,False,False,False,0.05278,0.0009473285335355186,0.02917771883289122,0.04111405835543769,0.051913603637741446,
CHIP,2026050708,1.0,1,6868.506000000066,0.0,0,6868.506000000066,100,1,1.0,0.0,2026-05-07 08:00:00+00:00,0.0,0.0,0.0,0.0,long,False,False,False,False,0.05283,0.004353586977096313,0.02309293961764136,0.03180011357183421,,
CHIP,2026050709,1.0,1,6868.506000000066,0.0,0,6868.506000000066,100,1,1.0,0.0,2026-05-07 09:00:00+00:00,0.0,0.0,0.0,0.0,long,False,False,False,False,0.05306,0.0237467018469657,0.04711647191858259,0.044101017715793445,,
CHIP,2026050710,1.0,1,6868.506000000066,0.0,0,6868.506000000066,100,1,1.0,0.0,2026-05-07 10:00:00+00:00,0.0,0.0,0.0,0.0,long,False,False,False,False,0.05432,-0.00497054491899851,0.011597938144329856,0.055412371134020644,,
CHIP,2026050711,1.0,1,6868.506000000066,0.0,0,6868.506000000066,100,1,1.0,0.0,2026-05-07 11:00:00+00:00,0.0,0.0,0.0,0.0,long,False,False,False,False,0.05405,0.02793709528214605,0.008510638297872353,0.0423681776133209,,
CHIP,2026050712,1.0,1,6868.506000000066,0.0,0,6868.506000000066,100,1,1.0,0.0,2026-05-07 12:00:00+00:00,0.0,0.0,0.0,0.0,long,False,False,False,False,0.05556,-0.010979121670266379,-0.0028797696184305055,-0.0028797696184305055,,
CHIP,2026050713,1.0,1,6868.506000000066,0.0,0,6868.506000000066,100,1,1.0,0.0,2026-05-07 13:00:00+00:00,0.0,0.0,0.0,0.0,long,False,False,False,False,0.05495,-0.008007279344858897,0.043312101910828016,0.010373066424021804,,
CHIP,2026050714,1.0,1,6868.506000000066,0.0,0,6868.506000000066,100,1,1.0,0.0,2026-05-07 14:00:00+00:00,0.0,0.0,0.0,0.0,long,False,False,False,False,0.05451,0.016327279398275385,0.03357182168409456,,,
CHIP,2026050715,1.0,1,6868.506000000066,0.0,0,6868.506000000066,100,1,1.0,0.0,2026-05-07 15:00:00+00:00,0.0,0.0,0.0,0.0,long,False,False,False,False,0.0554,0.03483754512635384,0.0,,,
CHIP,2026050716,1.0,2,17488.476000000242,0.0,0,17488.476000000242,100,2,1.0,0.0,2026-05-07 16:00:00+00:00,1.0,10619.970000000176,10619.970000000176,0.0,long,True,False,False,False,0.05733,-0.017268445839874413,-0.031571603000174364,,,
CHIP,2026050717,1.0,2,17488.476000000242,0.0,0,17488.476000000242,100,2,1.0,0.0,2026-05-07 17:00:00+00:00,0.0,0.0,0.0,0.0,long,False,False,False,False,0.05634,-0.016684416045438466,,,,
CHIP,2026050718,1.0,2,17488.476000000242,0.0,0,17488.476000000242,100,2,1.0,0.0,2026-05-07 18:00:00+00:00,0.0,0.0,0.0,0.0,long,False,False,False,False,0.0554,0.0021660649819494893,,,,
CHIP,2026050719,1.0,1,6868.506000000066,0.0,0,6868.506000000066,100,1,1.0,0.0,2026-05-07 19:00:00+00:00,-1.0,-10619.970000000176,-10619.970000000176,0.0,long,False,True,False,False,0.05552,,,,,
CHIP,2026050720,1.0,1,6868.506000000066,0.0,0,6868.506000000066,100,1,1.0,0.0,2026-05-07 20:00:00+00:00,0.0,0.0,0.0,0.0,long,False,False,False,False,,,,,,
CHIP,2026050721,1.0,1,6868.506000000066,0.0,0,6868.506000000066,100,1,1.0,0.0,2026-05-07 21:00:00+00:00,0.0,0.0,0.0,0.0,long,False,False,False,False,,,,,,
CHIP,2026050722,1.0,1,6868.506000000066,0.0,0,6868.506000000066,100,1,1.0,0.0,2026-05-07 22:00:00+00:00,0.0,0.0,0.0,0.0,long,False,False,False,False,,,,,,
CHIP,2026050723,1.0,1,6868.506000000066,0.0,0,6868.506000000066,100,1,1.0,0.0,2026-05-07 23:00:00+00:00,0.0,0.0,0.0,0.0,long,False,False,False,False,,,,,,
CHIP,2026050801,1.0,1,6868.506000000066,0.0,0,6868.506000000066,100,1,1.0,0.0,2026-05-08 01:00:00+00:00,0.0,0.0,0.0,0.0,long,False,False,False,False,,,,,,
CHIP,2026050802,1.0,1,6868.506000000066,0.0,0,6868.506000000066,100,1,1.0,0.0,2026-05-08 02:00:00+00:00,0.0,0.0,0.0,0.0,long,False,False,False,False,,,,,,
CHIP,2026050803,1.0,1,6868.506000000066,0.0,0,6868.506000000066,100,1,1.0,0.0,2026-05-08 03:00:00+00:00,0.0,0.0,0.0,0.0,long,False,False,False,False,,,,,,
CHIP,2026050804,1.0,1,6868.506000000066,0.0,0,6868.506000000066,100,1,1.0,0.0,2026-05-08 04:00:00+00:00,0.0,0.0,0.0,0.0,long,False,False,False,False,,,,,,
CHIP,2026050805,1.0,1,6868.506000000066,0.0,0,6868.506000000066,100,1,1.0,0.0,2026-05-08 05:00:00+00:00,0.0,0.0,0.0,0.0,long,False,False,False,False,,,,,,
CHIP,2026050806,1.0,1,6868.506000000066,0.0,0,6868.506000000066,100,1,1.0,0.0,2026-05-08 06:00:00+00:00,0.0,0.0,0.0,0.0,long,False,False,False,False,,,,,,
CHIP,2026050807,1.0,1,6868.506000000066,0.0,0,6868.506000000066,100,1,1.0,0.0,2026-05-08 07:00:00+00:00,0.0,0.0,0.0,0.0,long,False,False,False,False,,,,,,
CHIP,2026050808,1.0,1,6868.506000000066,0.0,0,6868.506000000066,100,1,1.0,0.0,2026-05-08 08:00:00+00:00,0.0,0.0,0.0,0.0,long,False,False,False,False,,,,,,
CHIP,2026050809,1.0,1,6868.506000000066,0.0,0,6868.506000000066,100,1,1.0,0.0,2026-05-08 09:00:00+00:00,0.0,0.0,0.0,0.0,long,False,False,False,False,,,,,,
CHIP,2026050810,1.0,1,6868.506000000066,0.0,0,6868.506000000066,100,1,1.0,0.0,2026-05-08 10:00:00+00:00,0.0,0.0,0.0,0.0,long,False,False,False,False,,,,,,
CHIP,2026050811,1.0,1,6868.506000000066,0.0,0,6868.506000000066,100,1,1.0,0.0,2026-05-08 11:00:00+00:00,0.0,0.0,0.0,0.0,long,False,False,False,False,,,,,,
CHIP,2026050812,1.0,1,3437.6166170421484,0.0,0,3437.6166170421484,100,1,1.0,0.0,2026-05-08 12:00:00+00:00,0.0,-3430.8893829579174,-3430.8893829579174,0.0,long,False,True,False,False,,,,,,
CHIP,2026050813,1.0,1,4263.832617042154,0.0,0,4263.832617042154,100,1,1.0,0.0,2026-05-08 13:00:00+00:00,0.0,826.2160000000058,826.2160000000058,0.0,long,True,False,False,False,,,,,,
CHIP,2026050814,1.0,1,4263.832617042154,0.0,0,4263.832617042154,100,1,1.0,0.0,2026-05-08 14:00:00+00:00,0.0,0.0,0.0,0.0,long,False,False,False,False,,,,,,
CHIP,2026050815,1.0,1,4263.832617042154,0.0,0,4263.832617042154,100,1,1.0,0.0,2026-05-08 15:00:00+00:00,0.0,0.0,0.0,0.0,long,False,False,False,False,,,,,,
CHIP,2026050816,0.6666666666,2,15470.978175188184,0.3333333333,1,15578.30444185485,100,3,0.9965552648,0.0034447352,2026-05-08 16:00:00+00:00,2.0,11314.471824812696,11207.145558146029,-0.003444735199999993,long,True,False,False,False,,,,,,
CHIP,2026050817,1.0,1,2131.916308521077,0.0,0,2131.916308521077,100,1,1.0,0.0,2026-05-08 17:00:00+00:00,-2.0,-13446.388133333774,-13339.061866667107,0.003444735199999993,long,False,True,False,False,,,,,,
CHIP,2026050818,1.0,1,2131.916308521077,0.0,0,2131.916308521077,100,1,1.0,0.0,2026-05-08 18:00:00+00:00,0.0,0.0,0.0,0.0,long,False,False,False,False,,,,,,
CHIP,2026050819,1.0,1,2131.916308521077,0.0,0,2131.916308521077,100,1,1.0,0.0,2026-05-08 19:00:00+00:00,0.0,0.0,0.0,0.0,long,False,False,False,False,,,,,,
CHIP,2026050820,1.0,2,113555.76930852284,0.0,0,113555.76930852284,100,2,1.0,0.0,2026-05-08 20:00:00+00:00,1.0,111423.85300000176,111423.85300000176,0.0,long,True,False,False,False,,,,,,
CHIP,2026050821,1.0,2,113555.76930852284,0.0,0,113555.76930852284,100,2,1.0,0.0,2026-05-08 21:00:00+00:00,0.0,0.0,0.0,0.0,long,False,False,False,False,,,,,,
CHIP,2026050822,1.0,2,113555.76930852284,0.0,0,113555.76930852284,100,2,1.0,0.0,2026-05-08 22:00:00+00:00,0.0,0.0,0.0,0.0,long,False,False,False,False,,,,,,
CHIP,2026050823,1.0,1,111423.85300000176,0.0,0,111423.85300000176,100,1,1.0,0.0,2026-05-08 23:00:00+00:00,-1.0,-2131.916308521075,-2131.916308521075,0.0,long,False,True,False,False,,,,,,
CHIP,2026050901,0.0,0,-11693.748375710033,1.0,2,11693.748375710033,100,2,0.0,1.0,2026-05-09 01:00:00+00:00,1.0,-99730.10462429174,-123117.60137571179,-1.0,short,False,False,True,True,,,,,,
CHIP,2026050902,0.5,1,-225.1362356687967,0.5,1,4312.5762356687965,100,2,0.4738977094,0.5261022906,2026-05-09 02:00:00+00:00,0.0,-7381.172140041236,11468.612140041236,0.4738977094,short,False,False,False,False,,,,,,
CHIP,2026050903,0.3333333333,1,-2282.216235668797,0.6666666667,2,10395.496235668796,100,3,0.3902305294,0.6097694706,2026-05-09 03:00:00+00:00,1.0,6082.919999999999,-2057.08,-0.08366717999999995,short,False,False,True,False,,,,,,
CHIP,2026050904,0.3333333333,1,-5269.51223566881,0.6666666667,2,13382.792235668809,100,3,0.303123588,0.696876412,2026-05-09 04:00:00+00:00,0.0,2987.296000000013,-2987.296000000013,-0.08710694140000003,short,False,False,True,False,,,,,,
CHIP,2026050905,0.25,1,-2582.0974777070146,0.75,3,10695.377477707014,100,4,0.3792890908,0.6207109092,2026-05-09 05:00:00+00:00,1.0,-2687.4147579617947,2687.414757961795,0.0761655028,short,False,False,True,True,,,,,,
PIPPIN,2026050605,1.0,3,48795.68650000242,0.0,0,48795.68650000242,100,3,1.0,0.0,2026-05-06 05:00:00+00:00,,,,,long,False,False,False,False,0.0231,0.00043290043290045155,0.00909090909090926,0.045887445887445866,0.06233766233766236,0.06190476190476191
PIPPIN,2026050606,1.0,3,48795.68650000242,0.0,0,48795.68650000242,100,3,1.0,0.0,2026-05-06 06:00:00+00:00,0.0,0.0,0.0,0.0,long,False,False,False,False,0.02311,-0.004759844223279908,0.01687581133708349,0.05711813067935956,0.06144526179143228,0.06274340112505405
PIPPIN,2026050607,1.0,2,33167.3590000019,0.0,0,33167.3590000019,100,2,1.0,0.0,2026-05-06 07:00:00+00:00,-1.0,-15628.327500000516,-15628.327500000516,0.0,long,False,True,False,False,0.023,0.013478260869565162,0.023913043478260843,0.058260869565217366,0.06391304347826088,0.05956521739130438
PIPPIN,2026050608,1.0,2,33167.3590000019,0.0,0,33167.3590000019,100,2,1.0,0.0,2026-05-06 08:00:00+00:00,0.0,0.0,0.0,0.0,long,False,False,False,False,0.02331,0.00815100815100811,0.036465036465036516,0.04547404547404543,0.04890604890604888,0.05920205920205923
PIPPIN,2026050609,1.0,2,33167.3590000019,0.0,0,33167.3590000019,100,2,1.0,0.0,2026-05-06 09:00:00+00:00,0.0,0.0,0.0,0.0,long,False,False,False,False,0.0235,0.0021276595744681437,0.03957446808510645,0.034468085106382995,0.04212765957446818,0.07148936170212772
PIPPIN,2026050610,1.0,2,33167.3590000019,0.0,0,33167.3590000019,100,2,1.0,0.0,2026-05-06 10:00:00+00:00,0.0,0.0,0.0,0.0,long,False,False,False,False,0.02355,0.025902335456475578,0.033545647558386404,0.030997876857749462,0.042038216560509545,0.0692144373673036
PIPPIN,2026050611,1.0,2,33167.3590000019,0.0,0,33167.3590000019,100,2,1.0,0.0,2026-05-06 11:00:00+00:00,0.0,0.0,0.0,0.0,long,False,False,False,False,0.02416,0.011175496688741626,0.008692052980132425,0.01572847682119205,0.009933774834437026,0.0339403973509933
PIPPIN,2026050612,1.0,2,33167.3590000019,0.0,0,33167.3590000019,100,2,1.0,0.0,2026-05-06 12:00:00+00:00,0.0,0.0,0.0,0.0,long,False,False,False,False,0.02443,-0.003683995088006542,-0.0049119934506755,0.004093327875562824,-0.0032746623004502595,0.036021285304952855
PIPPIN,2026050613,1.0,2,33167.3590000019,0.0,0,33167.3590000019,100,2,1.0,0.0,2026-05-06 13:00:00+00:00,0.0,0.0,0.0,0.0,long,False,False,False,False,0.02434,0.0012325390304026573,-0.0024650780608053147,0.00534100246507796,-0.00862777321281849,0.03122432210353332
PIPPIN,2026050614,1.0,2,33167.3590000019,0.0,0,33167.3590000019,100,2,1.0,0.0,2026-05-06 14:00:00+00:00,0.0,0.0,0.0,0.0,long,False,False,False,False,0.02437,-0.0024620434961017956,0.006975789905621754,0.003282724661469061,-0.013130898645876132,0.029134181370537693
PIPPIN,2026050615,1.0,2,33167.3590000019,0.0,0,33167.3590000019,100,2,1.0,0.0,2026-05-06 15:00:00+00:00,0.0,0.0,0.0,0.0,long,False,False,False,False,0.02431,-0.0012340600575894145,0.009049773755656076,0.007404360345536931,-0.013574660633484004,0.022624434389140413
PIPPIN,2026050616,1.0,2,33167.3590000019,0.0,0,33167.3590000019,100,2,1.0,0.0,2026-05-06 16:00:00+00:00,0.0,0.0,0.0,0.0,long,False,False,False,False,0.02428,0.010708401976935678,0.00782537067545297,0.010708401976935678,0.00535420098846795,0.02883031301482708
PIPPIN,2026050617,1.0,2,33167.3590000019,0.0,0,33167.3590000019,100,2,1.0,0.0,2026-05-06 17:00:00+00:00,0.0,0.0,0.0,0.0,long,False,False,False,False,0.02454,-0.00040749796251016157,-0.003667481662591676,-0.005704971475142484,-0.00040749796251016157,0.012632436837815897
PIPPIN,2026050618,1.0,3,41370.92040000199,0.0,0,41370.92040000199,100,3,1.0,0.0,2026-05-06 18:00:00+00:00,1.0,8203.561400000086,8203.561400000086,0.0,long,True,False,False,False,0.02453,-0.0024459845087647647,-0.0016306563391764728,-0.007337953526294294,0.0012229922543822713,0.004891969017529529
PIPPIN,2026050619,1.0,2,33167.3590000019,0.0,0,33167.3590000019,100,2,1.0,0.0,2026-05-06 19:00:00+00:00,-1.0,-8203.561400000086,-8203.561400000086,0.0,long,False,True,False,False,0.02447,-0.000817327339599494,0.002860645688598229,-0.01389456477319162,-0.00408663669799747,0.004086636697997692
PIPPIN,2026050620,1.0,2,33167.3590000019,0.0,0,33167.3590000019,100,2,1.0,0.0,2026-05-06 20:00:00+00:00,0.0,0.0,0.0,0.0,long,False,False,False,False,0.02445,0.0016359918200410384,-0.002044989775051076,-0.01635991820040905,0.009815950920245342,0.008997955010225045
PIPPIN,2026050621,1.0,2,33167.3590000019,0.0,0,33167.3590000019,100,2,1.0,0.0,2026-05-06 21:00:00+00:00,0.0,0.0,0.0,0.0,long,False,False,False,False,0.02449,0.0020416496529194195,-0.005716619028174774,-0.020824826459779455,0.028174765210289943,0.006941608819926559
PIPPIN,2026050622,1.0,2,33167.3590000019,0.0,0,33167.3590000019,100,2,1.0,0.0,2026-05-06 22:00:00+00:00,0.0,0.0,0.0,0.0,long,False,False,False,False,0.02454,-0.005704971475142484,-0.016707416462917735,-0.0052974735126323225,0.026079869600652117,0.0012224938875307068
PIPPIN,2026050623,1.0,2,33167.3590000019,0.0,0,33167.3590000019,100,2,1.0,0.0,2026-05-06 23:00:00+00:00,0.0,0.0,0.0,0.0,long,False,False,False,False,0.0244,-0.002049180327868938,-0.014344262295082122,0.00532786885245895,0.023770491803278615,0.012295081967212962
PIPPIN,2026050701,1.0,2,33167.3590000019,0.0,0,33167.3590000019,100,2,1.0,0.0,2026-05-07 01:00:00+00:00,0.0,0.0,0.0,0.0,long,False,False,False,False,0.02413,-0.0033153750518027936,0.011603812681309611,0.00994612515540827,0.0401989225031083,0.031910484873601375
PIPPIN,2026050702,1.0,2,33167.3590000019,0.0,0,33167.3590000019,100,2,1.0,0.0,2026-05-07 02:00:00+00:00,0.0,0.0,0.0,0.0,long,False,False,False,False,0.02405,-0.0029106029106027442,0.01995841995841996,0.026611226611226613,0.042827442827442885,0.025363825363825532
PIPPIN,2026050703,1.0,2,33167.3590000019,0.0,0,33167.3590000019,100,2,1.0,0.0,2026-05-07 03:00:00+00:00,0.0,0.0,0.0,0.0,long,False,False,False,False,0.02398,0.017931609674728843,0.024186822351959902,0.05004170141784825,0.03669724770642202,0.023769808173477847
PIPPIN,2026050704,1.0,2,33167.3590000019,0.0,0,33167.3590000019,100,2,1.0,0.0,2026-05-07 04:00:00+00:00,0.0,0.0,0.0,0.0,long,False,False,False,False,0.02441,0.004916018025399316,-0.0016386726751331793,0.031544448996313035,0.02335108562064714,0.00696435886931579
PIPPIN,2026050705,1.0,2,33167.3590000019,0.0,0,33167.3590000019,100,2,1.0,0.0,2026-05-07 05:00:00+00:00,0.0,0.0,0.0,0.0,long,False,False,False,False,0.02453,0.0012229922543822713,0.006522625356706113,0.018344883815735846,0.013045250713412226,-0.0016306563391764728
PIPPIN,2026050706,1.0,2,33167.3590000019,0.0,0,33167.3590000019,100,2,1.0,0.0,2026-05-07 06:00:00+00:00,0.0,0.0,0.0,0.0,long,False,False,False,False,0.02456,-0.007736156351791479,0.025244299674267223,0.03053745928338758,0.003664495114006572,0.0008143322475571146
PIPPIN,2026050707,1.0,2,33167.3590000019,0.0,0,33167.3590000019,100,2,1.0,0.0,2026-05-07 07:00:00+00:00,0.0,0.0,0.0,0.0,long,False,False,False,False,0.02437,0.013130898645876021,0.0332375871973738,0.029954862535904958,0.008206811653672652,0.00943783340172355
PIPPIN,2026050708,1.0,2,33167.3590000019,0.0,0,33167.3590000019,100,2,1.0,0.0,2026-05-07 08:00:00+00:00,0.0,0.0,0.0,0.0,long,False,False,False,False,0.02469,0.01984609153503447,0.01174564601053052,0.015795868772782606,-0.000810044552450373,-0.004050222762251865
PIPPIN,2026050709,1.0,2,33167.3590000019,0.0,0,33167.3590000019,100,2,1.0,0.0,2026-05-07 09:00:00+00:00,0.0,0.0,0.0,0.0,long,False,False,False,False,0.02518,0.0,0.005162827640984746,-0.012708498808578272,-0.02065131056393965,-0.030579825258141402
PIPPIN,2026050710,1.0,2,33167.3590000019,0.0,0,33167.3590000019,100,2,1.0,0.0,2026-05-07 10:00:00+00:00,0.0,0.0,0.0,0.0,long,False,False,False,False,0.02518,-0.00794281175536149,-0.003177124702144596,-0.00794281175536149,-0.02422557585385221,-0.03335980937251792
PIPPIN,2026050711,1.0,2,33167.3590000019,0.0,0,33167.3590000019,100,2,1.0,0.0,2026-05-07 11:00:00+00:00,0.0,0.0,0.0,0.0,long,False,False,False,False,0.02498,0.013210568454763871,0.004003202562049779,-0.005204163330664424,-0.011208967173738982,-0.016413130504403406
PIPPIN,2026050712,1.0,2,33167.3590000019,0.0,0,33167.3590000019,100,2,1.0,0.0,2026-05-07 12:00:00+00:00,0.0,0.0,0.0,0.0,long,False,False,False,False,0.02531,-0.008297115764519858,-0.017779533781114187,-0.026076649545634156,-0.009482418016594218,-0.028052153299091276
PIPPIN,2026050713,1.0,2,33167.3590000019,0.0,0,33167.3590000019,100,2,1.0,0.0,2026-05-07 13:00:00+00:00,0.0,0.0,0.0,0.0,long,False,False,False,False,0.0251,-0.0007968127490040056,-0.004780876494024033,-0.021115537848605537,-0.007968127490039945,-0.018326693227091684
PIPPIN,2026050714,1.0,2,33167.3590000019,0.0,0,33167.3590000019,100,2,1.0,0.0,2026-05-07 14:00:00+00:00,0.0,0.0,0.0,0.0,long,False,False,False,False,0.02508,-0.00877192982456143,-0.009170653907496051,-0.016347687400319,-0.01674641148325362,-0.011961722488038395
PIPPIN,2026050715,1.0,2,33167.3590000019,0.0,0,33167.3590000019,100,2,1.0,0.0,2026-05-07 15:00:00+00:00,0.0,0.0,0.0,0.0,long,False,False,False,False,0.02486,0.00482703137570395,-0.008447304907482023,-0.008045052292839805,-0.01246983105390187,-0.013274336283185861
PIPPIN,2026050716,1.0,2,33167.3590000019,0.0,0,33167.3590000019,100,2,1.0,0.0,2026-05-07 16:00:00+00:00,0.0,0.0,0.0,0.0,long,False,False,False,False,0.02498,-0.005204163330664424,-0.016413130504403406,-0.016413130504403406,-0.01601281024819845,-0.005204163330664424
PIPPIN,2026050717,1.0,2,33167.3590000019,0.0,0,33167.3590000019,100,2,1.0,0.0,2026-05-07 17:00:00+00:00,0.0,0.0,0.0,0.0,long,False,False,False,False,0.02485,-0.008048289738430636,-0.007243460764587484,-0.006036217303822977,-0.014486921529174968,0.010865191146881337
PIPPIN,2026050718,1.0,2,33167.3590000019,0.0,0,33167.3590000019,100,2,1.0,0.0,2026-05-07 18:00:00+00:00,0.0,0.0,0.0,0.0,long,False,False,False,False,0.02465,-0.0032454361054765624,0.00040567951318459805,0.017038539553752452,-0.0028397565922919643,0.036511156186612714
PIPPIN,2026050719,1.0,2,33167.3590000019,0.0,0,33167.3590000019,100,2,1.0,0.0,2026-05-07 19:00:00+00:00,0.0,0.0,0.0,0.0,long,False,False,False,False,0.02457,0.0040700040700041296,0.0,0.013431013431013383,0.0012210012210012167,0.04151404151404159
PIPPIN,2026050720,1.0,2,33167.3590000019,0.0,0,33167.3590000019,100,2,1.0,0.0,2026-05-07 20:00:00+00:00,0.0,0.0,0.0,0.0,long,False,False,False,False,0.02467,-0.0004053506282934993,0.001216051884880276,-0.0004053506282934993,-0.0032428050263477726,0.028374543980543177
PIPPIN,2026050721,1.0,2,33167.3590000019,0.0,0,33167.3590000019,100,2,1.0,0.0,2026-05-07 21:00:00+00:00,0.0,0.0,0.0,0.0,long,False,False,False,False,0.02466,-0.0036496350364962904,0.016626115166261002,-0.0044606650446067375,-0.010137875101378757,0.040551500405514807
PIPPIN,2026050722,1.0,2,33167.3590000019,0.0,0,33167.3590000019,100,2,1.0,0.0,2026-05-07 22:00:00+00:00,0.0,0.0,0.0,0.0,long,False,False,False,False,0.02457,0.005291005291005124,0.013431013431013383,0.00040700040700047957,-0.009361009361009365,0.04802604802604793
PIPPIN,2026050723,1.0,2,33167.3590000019,0.0,0,33167.3590000019,100,2,1.0,0.0,2026-05-07 23:00:00+00:00,0.0,0.0,0.0,0.0,long,False,False,False,False,0.0247,0.014979757085020085,-0.0016194331983805377,-0.008502024291497934,-0.0052631578947367474,0.029959514170040613
PIPPIN,2026050801,1.0,2,33167.3590000019,0.0,0,33167.3590000019,100,2,1.0,0.0,2026-05-08 01:00:00+00:00,0.0,0.0,0.0,0.0,long,False,False,False,False,0.0249,-0.009638554216867323,-0.012851405622489875,-0.012048192771084265,-0.010441767068273045,0.033734939759036076
PIPPIN,2026050802,1.0,2,33167.3590000019,0.0,0,33167.3590000019,100,2,1.0,0.0,2026-05-08 02:00:00+00:00,0.0,0.0,0.0,0.0,long,False,False,False,False,0.02466,-0.0044606650446067375,-0.006893755068937524,-0.0028386050283860653,0.0048661800486617945,0.03649635036496335
PIPPIN,2026050803,1.0,2,33167.3590000019,0.0,0,33167.3590000019,100,2,1.0,0.0,2026-05-08 03:00:00+00:00,0.0,0.0,0.0,0.0,long,False,False,False,False,0.02455,0.0012219959266803748,0.0012219959266803748,-0.005702647657841009,-0.0008146639511201759,0.04236252545824848
PIPPIN,2026050804,1.0,2,33167.3590000019,0.0,0,33167.3590000019,100,2,1.0,0.0,2026-05-08 04:00:00+00:00,0.0,0.0,0.0,0.0,long,False,False,False,False,0.02458,-0.003661513425549212,0.0008136696501219731,-0.009764035801464677,0.010984540276647747,0.04637917005695691
PIPPIN,2026050805,1.0,2,33167.3590000019,0.0,0,33167.3590000019,100,2,1.0,0.0,2026-05-08 05:00:00+00:00,0.0,0.0,0.0,0.0,long,False,False,False,False,0.02449,0.0036749693752551327,0.004083299305839061,0.0032666394446712044,0.025724785626786373,0.05920783993466716
PIPPIN,2026050806,1.0,2,33167.3590000019,0.0,0,33167.3590000019,100,2,1.0,0.0,2026-05-08 06:00:00+00:00,0.0,0.0,0.0,0.0,long,False,False,False,False,0.02458,0.0008136696501219731,-0.006916192026037438,0.0008136696501219731,0.03946297803091947,0.05166802278275018
PIPPIN,2026050807,1.0,2,33167.3590000019,0.0,0,33167.3590000019,100,2,1.0,0.0,2026-05-08 07:00:00+00:00,0.0,0.0,0.0,0.0,long,False,False,False,False,0.0246,-0.00040650406504061376,-0.010569105691056957,0.001626016260162455,0.040243902439024426,0.052032520325203224
PIPPIN,2026050808,1.0,2,33167.3590000019,0.0,0,33167.3590000019,100,2,1.0,0.0,2026-05-08 08:00:00+00:00,0.0,0.0,0.0,0.0,long,False,False,False,False,0.02459,-0.0073200488003253295,-0.0008133387555916416,0.007726718178121095,0.031720211468076354,0.06140707604717366
PIPPIN,2026050809,1.0,2,33167.3590000019,0.0,0,33167.3590000019,100,2,1.0,0.0,2026-05-08 09:00:00+00:00,0.0,0.0,0.0,0.0,long,False,False,False,False,0.02441,-0.0028676771814830637,0.0077836952068823795,0.004916018025399316,0.05120852109791052,
PIPPIN,2026050810,1.0,2,33167.3590000019,0.0,0,33167.3590000019,100,2,1.0,0.0,2026-05-08 10:00:00+00:00,0.0,0.0,0.0,0.0,long,False,False,False,False,0.02434,0.009449465899753484,0.01232539030402613,0.02095316351684473,0.05792933442892356,
PIPPIN,2026050811,1.0,2,33167.3590000019,0.0,0,33167.3590000019,100,2,1.0,0.0,2026-05-08 11:00:00+00:00,0.0,0.0,0.0,0.0,long,False,False,False,False,0.02457,0.0012210012210012167,0.008547008547008517,0.02238502238502238,0.03540903540903528,
PIPPIN,2026050812,1.0,2,33167.3590000019,0.0,0,33167.3590000019,100,2,1.0,0.0,2026-05-08 12:00:00+00:00,0.0,0.0,0.0,0.0,long,False,False,False,False,0.0246,0.001626016260162455,-0.0028455284552846294,0.03861788617886175,0.04268292682926833,
PIPPIN,2026050813,1.0,2,33167.3590000019,0.0,0,33167.3590000019,100,2,1.0,0.0,2026-05-08 13:00:00+00:00,0.0,0.0,0.0,0.0,long,False,False,False,False,0.02464,0.005681818181818121,0.008522727272727293,0.03855519480519498,0.044642857142857206,
PIPPIN,2026050814,1.0,2,33167.3590000019,0.0,0,33167.3590000019,100,2,1.0,0.0,2026-05-08 14:00:00+00:00,0.0,0.0,0.0,0.0,long,False,False,False,False,0.02478,-0.010088781275221947,0.013720742534301777,0.023809523809523725,0.03147699757869238,
PIPPIN,2026050815,1.0,2,33167.3590000019,0.0,0,33167.3590000019,100,2,1.0,0.0,2026-05-08 15:00:00+00:00,0.0,0.0,0.0,0.0,long,False,False,False,False,0.02453,0.013045250713412226,0.04158173664900122,0.04606604158173666,0.043212392988177806,
PIPPIN,2026050816,1.0,2,33167.3590000019,0.0,0,33167.3590000019,100,2,1.0,0.0,2026-05-08 16:00:00+00:00,0.0,0.0,0.0,0.0,long,False,False,False,False,0.02485,0.010865191146881337,0.02977867203219331,0.03621730382293764,0.03501006036217302,
PIPPIN,2026050817,1.0,2,33167.3590000019,0.0,0,33167.3590000019,100,2,1.0,0.0,2026-05-08 17:00:00+00:00,0.0,0.0,0.0,0.0,long,False,False,False,False,0.02512,0.017117834394904552,0.009952229299363013,0.01273885350318471,0.03264331210191096,
PIPPIN,2026050818,1.0,2,33167.3590000019,0.0,0,33167.3590000019,100,2,1.0,0.0,2026-05-08 18:00:00+00:00,0.0,0.0,0.0,0.0,long,False,False,False,False,0.02555,0.0015655577299413803,0.004305283757338518,0.003913894324853118,0.011741682974559797,
PIPPIN,2026050819,1.0,2,33167.3590000019,0.0,0,33167.3590000019,100,2,1.0,0.0,2026-05-08 19:00:00+00:00,0.0,0.0,0.0,0.0,long,False,False,False,False,0.02559,-0.00859710824540838,0.006252442360296762,0.0058616647127782695,0.011332551778038269,
PIPPIN,2026050820,1.0,2,33167.3590000019,0.0,0,33167.3590000019,100,2,1.0,0.0,2026-05-08 20:00:00+00:00,0.0,0.0,0.0,0.0,long,False,False,False,False,0.02537,0.011430823807646817,0.0027591643673630095,0.007489160425699692,0.028774142688214432,
PIPPIN,2026050821,1.0,2,33167.3590000019,0.0,0,33167.3590000019,100,2,1.0,0.0,2026-05-08 21:00:00+00:00,0.0,0.0,0.0,0.0,long,False,False,False,False,0.02566,0.0035074045206546778,-0.000389711613406063,-0.002727981293842441,,
PIPPIN,2026050822,1.0,2,33167.3590000019,0.0,0,33167.3590000019,100,2,1.0,0.0,2026-05-08 22:00:00+00:00,0.0,0.0,0.0,0.0,long,False,False,False,False,0.02575,-0.01203883495145619,-0.0003883495145631244,-0.0011650485436892621,,
PIPPIN,2026050823,1.0,2,33167.3590000019,0.0,0,33167.3590000019,100,2,1.0,0.0,2026-05-08 23:00:00+00:00,0.0,0.0,0.0,0.0,long,False,False,False,False,0.02544,0.008254716981132004,0.004716981132075526,0.019654088050314433,,
PIPPIN,2026050901,1.0,2,33167.3590000019,0.0,0,33167.3590000019,100,2,1.0,0.0,2026-05-09 01:00:00+00:00,0.0,0.0,0.0,0.0,long,False,False,False,False,0.02574,-0.006993006993006978,-0.0007770007770007137,0.00543900543900544,,
PIPPIN,2026050902,1.0,2,33167.3590000019,0.0,0,33167.3590000019,100,2,1.0,0.0,2026-05-09 02:00:00+00:00,0.0,0.0,0.0,0.0,long,False,False,False,False,0.02556,0.001173708920187977,0.014866979655712154,0.021126760563380476,,
PIPPIN,2026050903,1.0,2,33167.3590000019,0.0,0,33167.3590000019,100,2,1.0,0.0,2026-05-09 03:00:00+00:00,0.0,0.0,0.0,0.0,long,False,False,False,False,0.02559,0.005080109417741285,0.01016021883548257,,,
PIPPIN,2026050904,1.0,2,33167.3590000019,0.0,0,33167.3590000019,100,2,1.0,0.0,2026-05-09 04:00:00+00:00,0.0,0.0,0.0,0.0,long,False,False,False,False,0.02572,0.008553654743390426,0.0062208398133747345,,,
PIPPIN,2026050905,1.0,2,33167.3590000019,0.0,0,33167.3590000019,100,2,1.0,0.0,2026-05-09 05:00:00+00:00,0.0,0.0,0.0,0.0,long,False,False,False,False,0.02594,-0.003469545104086369,0.006168080185042335,,,
RLS,2026050605,0.5,1,20106.718267095148,0.5,1,28391.947067095487,100,2,0.8540919229,0.1459080771,2026-05-06 05:00:00+00:00,,,,,long,False,False,False,False,0.004371,-0.01235415236787929,-0.03957904369709442,-0.036833676504232415,-0.04232441088995664,-0.05650880805307701
RLS,2026050606,1.0,1,24249.33266709532,0.0,0,24249.33266709532,100,1,1.0,0.0,2026-05-06 06:00:00+00:00,-1.0,-4142.614400000166,4142.614400000173,0.14590807709999998,long,False,True,False,False,0.004317,-0.03868427148482734,-0.015288394718554588,-0.018763029881862292,-0.01575167940699551,-0.0562890896455871
RLS,2026050607,1.0,1,24249.33266709532,0.0,0,24249.33266709532,100,1,1.0,0.0,2026-05-06 07:00:00+00:00,0.0,0.0,0.0,0.0,long,False,False,False,False,0.00415,0.011566265060241054,0.011325301204819338,-0.0036144578313254128,0.02722891566265062,0.003132530120481869
RLS,2026050608,1.0,1,24249.33266709532,0.0,0,24249.33266709532,100,1,1.0,0.0,2026-05-06 08:00:00+00:00,0.0,0.0,0.0,0.0,long,False,False,False,False,0.004198,0.012625059552167528,0.002858504049547461,-0.0409718913768462,0.04787994282991903,0.003811338732729652
RLS,2026050609,1.0,1,24249.33266709532,0.0,0,24249.33266709532,100,1,1.0,0.0,2026-05-06 09:00:00+00:00,0.0,0.0,0.0,0.0,long,False,False,False,False,0.004251,-0.01270289343683828,-0.00352858151023272,-0.05104681251470222,-0.007762879322512184,-0.004234297812279464
RLS,2026050610,1.0,1,24249.33266709532,0.0,0,24249.33266709532,100,1,1.0,0.0,2026-05-06 10:00:00+00:00,0.0,0.0,0.0,0.0,long,False,False,False,False,0.004197,0.00309745055992372,-0.014772456516559562,-0.04598522754348355,0.011913271384321966,0.020014295925661063
RLS,2026050611,1.0,1,24249.33266709532,0.0,0,24249.33266709532,100,1,1.0,0.0,2026-05-06 11:00:00+00:00,0.0,0.0,0.0,0.0,long,False,False,False,False,0.00421,0.006175771971496324,-0.04370546318289792,-0.005700712589073786,-0.005938242280284944,0.13776722090261284
RLS,2026050612,1.0,1,24249.33266709532,0.0,0,24249.33266709532,100,1,1.0,0.0,2026-05-06 12:00:00+00:00,0.0,0.0,0.0,0.0,long,False,False,False,False,0.004236,-0.023843248347497736,-0.04768649669499525,0.0030689329556186085,-0.013220018885741425,0.17917847025495748
RLS,2026050613,1.0,1,24249.33266709532,0.0,0,24249.33266709532,100,1,1.0,0.0,2026-05-06 13:00:00+00:00,0.0,0.0,0.0,0.0,long,False,False,False,False,0.004135,-0.026360338573155895,-0.03168077388149937,0.030955259975816274,-0.0016928657799274438,0.29842805320435306
RLS,2026050614,1.0,1,24249.33266709532,0.0,0,24249.33266709532,100,1,1.0,0.0,2026-05-06 14:00:00+00:00,0.0,0.0,0.0,0.0,long,False,False,False,False,0.004026,0.001987083954297031,0.039741679085941284,0.0926477893691009,0.0506706408345754,0.26974664679582716
RLS,2026050615,1.0,1,24249.33266709532,0.0,0,24249.33266709532,100,1,1.0,0.0,2026-05-06 15:00:00+00:00,0.0,0.0,0.0,0.0,long,False,False,False,False,0.004034,-0.007436787307883108,0.05329697570649472,0.04561229548834911,0.09494298463063955,0.2330193356470005
RLS,2026050616,1.0,2,35411.11136710083,0.0,0,35411.11136710083,100,2,1.0,0.0,2026-05-06 16:00:00+00:00,1.0,11161.778700005507,11161.778700005507,0.0,long,True,False,False,False,0.004004,0.045454545454545414,0.0646853146853148,0.060689310689310716,0.043456543456543706,0.22477522477522505
RLS,2026050617,1.0,2,35411.11136710083,0.0,0,35411.11136710083,100,2,1.0,0.0,2026-05-06 17:00:00+00:00,0.0,0.0,0.0,0.0,long,False,False,False,False,0.004186,0.015050167224080369,0.050883898709985775,-0.0002388915432391947,-0.01481127568084084,0.25131390348781646
RLS,2026050618,1.0,2,35411.11136710083,0.0,0,35411.11136710083,100,2,1.0,0.0,2026-05-06 18:00:00+00:00,0.0,0.0,0.0,0.0,long,False,False,False,False,0.004249,0.0032948929159801743,-0.007295834313956195,-0.0162391150859027,-0.041186161449752845,0.24029183337255833
RLS,2026050619,1.0,2,35740.20326710185,0.0,0,35740.20326710185,100,2,1.0,0.0,2026-05-06 19:00:00+00:00,0.0,329.09190000102535,329.09190000102535,0.0,long,True,False,False,False,0.004263,0.03190241613886924,-0.0037532254281024136,-0.03166783954961305,-0.023457658925639335,0.23504574243490484
RLS,2026050620,1.0,2,36284.069667102005,0.0,0,36284.069667102005,100,2,1.0,0.0,2026-05-06 20:00:00+00:00,0.0,543.8664000001518,543.8664000001518,0.0,long,True,False,False,False,0.004399,-0.04114571493521246,-0.0486474198681518,-0.03841782223232548,-0.042055012502841604,0.18572402818822464
RLS,2026050621,1.0,2,42292.37966710365,0.0,0,42292.37966710365,100,2,1.0,0.0,2026-05-06 21:00:00+00:00,0.0,6008.310000001642,6008.310000001642,0.0,long,True,False,False,False,0.004218,0.006875296348980431,-0.009009009009009139,0.04717875770507329,0.0035561877667138475,0.19748696064485527
RLS,2026050622,1.0,1,24249.33266709532,0.0,0,24249.33266709532,100,1,1.0,0.0,2026-05-06 22:00:00+00:00,-1.0,-18043.047000008326,-18043.047000008326,0.0,long,False,True,False,False,0.004247,-0.014598540145985273,-0.02801977866729466,-0.016246762420532024,0.008005651047798379,0.1622321638803863
RLS,2026050623,1.0,2,32218.933267099903,0.0,0,32218.933267099903,100,2,1.0,0.0,2026-05-06 23:00:00+00:00,1.0,7969.600600004582,7969.600600004582,0.0,long,True,False,False,False,0.004185,-0.0011947431302271605,0.010752688172043001,-0.014575866188769493,0.144563918757467,0.19569892473118267
RLS,2026050701,1.0,2,39179.52156711127,0.0,0,39179.52156711127,100,2,1.0,0.0,2026-05-07 01:00:00+00:00,0.0,6960.5883000113645,6960.5883000113645,0.0,long,True,False,False,False,0.004128,0.02470930232558155,0.012112403100775326,0.008478682170542706,0.30062984496124034,0.24563953488372103
RLS,2026050702,1.0,1,24249.33266709532,0.0,0,24249.33266709532,100,1,1.0,0.0,2026-05-07 02:00:00+00:00,-1.0,-14930.188900015946,-14930.188900015946,0.0,long,False,True,False,False,0.00423,0.04420803782505911,-0.025059101654846372,-0.003782505910165601,0.2085106382978723,0.23380614657210397
RLS,2026050703,1.0,1,24249.33266709532,0.0,0,24249.33266709532,100,1,1.0,0.0,2026-05-07 03:00:00+00:00,0.0,0.0,0.0,0.0,long,False,False,False,False,0.004417,-0.054109123839710116,-0.07765451664025347,-0.04165723341634597,0.12610369028752544,0.15508263527280963
RLS,2026050704,1.0,1,24249.33266709532,0.0,0,24249.33266709532,100,1,1.0,0.0,2026-05-07 04:00:00+00:00,0.0,0.0,0.0,0.0,long,False,False,False,False,0.004178,-0.01292484442316899,-0.003590234561991479,0.02465294399234086,0.1737673528003829,0.273336524652944
RLS,2026050705,0.5,1,19249.98526709468,0.5,1,29248.68006709596,100,2,0.8290744269,0.1709255731,2026-05-07 05:00:00+00:00,1.0,4999.347400000639,-4999.347400000643,-0.1709255731,long,True,False,False,False,0.004124,-0.012124151309408249,0.021823472356935048,0.16149369544131909,0.27012609117361763,0.28346265761396694
RLS,2026050706,1.0,1,24249.33266709532,0.0,0,24249.33266709532,100,1,1.0,0.0,2026-05-07 06:00:00+00:00,-1.0,-4999.347400000639,4999.347400000643,0.1709255731,long,False,True,False,False,0.004074,0.02184585174275888,0.03902798232695126,0.22606774668630325,0.2935689739813452,0.251104565537555
RLS,2026050707,1.0,1,24249.33266709532,0.0,0,24249.33266709532,100,1,1.0,0.0,2026-05-07 07:00:00+00:00,0.0,0.0,0.0,0.0,long,False,False,False,False,0.004163,0.01225078068700447,0.028344943550324242,0.2896949315397548,0.26471294739370643,0.20297862118664423
RLS,2026050708,1.0,1,24249.33266709532,0.0,0,24249.33266709532,100,1,1.0,0.0,2026-05-07 08:00:00+00:00,0.0,0.0,0.0,0.0,long,False,False,False,False,0.004214,0.004508780256288647,0.136687233032748,0.21309919316563852,0.23777883246321796,0.16279069767441867
RLS,2026050709,1.0,1,24249.33266709532,0.0,0,24249.33266709532,100,1,1.0,0.0,2026-05-07 09:00:00+00:00,0.0,0.0,0.0,0.0,long,False,False,False,False,0.004233,0.011339475549255962,0.18001417434443678,0.17505315379163733,0.1932435624852351,0.13512875029529892
RLS,2026050710,1.0,1,24249.33266709532,0.0,0,24249.33266709532,100,1,1.0,0.0,2026-05-07 10:00:00+00:00,0.0,0.0,0.0,0.0,long,False,False,False,False,0.004281,0.1188974538659191,0.2541462275169353,0.14552674608736282,0.1530016351319785,0.07638402242466724
RLS,2026050711,1.0,1,24249.33266709532,0.0,0,24249.33266709532,100,1,1.0,0.0,2026-05-07 11:00:00+00:00,0.0,0.0,0.0,0.0,long,False,False,False,False,0.00479,0.04279749478079342,0.06722338204592915,0.09352818371607508,0.04467640918580362,-0.04070981210855951
RLS,2026050712,1.0,1,24249.33266709532,0.0,0,24249.33266709532,100,1,1.0,0.0,2026-05-07 12:00:00+00:00,0.0,0.0,0.0,0.0,long,False,False,False,False,0.004995,0.07487487487487465,-0.004204204204204198,0.055055055055055035,0.046446446446446465,-0.08648648648648649
RLS,2026050713,1.0,1,24249.33266709532,0.0,0,24249.33266709532,100,1,1.0,0.0,2026-05-07 13:00:00+00:00,0.0,0.0,0.0,0.0,long,False,False,False,False,0.005369,-0.047867386850437565,-0.08660830694728983,-0.01937046004842613,-0.04227975414416085,-0.14322965170422797
RLS,2026050714,1.0,1,24249.33266709532,0.0,0,24249.33266709532,100,1,1.0,0.0,2026-05-07 14:00:00+00:00,0.0,0.0,0.0,0.0,long,False,False,False,False,0.005112,-0.02699530516431925,0.024647887323943518,0.020344287949921824,0.02093114241001559,-0.11208920187793436
RLS,2026050715,1.0,1,24249.33266709532,0.0,0,24249.33266709532,100,1,1.0,0.0,2026-05-07 15:00:00+00:00,0.0,0.0,0.0,0.0,long,False,False,False,False,0.004974,-0.014073180538801688,0.0595094491355046,0.015480498592681968,0.025733815842380325,-0.09167671893848006
RLS,2026050716,1.0,1,24249.33266709532,0.0,0,24249.33266709532,100,1,1.0,0.0,2026-05-07 16:00:00+00:00,0.0,0.0,0.0,0.0,long,False,False,False,False,0.004904,0.06810766721044037,0.0736133768352365,0.006525285481239873,0.08482871125611746,-0.08115823817292023
RLS,2026050717,1.0,1,24249.33266709532,0.0,0,24249.33266709532,100,1,1.0,0.0,2026-05-07 17:00:00+00:00,0.0,0.0,0.0,0.0,long,False,False,False,False,0.005238,0.006109201985490698,-0.00420007636502473,-0.044673539518900296,0.010500190912562157,-0.16475754104620066
RLS,2026050718,1.0,1,24249.33266709532,0.0,0,24249.33266709532,100,1,1.0,0.0,2026-05-07 18:00:00+00:00,0.0,0.0,0.0,0.0,long,False,False,False,False,0.00527,-0.0009487666034156961,-0.04155597722960158,-0.008159392789373943,-0.03282732447817849,-0.16508538899430736
RLS,2026050719,0.5,1,22933.488767095267,0.5,1,25565.176567095372,100,2,0.9485298332,0.0514701668,2026-05-07 19:00:00+00:00,1.0,1315.8439000000508,-1315.8439000000544,-0.05147016680000005,long,True,False,False,False,0.005265,-0.009306742640075916,-0.062488129154795735,-0.023361823361823353,-0.048812915479582,-0.14985754985754984
RLS,2026050720,0.5,1,1257.6157670919565,0.5,1,47241.049567098686,100,2,0.5133106247,0.4866893753,2026-05-07 20:00:00+00:00,0.0,21675.873000003314,-21675.87300000331,-0.43521920849999995,long,False,False,False,False,0.005216,-0.03163343558282217,-0.04064417177914115,0.0005751533742330839,-0.06058282208588961,-0.12883435582822078
RLS,2026050721,0.5,1,2765.8420618514933,0.5,1,45732.82327233914,100,2,0.5302391353,0.4697608647,2026-05-07 21:00:00+00:00,0.0,-1508.2262947595445,1508.2262947595368,0.016928510600000002,long,False,False,False,False,0.005051,-0.0227677687586616,0.034844585230647374,0.010097010492971625,-0.04870322708374575,-0.13304296178974462
RLS,2026050722,0.3333333333,1,-27213.744238169784,0.6666666667,2,75712.40957236041,100,3,0.3202821413,0.6797178587,2026-05-07 22:00:00+00:00,1.0,29979.58630002127,-29979.586300021278,-0.209956994,short,False,False,True,False,0.004936,0.013776337115072756,0.04173419773095621,0.07779578606158832,-0.06645056726094001,-0.10474068071312803
RLS,2026050723,0.3333333333,1,-7054.788431909549,0.6666666667,2,55553.45376610019,100,3,0.4365045019,0.5634954981,2026-05-07 23:00:00+00:00,0.0,-20158.955806260223,20158.955806260234,0.11622236060000002,short,False,False,False,False,0.005004,0.04456434852118307,0.04296562749800148,0.05775379696242999,-0.08173461231015178,-0.10931254996003192
RLS,2026050801,0.5,1,22749.76616709532,0.5,1,25748.89916709532,100,2,0.941761918,0.058238082,2026-05-08 01:00:00+00:00,-1.0,-29804.55459900487,29804.55459900487,0.5052574161,long,False,True,False,False,0.005142,0.014974718008556875,0.03461688059120971,-0.026059898872034193,-0.10540645663166082,-0.12154803578374163
RLS,2026050802,0.5,1,16750.008567095145,0.5,1,31748.656767095497,100,2,0.7637908225,0.2362091775,2026-05-08 02:00:00+00:00,0.0,5999.757600000179,-5999.757600000175,-0.1779710955,long,True,False,False,False,0.005219,-0.022418087756275185,0.01417896148687503,-0.06112282046369033,-0.13029315960912058,-0.10461774286261727
RLS,2026050803,0.5,1,14753.868567094883,0.5,1,33744.79676709576,100,2,0.7186095336,0.2813904664,2026-05-08 03:00:00+00:00,0.0,1996.1400000002614,-1996.1400000002614,-0.04518128889999995,long,True,False,False,False,0.005102,0.04272834182673457,-0.000980007840062691,-0.05821246569972549,-0.1144649157193256,-0.09349274794198359
RLS,2026050804,0.5,1,9753.987367094804,0.5,1,38744.67796709584,100,2,0.6258751895,0.3741248105,2026-05-08 04:00:00+00:00,0.0,4999.8812000000835,-4999.88120000008,-0.09273434410000003,long,True,False,False,False,0.00532,-0.005075187969924788,-0.05864661654135339,-0.13383458646616542,-0.1530075187969926,-0.14041353383458655
RLS,2026050805,0.5,1,17209.68975505277,0.5,1,31288.97557913787,100,2,0.7750120359,0.2249879641,2026-05-08 05:00:00+00:00,0.0,-7455.702387957972,7455.702387957965,0.14913684640000002,long,False,True,False,False,0.005293,-0.03703003967504248,-0.07424900812393731,-0.13187228414887586,-0.17343661439637248,-0.12034762894388806
RLS,2026050806,1.0,1,24249.33266709532,0.0,0,24249.33266709532,100,1,1.0,0.0,2026-05-08 06:00:00+00:00,-1.0,-7039.642912042549,7039.642912042553,0.2249879641,long,False,True,False,False,0.005097,-0.01746125171669599,-0.05728860113792422,-0.1047675103001765,-0.13674710614086716,-0.09593878752207174
RLS,2026050807,0.5,1,23249.56766709532,0.5,1,25249.09766709532,100,2,0.9604039315,0.0395960685,2026-05-08 07:00:00+00:00,1.0,999.7649999999994,-999.7649999999994,-0.03959606849999997,long,True,False,False,False,0.005008,-0.021565495207667817,-0.07987220447284349,-0.08146964856230043,-0.10623003194888181,-0.08246805111821087
RLS,2026050808,0.5,1,22751.770367095272,0.5,1,25746.89496709537,100,2,0.941835227,0.058164773,2026-05-08 08:00:00+00:00,0.0,497.7973000000493,-497.7973000000493,-0.018568704500000033,long,True,False,False,False,0.0049,-0.019387755102040716,-0.06224489795918364,-0.0736734693877551,-0.07265306122448967,-0.0546938775510204
RLS,2026050809,0.5,1,22778.531634228955,0.5,1,25720.133699961683,100,2,0.9428151871,0.0571848129,2026-05-08 09:00:00+00:00,0.0,-26.761267133686488,26.76126713368285,0.0009799601000000102,long,False,True,False,False,0.004805,-0.04099895941727372,-0.05036420395421437,-0.059729448491155024,-0.08865764828303857,
RLS,2026050810,0.5,1,22778.531634228955,0.5,1,25720.133699961683,100,2,0.9428151871,0.0571848129,2026-05-08 10:00:00+00:00,0.0,0.0,0.0,0.0,long,False,False,False,False,0.004608,-0.0028211805555555802,-0.0017361111111111605,-0.02213541666666674,-0.041015625,
RLS,2026050811,0.5,1,22778.531634228955,0.5,1,25720.133699961683,100,2,0.9428151871,0.0571848129,2026-05-08 11:00:00+00:00,0.0,0.0,0.0,0.0,long,False,False,False,False,0.004595,-0.00696409140369969,-0.01218715995647457,-0.04787812840043515,-0.03003264417845486,
RLS,2026050812,0.5,1,22778.531634228955,0.5,1,25720.133699961683,100,2,0.9428151871,0.0571848129,2026-05-08 12:00:00+00:00,0.0,0.0,0.0,0.0,long,False,False,False,False,0.004563,0.008108700416392667,-0.009861932938855955,-0.03572211264518954,-0.012053473591935204,
RLS,2026050813,0.5,1,20279.01863422878,0.5,1,28219.64669996186,100,2,0.859306742,0.140693258,2026-05-08 13:00:00+00:00,0.0,2499.5130000001773,-2499.5130000001736,-0.0835084451,long,True,False,False,False,0.0046,-0.013260869565217437,-0.02043478260869569,-0.026956521739130435,-0.018043478260869494,
RLS,2026050814,0.5,1,17279.501234227726,0.5,1,31219.164099962913,100,2,0.7767450976,0.2232549024,2026-05-08 14:00:00+00:00,0.0,2999.517400001052,-2999.5174000010556,-0.08256164440000002,long,True,False,False,False,0.004539,-0.004626569729015095,-0.03613130645516616,0.001101564221194229,0.029521921128001782,
RLS,2026050815,0.5,1,23276.01073050786,0.5,1,25222.65460368278,100,2,0.961410805,0.038589195,2026-05-08 15:00:00+00:00,0.0,-5996.509496280134,5996.509496280134,0.1846657074,long,False,True,False,False,0.004518,-0.0026560424966800555,-0.026117751217352825,-0.030765825586542728,0.023683045595396024,
RLS,2026050816,0.5,1,23276.01073050786,0.5,1,25222.65460368278,100,2,0.961410805,0.038589195,2026-05-08 16:00:00+00:00,0.0,0.0,0.0,0.0,long,False,False,False,False,0.004506,-0.029072347980470314,-0.0066577896138481085,-0.01930758988015968,0.014869063470927646,
RLS,2026050817,0.5,1,23276.01073050786,0.5,1,25222.65460368278,100,2,0.961410805,0.038589195,2026-05-08 17:00:00+00:00,0.0,0.0,0.0,0.0,long,False,False,False,False,0.004375,0.005714285714285783,0.03862857142857146,0.01874285714285695,0.06422857142857152,
RLS,2026050818,0.5,1,23276.01073050786,0.5,1,25222.65460368278,100,2,0.961410805,0.038589195,2026-05-08 18:00:00+00:00,0.0,0.0,0.0,0.0,long,False,False,False,False,0.0044,0.017272727272727106,-0.004772727272727262,0.024545454545454426,0.04727272727272713,
RLS,2026050819,1.0,1,24249.33266709532,0.0,0,24249.33266709532,100,1,1.0,0.0,2026-05-08 19:00:00+00:00,-1.0,-973.3219365874575,973.3219365874611,0.03858919500000002,long,False,True,False,False,0.004476,0.015192135835567555,-0.012734584450402098,0.009159964253798059,0.02658623771224322,
RLS,2026050820,1.0,1,24249.33266709532,0.0,0,24249.33266709532,100,1,1.0,0.0,2026-05-08 20:00:00+00:00,0.0,0.0,0.0,0.0,long,False,False,False,False,0.004544,-0.03631161971830987,-0.019146126760563487,0.02838908450704225,0.01936619718309851,
RLS,2026050821,1.0,1,24249.33266709532,0.0,0,24249.33266709532,100,1,1.0,0.0,2026-05-08 21:00:00+00:00,0.0,0.0,0.0,0.0,long,False,False,False,False,0.004379,0.009134505594884601,0.029458780543502927,0.05617720940854065,,
RLS,2026050822,1.0,1,24249.33266709532,0.0,0,24249.33266709532,100,1,1.0,0.0,2026-05-08 22:00:00+00:00,0.0,0.0,0.0,0.0,long,False,False,False,False,0.004419,0.008599230595157215,0.022176963113826664,0.03484951346458476,,
RLS,2026050823,1.0,1,24249.33266709532,0.0,0,24249.33266709532,100,1,1.0,0.0,2026-05-08 23:00:00+00:00,0.0,0.0,0.0,0.0,long,False,False,False,False,0.004457,0.011442674444693601,0.0484630917657618,0.04464886695086401,,
RLS,2026050901,1.0,1,24249.33266709532,0.0,0,24249.33266709532,100,1,1.0,0.0,2026-05-09 01:00:00+00:00,0.0,0.0,0.0,0.0,long,False,False,False,False,0.004517,0.03453619659065743,0.012397609032543722,0.017268098295328826,,
RLS,2026050902,1.0,1,24249.33266709532,0.0,0,24249.33266709532,100,1,1.0,0.0,2026-05-09 02:00:00+00:00,0.0,0.0,0.0,0.0,long,False,False,False,False,0.004673,-0.010271774020971569,-0.003637919965760683,-0.008773806976246523,,
RLS,2026050903,1.0,1,24249.33266709532,0.0,0,24249.33266709532,100,1,1.0,0.0,2026-05-09 03:00:00+00:00,0.0,0.0,0.0,0.0,long,False,False,False,False,0.004625,-0.011243243243243217,-0.003675675675675616,,,
RLS,2026050904,0.5,1,22741.81746709532,0.5,1,25756.84786709532,100,2,0.9414712853,0.0585287147,2026-05-09 04:00:00+00:00,1.0,1507.515199999998,-1507.5152000000016,-0.058528714699999984,long,True,False,False,False,0.004573,0.018150010933741578,0.004810846271594116,,,
RLS,2026050905,0.5,1,21241.84306709529,0.5,1,27256.822267095347,100,2,0.8896610334,0.1103389666,2026-05-09 05:00:00+00:00,0.0,1499.9744000000283,-1499.9744000000283,-0.05181025189999999,long,True,False,False,False,0.004656,-0.010309278350515538,-0.005154639175257825,,,
TSLA,2026050605,1.0,1,32950.2168,0.0,0,32950.2168,100,1,1.0,0.0,2026-05-06 05:00:00+00:00,,,,,long,False,False,False,False,387.33,-0.00018072444685413025,0.00753879121162826,0.011230733483076571,0.02734102703121377,0.029148271499754852
TSLA,2026050606,1.0,1,32950.2168,0.0,0,32950.2168,100,1,1.0,0.0,2026-05-06 06:00:00+00:00,0.0,0.0,0.0,0.0,long,False,False,False,False,387.26,0.0014977018024067146,0.0077209110158549255,0.008030780354284062,0.03227805608635026,0.028998605587977178
TSLA,2026050607,1.0,1,32950.2168,0.0,0,32950.2168,100,1,1.0,0.0,2026-05-06 07:00:00+00:00,0.0,0.0,0.0,0.0,long,False,False,False,False,387.84,0.006213902640264113,0.009694719471947222,0.005827145214521545,0.02815594059405946,0.032255569306930854
TSLA,2026050608,1.0,1,32950.2168,0.0,0,32950.2168,100,1,1.0,0.0,2026-05-06 08:00:00+00:00,0.0,0.0,0.0,0.0,long,False,False,False,False,390.25,0.0,0.0036643177450352837,0.0035618193465727366,0.020474055092889243,0.02921204356181928
TSLA,2026050609,1.0,1,32950.2168,0.0,0,32950.2168,100,1,1.0,0.0,2026-05-06 09:00:00+00:00,0.0,0.0,0.0,0.0,long,False,False,False,False,390.25,0.0034593209481101894,0.0003074951953876415,0.011454196028187091,0.01757847533632284,0.03633568225496475
TSLA,2026050610,1.0,1,32950.2168,0.0,0,32950.2168,100,1,1.0,0.0,2026-05-06 10:00:00+00:00,0.0,0.0,0.0,0.0,long,False,False,False,False,391.6,0.00020429009193057013,-0.003830439223697635,0.015551583248212486,0.014453524004085727,0.03723186925434119
TSLA,2026050611,1.0,1,32950.2168,0.0,0,32950.2168,100,1,1.0,0.0,2026-05-06 11:00:00+00:00,0.0,0.0,0.0,0.0,long,False,False,False,False,391.68,-0.003344566993464082,-0.0001021241830065911,0.01593137254901955,0.013710171568627416,0.039113562091503296
TSLA,2026050612,1.0,1,32950.2168,0.0,0,32950.2168,100,1,1.0,0.0,2026-05-06 12:00:00+00:00,0.0,0.0,0.0,0.0,long,False,False,False,False,390.37,-0.0006916515101057508,0.011143274329482367,0.024054102518123788,0.01729128775264499,0.0415247073289442
TSLA,2026050613,1.0,1,32950.2168,0.0,0,32950.2168,100,1,1.0,0.0,2026-05-06 13:00:00+00:00,0.0,0.0,0.0,0.0,long,False,False,False,False,390.1,0.003947705716482952,0.019456549602665962,0.022199436042040332,0.019430915149961425,0.06065111509869259
TSLA,2026050614,1.0,1,32950.2168,0.0,0,32950.2168,100,1,1.0,0.0,2026-05-06 14:00:00+00:00,0.0,0.0,0.0,0.0,long,False,False,False,False,391.64,0.007864365233377635,0.01603513430701664,0.01685221121438052,0.014911653559391391,0.051067306710244065
TSLA,2026050615,1.0,1,32950.2168,0.0,0,32950.2168,100,1,1.0,0.0,2026-05-06 15:00:00+00:00,0.0,0.0,0.0,0.0,long,False,False,False,False,394.72,0.007524321037697623,0.01276854479124423,0.006054925010133827,0.00904438589379808,0.03212403729225777
TSLA,2026050616,1.0,1,32950.2168,0.0,0,32950.2168,100,1,1.0,0.0,2026-05-06 16:00:00+00:00,0.0,0.0,0.0,0.0,long,False,False,False,False,397.69,0.0005783399129977163,0.0026905378561190574,-0.0010812441851694166,0.001433277175689529,0.027835751464708736
TSLA,2026050617,1.0,1,32950.2168,0.0,0,32950.2168,100,1,1.0,0.0,2026-05-06 17:00:00+00:00,0.0,0.0,0.0,0.0,long,False,False,False,False,397.92,0.004624045034177682,0.0008041817450743505,-0.00218636911942105,0.0017591475673501833,0.024175713711298785
TSLA,2026050618,1.0,1,32950.2168,0.0,0,32950.2168,100,1,1.0,0.0,2026-05-06 18:00:00+00:00,0.0,0.0,0.0,0.0,long,False,False,False,False,399.76,-0.0025015009005403543,-0.006628977386431756,-0.006603962377426442,-0.0031769061436861534,0.012707624574744836
TSLA,2026050619,1.0,1,32950.2168,0.0,0,32950.2168,100,1,1.0,0.0,2026-05-06 19:00:00+00:00,0.0,0.0,0.0,0.0,long,False,False,False,False,398.76,-0.0013040425318486815,-0.0037616611495636665,-0.0027083960276858,0.003987360818537455,0.03305246263416595
TSLA,2026050620,1.0,1,32950.2168,0.0,0,32950.2168,100,1,1.0,0.0,2026-05-06 20:00:00+00:00,0.0,0.0,0.0,0.0,long,False,False,False,False,398.24,-0.0028374849337082786,-0.0029881478505423553,-0.001908396946564861,0.008562675773402972,0.030659903575733116
TSLA,2026050621,1.0,1,32950.2168,0.0,0,32950.2168,100,1,1.0,0.0,2026-05-06 21:00:00+00:00,0.0,0.0,0.0,0.0,long,False,False,False,False,397.11,0.0003777290926947341,2.5181939512952667e-05,0.0029714688625317454,0.018433179723502224,0.02714613079499384
TSLA,2026050622,1.0,1,32950.2168,0.0,0,32950.2168,100,1,1.0,0.0,2026-05-06 22:00:00+00:00,0.0,0.0,0.0,0.0,long,False,False,False,False,397.26,-0.0005286210542213565,0.001057242108442935,0.002517243115340184,0.0224538085888335,0.028973468257564194
TSLA,2026050623,1.0,1,32950.2168,0.0,0,32950.2168,100,1,1.0,0.0,2026-05-06 23:00:00+00:00,0.0,0.0,0.0,0.0,long,False,False,False,False,397.05,0.00017630021407888385,0.001082987029341398,0.003954161944339507,0.025059816144062497,0.031129580657347944
TSLA,2026050701,1.0,1,32950.2168,0.0,0,32950.2168,100,1,1.0,0.0,2026-05-07 01:00:00+00:00,0.0,0.0,0.0,0.0,long,False,False,False,False,397.68,-0.0005029169181250959,0.0014584590625628113,0.006713940856970524,0.04043452021726002,0.03465097565882114
TSLA,2026050702,1.0,1,32950.2168,0.0,0,32950.2168,100,1,1.0,0.0,2026-05-07 02:00:00+00:00,0.0,0.0,0.0,0.0,long,False,False,False,False,397.48,0.002037838381805379,0.002868068833651982,0.010491093891516368,0.035624433933782784,0.03431619200966085
TSLA,2026050703,1.0,1,32950.2168,0.0,0,32950.2168,100,1,1.0,0.0,2026-05-07 03:00:00+00:00,0.0,0.0,0.0,0.0,long,False,False,False,False,398.29,-7.5322001556688e-05,0.0005021466770442906,0.015415902985261853,0.022872781139370746,0.035803058073263117
TSLA,2026050704,1.0,1,32950.2168,0.0,0,32950.2168,100,1,1.0,0.0,2026-05-07 04:00:00+00:00,0.0,0.0,0.0,0.0,long,False,False,False,False,398.26,0.0009039321046553361,0.005247828052026504,0.01988650630241562,0.026364686385778047,0.03540400743233074
TSLA,2026050705,1.0,1,32950.2168,0.0,0,32950.2168,100,1,1.0,0.0,2026-05-07 05:00:00+00:00,0.0,0.0,0.0,0.0,long,False,False,False,False,398.62,-0.00032612513170438007,0.007601224223571235,0.021022527720636175,0.022377201344639053,0.034744869800812817
TSLA,2026050706,1.0,1,32950.2168,0.0,0,32950.2168,100,1,1.0,0.0,2026-05-07 06:00:00+00:00,0.0,0.0,0.0,0.0,long,False,False,False,False,398.49,0.004667620266506134,0.014906271173680707,0.020301638686039736,0.015935155210921037,0.03651283595573296
TSLA,2026050707,1.0,1,32950.2168,0.0,0,32950.2168,100,1,1.0,0.0,2026-05-07 07:00:00+00:00,0.0,0.0,0.0,0.0,long,False,False,False,False,400.35,0.003247158736105815,0.014562258024228836,0.03349569127013852,0.028949669039590287,0.03501935806169598
TSLA,2026050708,1.0,1,32950.2168,0.0,0,32950.2168,100,1,1.0,0.0,2026-05-07 08:00:00+00:00,0.0,0.0,0.0,0.0,long,False,False,False,False,401.65,0.006921449022781134,0.013320054774057066,0.02487240134445412,0.021909622805925677,0.03687289929042703
TSLA,2026050709,1.0,1,32950.2168,0.0,0,32950.2168,100,1,1.0,0.0,2026-05-07 09:00:00+00:00,0.0,0.0,0.0,0.0,long,False,False,False,False,404.43,0.004327077615409403,0.005316123927502803,0.007343668867294539,0.008555250599609376,0.02732240437158473
TSLA,2026050710,1.0,1,32950.2168,0.0,0,32950.2168,100,1,1.0,0.0,2026-05-07 10:00:00+00:00,0.0,0.0,0.0,0.0,long,False,False,False,False,406.18,0.0020188093948496633,0.01866167708897537,0.006351863705746252,0.006376483332512617,0.022674676251907888
TSLA,2026050711,1.0,1,32950.2168,0.0,0,32950.2168,100,1,1.0,0.0,2026-05-07 11:00:00+00:00,0.0,0.0,0.0,0.0,long,False,False,False,False,407.0,-0.0010319410319410416,0.011400491400491264,0.0013267813267814343,0.005921375921376093,0.024963144963145112
TSLA,2026050712,1.0,1,32950.2168,0.0,0,32950.2168,100,1,1.0,0.0,2026-05-07 12:00:00+00:00,0.0,0.0,0.0,0.0,long,False,False,False,False,406.58,0.017659501205174788,0.0020168232574155898,-0.004279600570613384,0.012100939544493095,0.02528407693442869
TSLA,2026050713,1.0,1,32950.2168,0.0,0,32950.2168,100,1,1.0,0.0,2026-05-07 13:00:00+00:00,0.0,0.0,0.0,0.0,long,False,False,False,False,413.76,-0.005123743232791966,-0.012084300077339516,-0.0043986852281515665,-0.005558778035576251,0.035769528228924985
TSLA,2026050714,1.0,1,32950.2168,0.0,0,32950.2168,100,1,1.0,0.0,2026-05-07 14:00:00+00:00,0.0,0.0,0.0,0.0,long,False,False,False,False,411.64,-0.010300262365173452,-0.009960159362549681,-0.0028908755223010507,-0.0012632397240306403,0.038990379943640185
TSLA,2026050715,1.0,1,32950.2168,0.0,0,32950.2168,100,1,1.0,0.0,2026-05-07 15:00:00+00:00,0.0,0.0,0.0,0.0,long,False,False,False,False,407.4,0.0033382425135002336,-0.0062837506136474985,0.0012027491408934665,0.0126411389297989,0.05392734413352973
TSLA,2026050716,1.0,1,32950.2168,0.0,0,32950.2168,100,1,1.0,0.0,2026-05-07 16:00:00+00:00,0.0,0.0,0.0,0.0,long,False,False,False,False,408.76,-0.002984636461493273,0.007779626186515287,2.4464233290943938e-05,0.008807123984734266,0.049589000880712275
TSLA,2026050717,1.0,1,32950.2168,0.0,0,32950.2168,100,1,1.0,0.0,2026-05-07 17:00:00+00:00,0.0,0.0,0.0,0.0,long,False,False,False,False,407.54,-0.006625116552976484,0.0071404033959856505,0.004588506649654045,0.012096972076360624,0.04752907690042707
TSLA,2026050718,1.0,1,32950.2168,0.0,0,32950.2168,100,1,1.0,0.0,2026-05-07 18:00:00+00:00,0.0,0.0,0.0,0.0,long,False,False,False,False,404.84,0.017537792708230526,0.00753384052959194,0.01645094358265009,0.020254915522181616,0.05901096729572197
TSLA,2026050719,1.0,1,32950.2168,0.0,0,32950.2168,100,1,1.0,0.0,2026-05-07 19:00:00+00:00,0.0,0.0,0.0,0.0,long,False,False,False,False,411.94,-0.003617031606544696,-0.007695295431373594,-0.0011652182356653995,0.0058989173180561405,0.03971452153226207
TSLA,2026050720,1.0,1,32950.2168,0.0,0,32950.2168,100,1,1.0,0.0,2026-05-07 20:00:00+00:00,0.0,0.0,0.0,0.0,long,False,False,False,False,410.45,-0.006237056888780623,-0.0025338043610669825,0.0016323547326106969,0.014642465586551356,0.04283103910342301
TSLA,2026050721,1.0,1,32950.2168,0.0,0,32950.2168,100,1,1.0,0.0,2026-05-07 21:00:00+00:00,0.0,0.0,0.0,0.0,long,False,False,False,False,407.89,0.0021574444090317613,0.008850425359778313,0.01142464880237326,0.018607958027899718,0.04868959768565051
TSLA,2026050722,1.0,1,32950.2168,0.0,0,32950.2168,100,1,1.0,0.0,2026-05-07 22:00:00+00:00,0.0,0.0,0.0,0.0,long,False,False,False,False,408.77,0.0015656726276391808,0.006580717763045252,0.0087824448956626,0.016194926242141028,0.04652983340264716
TSLA,2026050723,1.0,1,32950.2168,0.0,0,32950.2168,100,1,1.0,0.0,2026-05-07 23:00:00+00:00,0.0,0.0,0.0,0.0,long,False,False,False,False,409.41,0.005104907061380892,0.004176742141129841,0.007474170147285131,0.01892967929459477,0.04560220805549431
TSLA,2026050801,1.0,1,32950.2168,0.0,0,32950.2168,100,1,1.0,0.0,2026-05-08 01:00:00+00:00,0.0,0.0,0.0,0.0,long,False,False,False,False,411.46,-0.0008263257667816548,0.0021873329120694063,0.007072376415690584,0.04155932532931517,0.04134059203810825
TSLA,2026050802,1.0,1,32950.2168,0.0,0,32950.2168,100,1,1.0,0.0,2026-05-08 02:00:00+00:00,0.0,0.0,0.0,0.0,long,False,False,False,False,411.12,0.0034783031718232937,0.0032837127845883884,0.012988908347927541,0.040304533956022626,0.04200719984432766
TSLA,2026050803,1.0,1,32950.2168,0.0,0,32950.2168,100,1,1.0,0.0,2026-05-08 03:00:00+00:00,0.0,0.0,0.0,0.0,long,False,False,False,False,412.55,-0.0004605502363349556,0.0011877348200217686,0.007102169434008099,0.040770815658708104,0.03963155981093203
TSLA,2026050804,1.0,1,32950.2168,0.0,0,32950.2168,100,1,1.0,0.0,2026-05-08 04:00:00+00:00,0.0,0.0,0.0,0.0,long,False,False,False,False,412.36,0.00026675720244440093,0.004874381608303446,0.007347948394606618,0.04042584149772033,0.03923755941410412
TSLA,2026050805,1.0,1,32950.2168,0.0,0,32950.2168,100,1,1.0,0.0,2026-05-08 05:00:00+00:00,0.0,0.0,0.0,0.0,long,False,False,False,False,412.47,0.0013819186849952647,0.009673430794966853,0.011370523916890862,0.03500860668654693,0.0382573278056586
TSLA,2026050806,1.0,1,32950.2168,0.0,0,32950.2168,100,1,1.0,0.0,2026-05-08 06:00:00+00:00,0.0,0.0,0.0,0.0,long,False,False,False,False,413.04,0.003220027116017876,0.0059074181677318816,0.0092484989347279,0.03798663567693206,0.03692136354832454
TSLA,2026050807,1.0,1,32950.2168,0.0,0,32950.2168,100,1,1.0,0.0,2026-05-08 07:00:00+00:00,0.0,0.0,0.0,0.0,long,False,False,False,False,414.37,0.005043801433501471,0.0024615681637183418,0.0342447571011415,0.03361729854960549,0.03405169293143806
TSLA,2026050808,1.0,1,32950.2168,0.0,0,32950.2168,100,1,1.0,0.0,2026-05-08 08:00:00+00:00,0.0,0.0,0.0,0.0,long,False,False,False,False,416.46,-0.0023531671709167146,0.0016808336935121293,0.026965374825913768,0.027781779762762415,0.028814291888776822
TSLA,2026050809,1.0,1,32950.2168,0.0,0,32950.2168,100,1,1.0,0.0,2026-05-08 09:00:00+00:00,0.0,0.0,0.0,0.0,long,False,False,False,False,415.48,-0.00021661692500252183,0.0033214595167034844,0.03343121209203814,0.029532107441994748,
TSLA,2026050810,1.0,1,32950.2168,0.0,0,32950.2168,100,1,1.0,0.0,2026-05-08 10:00:00+00:00,0.0,0.0,0.0,0.0,long,False,False,False,False,415.39,0.004261055875201647,0.031705144562940824,0.032836611377259795,0.029851464888418278,
TSLA,2026050811,1.0,1,32950.2168,0.0,0,32950.2168,100,1,1.0,0.0,2026-05-08 11:00:00+00:00,0.0,0.0,0.0,0.0,long,False,False,False,False,417.16,-0.000719148528142699,0.025242113337808014,0.023372327164637108,0.026177006424393356,
TSLA,2026050812,1.0,1,32950.2168,0.0,0,32950.2168,100,1,1.0,0.0,2026-05-08 12:00:00+00:00,0.0,0.0,0.0,0.0,long,False,False,False,False,416.86,0.028066976922707765,0.03001007532504918,0.028474787698507864,0.02741927745526085,
TSLA,2026050813,1.0,1,32950.2168,0.0,0,32950.2168,100,1,1.0,0.0,2026-05-08 13:00:00+00:00,0.0,0.0,0.0,0.0,long,False,False,False,False,428.56,-0.0020300541347769707,0.001096695911890988,-0.000606682844875861,-0.00021000560014927672,
TSLA,2026050814,1.0,1,32950.2168,0.0,0,32950.2168,100,1,1.0,0.0,2026-05-08 14:00:00+00:00,0.0,0.0,0.0,0.0,long,False,False,False,False,427.69,0.00392807874862644,-0.0018237508475764663,0.0007949683181742717,0.00163669947859435,
TSLA,2026050815,1.0,1,32950.2168,0.0,0,32950.2168,100,1,1.0,0.0,2026-05-08 15:00:00+00:00,0.0,0.0,0.0,0.0,long,False,False,False,False,429.37,-0.000791857838228216,-0.001490555930782289,-0.003772969699792683,-0.0010946270116682921,
TSLA,2026050816,1.0,1,32950.2168,0.0,0,32950.2168,100,1,1.0,0.0,2026-05-08 16:00:00+00:00,0.0,0.0,0.0,0.0,long,False,False,False,False,429.03,-0.004941379390718481,-0.0017015127147285147,-0.0028902407757032123,-0.0011421112742697748,
TSLA,2026050817,1.0,1,32950.2168,0.0,0,32950.2168,100,1,1.0,0.0,2026-05-08 17:00:00+00:00,0.0,0.0,0.0,0.0,long,False,False,False,False,426.91,0.0042631936473729315,0.002623503782998693,0.002740624487596932,0.0031388348832306345,
TSLA,2026050818,1.0,1,32950.2168,0.0,0,32950.2168,100,1,1.0,0.0,2026-05-08 18:00:00+00:00,0.0,0.0,0.0,0.0,long,False,False,False,False,428.73,-0.0010029622373055602,-0.0022858209129289486,-0.0010262869404986663,-0.0010262869404986663,
TSLA,2026050819,1.0,1,32950.2168,0.0,0,32950.2168,100,1,1.0,0.0,2026-05-08 19:00:00+00:00,0.0,0.0,0.0,0.0,long,False,False,False,False,428.3,-0.0006303992528602365,-0.0011907541442913727,0.00039691804809716125,0.00042026616857349097,
TSLA,2026050820,1.0,1,32950.2168,0.0,0,32950.2168,100,1,1.0,0.0,2026-05-08 20:00:00+00:00,0.0,0.0,0.0,0.0,long,False,False,False,False,428.03,-0.0006541597551572575,0.00011681424199250223,0.0008410625423451723,0.0010046024811345422,
TSLA,2026050821,1.0,1,32950.2168,0.0,0,32950.2168,100,1,1.0,0.0,2026-05-08 21:00:00+00:00,0.0,0.0,0.0,0.0,long,False,False,False,False,427.75,9.351256575107492e-05,0.0012624196376389563,0.002688486265341794,,
TSLA,2026050822,1.0,1,32950.2168,0.0,0,32950.2168,100,1,1.0,0.0,2026-05-08 22:00:00+00:00,0.0,0.0,0.0,0.0,long,False,False,False,False,427.79,0.0006779027092731482,0.0015895649734682937,0.0017531966619135364,,
TSLA,2026050823,1.0,1,32950.2168,0.0,0,32950.2168,100,1,1.0,0.0,2026-05-08 23:00:00+00:00,0.0,0.0,0.0,0.0,long,False,False,False,False,428.08,0.0004905625116802259,0.0007241637077182173,0.00039712203326480733,,
TSLA,2026050901,1.0,1,32950.2168,0.0,0,32950.2168,100,1,1.0,0.0,2026-05-09 01:00:00+00:00,0.0,0.0,0.0,0.0,long,False,False,False,False,428.47,-0.00018671085490240547,0.00016337199803961866,2.3338856862675783e-05,,
TSLA,2026050902,1.0,1,32950.2168,0.0,0,32950.2168,100,1,1.0,0.0,2026-05-09 02:00:00+00:00,0.0,0.0,0.0,0.0,long,False,False,False,False,428.39,0.0011905039800181871,-0.0003268050141226331,0.00016340250706137205,,
TSLA,2026050903,1.0,1,32950.2168,0.0,0,32950.2168,100,1,1.0,0.0,2026-05-09 03:00:00+00:00,0.0,0.0,0.0,0.0,long,False,False,False,False,428.9,-0.0008393564933549813,-0.0014222429470738263,,,
TSLA,2026050904,0.5,1,15821.0168,0.5,1,50079.4168,100,2,0.6579592755,0.3420407245,2026-05-09 04:00:00+00:00,1.0,17129.199999999997,-17129.200000000004,-0.3420407245,long,True,False,False,False,428.54,-0.00067671629252819,-0.0001400102674196102,,,
TSLA,2026050905,0.5,1,15821.0168,0.5,1,50079.4168,100,2,0.6579592755,0.3420407245,2026-05-09 05:00:00+00:00,0.0,0.0,0.0,0.0,long,False,False,False,False,428.25,9.34033858728256e-05,0.0004903677758318903,,,
FIL,2026050610,1.0,2,24245.40996000005,0.0,0,24245.40996000005,100,2,1.0,0.0,2026-05-06 10:00:00+00:00,,,,,long,False,False,False,False,1.1207,-0.015526010529133605,-0.052288748103863636,-0.039171946105112876,-0.028196662800035743,-0.02319978584813065
FIL,2026050611,1.0,2,24245.40996000005,0.0,0,24245.40996000005,100,2,1.0,0.0,2026-05-06 11:00:00+00:00,0.0,0.0,0.0,0.0,long,False,False,False,False,1.1033,-0.012598567932565974,-0.04395903199492435,-0.03634550892776223,0.010060726910178674,-0.006253965376597392
FIL,2026050612,1.0,3,38383.12644000007,0.0,0,38383.12644000007,100,3,1.0,0.0,2026-05-06 12:00:00+00:00,1.0,14137.716480000021,14137.716480000021,0.0,long,True,False,False,False,1.0894,-0.025059665871121628,-0.019093078758949833,-0.025885808702037827,-0.0029373967321459915,0.011474205984945973
FIL,2026050613,1.0,3,38383.12644000007,0.0,0,38383.12644000007,100,3,1.0,0.0,2026-05-06 13:00:00+00:00,0.0,0.0,0.0,0.0,long,False,False,False,False,1.0621,-0.0068731757838246255,0.013840504660578068,0.004236889181809644,-0.004613501553526134,0.018077393842387712
FIL,2026050614,1.0,3,48379.008360000145,0.0,0,48379.008360000145,100,3,1.0,0.0,2026-05-06 14:00:00+00:00,0.0,9995.881920000073,9995.881920000073,0.0,long,True,False,False,False,1.0548,0.013083048919226403,0.007963594994311762,0.019340159271899804,0.006257110352673401,0.014031095942358851
FIL,2026050615,1.0,4,92766.95239000041,0.0,0,92766.95239000041,100,4,1.0,0.0,2026-05-06 15:00:00+00:00,1.0,44387.94403000027,44387.94403000027,0.0,long,True,False,False,False,1.0686,0.007673591615197539,-0.0069249485307880665,0.020213363279056873,0.0027138311809844495,-0.006644207374134292
FIL,2026050616,1.0,4,92766.95239000041,0.0,0,92766.95239000041,100,4,1.0,0.0,2026-05-06 16:00:00+00:00,0.0,0.0,0.0,0.0,long,False,False,False,False,1.0768,-0.012630014858841077,-0.009472511144130724,0.011422734026745873,0.009472511144130724,-0.014115898959880968
FIL,2026050617,1.0,4,92766.95239000041,0.0,0,92766.95239000041,100,4,1.0,0.0,2026-05-06 17:00:00+00:00,0.0,0.0,0.0,0.0,long,False,False,False,False,1.0632,-0.0018811136192625755,0.011286681715575675,0.04815650865312282,0.017964635063957957,0.0018811136192626865
FIL,2026050618,1.0,3,79131.9523900004,0.0,0,79131.9523900004,100,3,1.0,0.0,2026-05-06 18:00:00+00:00,-1.0,-13635.000000000015,-13635.000000000015,0.0,long,False,True,False,False,1.0612,0.005088578967207047,0.027327553712778174,0.023558235959291407,0.0432529212212589,0.006125141349415886
FIL,2026050619,1.0,3,79131.9523900004,0.0,0,79131.9523900004,100,3,1.0,0.0,2026-05-06 19:00:00+00:00,0.0,0.0,0.0,0.0,long,False,False,False,False,1.0666,0.00806300393774606,0.021095068441777665,-0.008813050815676071,0.023813988374273398,0.01209450590661909
FIL,2026050620,1.0,3,79131.9523900004,0.0,0,79131.9523900004,100,3,1.0,0.0,2026-05-06 20:00:00+00:00,0.0,0.0,0.0,0.0,long,False,False,False,False,1.0752,0.013950892857143016,0.03645833333333348,-0.012834821428571508,0.022414434523809534,0.0012090773809525501
FIL,2026050621,1.0,3,79131.9523900004,0.0,0,79131.9523900004,100,3,1.0,0.0,2026-05-06 21:00:00+00:00,0.0,0.0,0.0,0.0,long,False,False,False,False,1.0902,-0.001008989176297992,-0.0036690515501742738,-0.017152815997064863,0.007246376811594235,-0.011007154650522821
FIL,2026050622,1.0,2,54236.34070000035,0.0,0,54236.34070000035,100,2,1.0,0.0,2026-05-06 22:00:00+00:00,-1.0,-24895.61169000005,-24895.61169000005,0.0,long,False,True,False,False,1.0891,0.023230190065191447,-0.029290239647415284,-0.0019281975943439278,0.0051418602515840295,-0.01276283169589576
FIL,2026050623,1.0,2,54236.34070000035,0.0,0,54236.34070000035,100,2,1.0,0.0,2026-05-06 23:00:00+00:00,0.0,0.0,0.0,0.0,long,False,False,False,False,1.1144,-0.025305096913137093,-0.04755922469490326,-0.028804737975592243,-0.016152189519023752,-0.01471643933955491
FIL,2026050701,1.0,2,58501.94070000035,0.0,0,58501.94070000035,100,2,1.0,0.0,2026-05-07 01:00:00+00:00,0.0,4265.5999999999985,4265.5999999999985,0.0,long,True,False,False,False,1.0572,0.0039727582292847785,0.02818766553159291,0.03291713961407505,0.022796065077563377,0.043700340522133896
FIL,2026050702,1.0,2,58501.94070000035,0.0,0,58501.94070000035,100,2,1.0,0.0,2026-05-07 02:00:00+00:00,0.0,0.0,0.0,0.0,long,False,False,False,False,1.0614,0.009515733936310555,0.019690974185038845,0.03570755605803666,0.007725645374034418,0.03796872055775391
FIL,2026050703,1.0,2,58501.94070000035,0.0,0,58501.94070000035,100,2,1.0,0.0,2026-05-07 03:00:00+00:00,0.0,0.0,0.0,0.0,long,False,False,False,False,1.0715,0.014465702286514226,0.03322445170321986,0.02482501166588902,-0.009332711152589601,0.019972001866542355
FIL,2026050704,1.0,2,58501.94070000035,0.0,0,58501.94070000035,100,2,1.0,0.0,2026-05-07 04:00:00+00:00,0.0,0.0,0.0,0.0,long,False,False,False,False,1.087,-0.004323827046918027,0.004599816007359703,0.007083716651334004,-0.023367065317387192,0.007267709291628455
FIL,2026050705,1.0,2,58501.94070000035,0.0,0,58501.94070000035,100,2,1.0,0.0,2026-05-07 05:00:00+00:00,0.0,0.0,0.0,0.0,long,False,False,False,False,1.0823,0.02291416427977455,0.01570729003049043,0.013027811142936274,-0.01579968585419944,0.007114478425575221
FIL,2026050706,1.0,2,58501.94070000035,0.0,0,58501.94070000035,100,2,1.0,0.0,2026-05-07 06:00:00+00:00,0.0,0.0,0.0,0.0,long,False,False,False,False,1.1071,-0.013639237647908864,-0.008129346942462146,-0.004696956011200348,-0.03558847439255697,-0.0027097823141539745
FIL,2026050707,1.0,2,58501.94070000035,0.0,0,58501.94070000035,100,2,1.0,0.0,2026-05-07 07:00:00+00:00,0.0,0.0,0.0,0.0,long,False,False,False,False,1.092,0.006684981684981661,0.0024725274725274637,-0.009798534798534986,-0.011446886446886628,0.007234432234432209
FIL,2026050708,1.0,2,58501.94070000035,0.0,0,58501.94070000035,100,2,1.0,0.0,2026-05-07 08:00:00+00:00,0.0,0.0,0.0,0.0,long,False,False,False,False,1.0993,-0.0010916037478394536,-0.002638042390612161,-0.027017192759028363,-0.02074047120895106,-0.004093514054398173
FIL,2026050709,1.0,2,58501.94070000035,0.0,0,58501.94070000035,100,2,1.0,0.0,2026-05-07 09:00:00+00:00,0.0,0.0,0.0,0.0,long,False,False,False,False,1.0981,-0.0030962571714781006,0.0034605227210637857,-0.03333029778708674,-0.018122211091886054,0.0006374647117748378
FIL,2026050710,1.0,2,58501.94070000035,0.0,0,58501.94070000035,100,2,1.0,0.0,2026-05-07 10:00:00+00:00,0.0,0.0,0.0,0.0,long,False,False,False,False,1.0947,0.0015529368776834307,-0.012240796565269108,-0.030236594500776426,-0.017813099479309424,-0.0010961907371883628
FIL,2026050711,1.0,2,58501.94070000035,0.0,0,58501.94070000035,100,2,1.0,0.0,2026-05-07 11:00:00+00:00,0.0,0.0,0.0,0.0,long,False,False,False,False,1.0964,0.005016417365924841,-0.024443633710324653,-0.028456767603064703,0.0014593214155418366,0.008391098139365116
FIL,2026050712,1.0,2,58501.94070000035,0.0,0,58501.94070000035,100,2,1.0,0.0,2026-05-07 12:00:00+00:00,0.0,0.0,0.0,0.0,long,False,False,False,False,1.1019,-0.018694981395771082,-0.036663944096560486,-0.031037299210454727,-0.009075233687267481,-0.007169434612941283
FIL,2026050713,1.0,2,58501.94070000035,0.0,0,58501.94070000035,100,2,1.0,0.0,2026-05-07 13:00:00+00:00,0.0,0.0,0.0,0.0,long,False,False,False,False,1.0813,-0.010820308887450114,-0.018218810690834975,-0.0016646629057616158,0.02043836123185061,-0.0009248127254229965
FIL,2026050714,1.0,2,58501.94070000035,0.0,0,58501.94070000035,100,2,1.0,0.0,2026-05-07 14:00:00+00:00,0.0,0.0,0.0,0.0,long,False,False,False,False,1.0696,-0.007572924457741159,-0.004113687359760809,0.006451009723260848,0.030011219147344503,0.035527299925205424
FIL,2026050715,1.0,2,58501.94070000035,0.0,0,58501.94070000035,100,2,1.0,0.0,2026-05-07 15:00:00+00:00,0.0,0.0,0.0,0.0,long,False,False,False,False,1.0615,9.420631182277539e-05,0.005840791333019402,0.01573245407442303,0.02958078191238811,0.07348092322185562
FIL,2026050716,1.0,2,58501.94070000035,0.0,0,58501.94070000035,100,2,1.0,0.0,2026-05-07 16:00:00+00:00,0.0,0.0,0.0,0.0,long,False,False,False,False,1.0616,0.0033911077618686836,0.016861341371514404,0.012810851544837742,0.031367746797287044,0.14365109269027876
FIL,2026050717,1.0,2,58501.94070000035,0.0,0,58501.94070000035,100,2,1.0,0.0,2026-05-07 17:00:00+00:00,0.0,0.0,0.0,0.0,long,False,False,False,False,1.0652,0.0023469770935036216,0.010608336462636148,0.03079233946676685,0.023282012767555482,0.1365940668419079
FIL,2026050718,1.0,2,58501.94070000035,0.0,0,58501.94070000035,100,2,1.0,0.0,2026-05-07 18:00:00+00:00,0.0,0.0,0.0,0.0,long,False,False,False,False,1.0677,0.0110517935749741,0.009834223096375272,0.022665542755455625,0.03409197340076808,0.12756392245012638
FIL,2026050719,1.0,2,58501.94070000035,0.0,0,58501.94070000035,100,2,1.0,0.0,2026-05-07 19:00:00+00:00,0.0,0.0,0.0,0.0,long,False,False,False,False,1.0795,-0.0027790643816580918,-0.003983325613710065,0.022139879573876753,0.018897637795275868,0.1169059749884207
FIL,2026050720,1.0,2,58501.94070000035,0.0,0,58501.94070000035,100,2,1.0,0.0,2026-05-07 20:00:00+00:00,0.0,0.0,0.0,0.0,long,False,False,False,False,1.0765,0.0015791918253600379,0.019972131908964297,0.023409196470041804,0.01699953553181599,0.12466326056665133
FIL,2026050721,1.0,2,58501.94070000035,0.0,0,58501.94070000035,100,2,1.0,0.0,2026-05-07 21:00:00+00:00,0.0,0.0,0.0,0.0,long,False,False,False,False,1.0782,-0.0027824151363384786,0.012706362455945142,0.013633834168057746,0.019105917269523154,0.14644778334260788
FIL,2026050722,1.0,2,58501.94070000035,0.0,0,58501.94070000035,100,2,1.0,0.0,2026-05-07 22:00:00+00:00,0.0,0.0,0.0,0.0,long,False,False,False,False,1.0752,0.021205357142857206,0.026227678571428603,0.018322172619047672,0.01702008928571419,0.19056919642857162
FIL,2026050723,1.0,2,58501.94070000035,0.0,0,58501.94070000035,100,2,1.0,0.0,2026-05-07 23:00:00+00:00,0.0,0.0,0.0,0.0,long,False,False,False,False,1.098,-0.005555555555555536,0.003369763205828713,-0.007285974499089298,0.006921675774134606,0.17131147540983593
FIL,2026050801,1.0,2,58501.94070000035,0.0,0,58501.94070000035,100,2,1.0,0.0,2026-05-08 01:00:00+00:00,0.0,0.0,0.0,0.0,long,False,False,False,False,1.1034,-0.001540692405292754,-0.007703462026463659,-0.0031720137756025,-0.02093529091897761,0.14201558818198312
FIL,2026050802,1.0,2,58501.94070000035,0.0,0,58501.94070000035,100,2,1.0,0.0,2026-05-08 02:00:00+00:00,0.0,0.0,0.0,0.0,long,False,False,False,False,1.1017,-0.007987655441590191,-0.010619950984841475,-0.006263048016701411,0.005355359898338907,0.17173459199419083
FIL,2026050803,1.0,2,58501.94070000035,0.0,0,58501.94070000035,100,2,1.0,0.0,2026-05-08 03:00:00+00:00,0.0,0.0,0.0,0.0,long,False,False,False,False,1.0929,0.001829993595022339,0.010247964132125587,0.005398481105316044,0.042638850764022296,0.18748284381004665
FIL,2026050804,1.0,2,58501.94070000035,0.0,0,58501.94070000035,100,2,1.0,0.0,2026-05-08 04:00:00+00:00,0.0,0.0,0.0,0.0,long,False,False,False,False,1.0949,-0.004475294547447217,0.004566627089231945,-0.0012786555849849668,0.10886838980728841,0.15754863457850043
FIL,2026050805,1.0,2,58501.94070000035,0.0,0,58501.94070000035,100,2,1.0,0.0,2026-05-08 05:00:00+00:00,0.0,0.0,0.0,0.0,long,False,False,False,False,1.09,0.012935779816513726,0.004403669724770465,0.01431192660550451,0.11073394495412847,0.16091743119266044
FIL,2026050806,1.0,2,58501.94070000035,0.0,0,58501.94070000035,100,2,1.0,0.0,2026-05-08 06:00:00+00:00,0.0,0.0,0.0,0.0,long,False,False,False,False,1.1041,-0.0038040032605741736,-0.00480028982881997,-0.009147722126618962,0.09039036319173976,0.1551489901277059
FIL,2026050807,1.0,2,58501.94070000035,0.0,0,58501.94070000035,100,2,1.0,0.0,2026-05-08 07:00:00+00:00,0.0,0.0,0.0,0.0,long,False,False,False,False,1.0999,-0.004636785162287604,-0.005818710791890336,-0.017819801800163737,0.0961905627784343,0.14883171197381584
FIL,2026050808,1.0,2,58501.94070000035,0.0,0,58501.94070000035,100,2,1.0,0.0,2026-05-08 08:00:00+00:00,0.0,0.0,0.0,0.0,long,False,False,False,False,1.0948,0.003653635367190322,0.009864815491413825,0.011691633175008986,0.10586408476434062,0.152630617464377
FIL,2026050809,1.0,2,58501.94070000035,0.0,0,58501.94070000035,100,2,1.0,0.0,2026-05-08 09:00:00+00:00,0.0,0.0,0.0,0.0,long,False,False,False,False,1.0988,-0.0048234437568257515,-0.00436840189297405,0.03704040771750994,0.12495449581361484,
FIL,2026050810,1.0,2,60702.52070000036,0.0,0,60702.52070000036,100,2,1.0,0.0,2026-05-08 10:00:00+00:00,0.0,2200.580000000009,2200.580000000009,0.0,long,True,False,False,False,1.0935,0.01106538637402843,-0.012071330589848994,0.11028806584362139,0.17064471879286702,
FIL,2026050811,1.0,2,60702.52070000036,0.0,0,60702.52070000036,100,2,1.0,0.0,2026-05-08 11:00:00+00:00,0.0,0.0,0.0,0.0,long,False,False,False,False,1.1056,-0.010492040520983958,0.0018089725036178894,0.09506150506512312,0.16325976845151957,
FIL,2026050812,1.0,2,60702.52070000036,0.0,0,60702.52070000036,100,2,1.0,0.0,2026-05-08 12:00:00+00:00,0.0,0.0,0.0,0.0,long,False,False,False,False,1.094,-0.012522851919561262,0.041590493601462386,0.10045703839122466,0.15429616087751352,
FIL,2026050813,1.0,2,60702.52070000036,0.0,0,60702.52070000036,100,2,1.0,0.0,2026-05-08 13:00:00+00:00,0.0,0.0,0.0,0.0,long,False,False,False,False,1.0803,0.025270758122743597,0.12385448486531514,0.11607886698139391,0.16643524946774035,
FIL,2026050814,1.0,2,60702.52070000036,0.0,0,60702.52070000036,100,2,1.0,0.0,2026-05-08 14:00:00+00:00,0.0,0.0,0.0,0.0,long,False,False,False,False,1.1076,0.02880101119537737,0.09308414590104741,0.09308414590104741,0.16549295774647899,
FIL,2026050815,1.0,2,60702.52070000036,0.0,0,60702.52070000036,100,2,1.0,0.0,2026-05-08 15:00:00+00:00,0.0,0.0,0.0,0.0,long,False,False,False,False,1.1395,0.06546731022378238,0.056516015796401975,0.08477402369460285,0.13892057920140433,
FIL,2026050816,1.0,2,60702.52070000036,0.0,0,60702.52070000036,100,2,1.0,0.0,2026-05-08 16:00:00+00:00,0.0,0.0,0.0,0.0,long,False,False,False,False,1.2141,-0.0028004283007988517,-0.006918705213738496,0.05436125525080304,0.0439008318919365,
FIL,2026050817,1.0,2,60702.52070000036,0.0,0,60702.52070000036,100,2,1.0,0.0,2026-05-08 17:00:00+00:00,0.0,0.0,0.0,0.0,long,False,False,False,False,1.2107,-0.005616585446436062,0.0,0.06227802097959856,0.04518047410588921,
FIL,2026050818,1.0,2,60702.52070000036,0.0,0,60702.52070000036,100,2,1.0,0.0,2026-05-08 18:00:00+00:00,0.0,0.0,0.0,0.0,long,False,False,False,False,1.2039,0.0014951407924246318,0.026746407508929426,0.04892432926322776,0.059390314810200184,
FIL,2026050819,1.0,2,60702.52070000036,0.0,0,60702.52070000036,100,2,1.0,0.0,2026-05-08 19:00:00+00:00,0.0,0.0,0.0,0.0,long,False,False,False,False,1.2057,0.004146968565978293,0.06170689226175674,0.04511901799784357,0.048021895994028396,
FIL,2026050820,1.0,2,60702.52070000036,0.0,0,60702.52070000036,100,2,1.0,0.0,2026-05-08 20:00:00+00:00,0.0,0.0,0.0,0.0,long,False,False,False,False,1.2107,0.02097959857933418,0.06227802097959856,0.06624266953002378,0.04228958453787057,
FIL,2026050821,1.0,2,60702.52070000036,0.0,0,60702.52070000036,100,2,1.0,0.0,2026-05-08 21:00:00+00:00,0.0,0.0,0.0,0.0,long,False,False,False,False,1.2361,0.03559582558045471,0.02160019415904868,0.04991505541622843,,
FIL,2026050822,1.0,2,60702.52070000036,0.0,0,60702.52070000036,100,2,1.0,0.0,2026-05-08 22:00:00+00:00,0.0,0.0,0.0,0.0,long,False,False,False,False,1.2801,0.004687133817670608,-0.015623779392235027,-0.009921099914069198,,
FIL,2026050823,1.0,2,60702.52070000036,0.0,0,60702.52070000036,100,2,1.0,0.0,2026-05-08 23:00:00+00:00,0.0,0.0,0.0,0.0,long,False,False,False,False,1.2861,-0.018116787186066463,0.003732213669232598,-0.016095171448565426,,
FIL,2026050901,1.0,2,60702.52070000036,0.0,0,60702.52070000036,100,2,1.0,0.0,2026-05-09 01:00:00+00:00,0.0,0.0,0.0,0.0,long,False,False,False,False,1.2601,0.024442504563129797,0.005793191016586041,0.0027775573367192496,,
FIL,2026050902,1.0,2,60702.52070000036,0.0,0,60702.52070000036,100,2,1.0,0.0,2026-05-09 02:00:00+00:00,0.0,0.0,0.0,0.0,long,False,False,False,False,1.2909,0.005345108064141346,-0.019753660237043835,-0.02246494693624601,,
FIL,2026050903,1.0,2,60702.52070000036,0.0,0,60702.52070000036,100,2,1.0,0.0,2026-05-09 03:00:00+00:00,0.0,0.0,0.0,0.0,long,False,False,False,False,1.2978,-0.023424256433965174,-0.01725997842502691,,,
FIL,2026050904,1.0,2,60702.52070000036,0.0,0,60702.52070000036,100,2,1.0,0.0,2026-05-09 04:00:00+00:00,0.0,0.0,0.0,0.0,long,False,False,False,False,1.2674,-0.0015780337699227154,-0.0029982641628530926,,,
FIL,2026050905,1.0,2,60702.52070000036,0.0,0,60702.52070000036,100,2,1.0,0.0,2026-05-09 05:00:00+00:00,0.0,0.0,0.0,0.0,long,False,False,False,False,1.2654,0.00790263948158687,-0.002765923818555449,,,
BASED,2026050605,1.0,2,54394.56420000056,0.0,0,54394.56420000056,100,2,1.0,0.0,2026-05-06 05:00:00+00:00,,,,,long,False,False,False,False,0.08659,0.008546021480540622,0.005427878507910933,0.025060630557801167,0.017669476844901277,0.0375332024483197
BASED,2026050606,1.0,2,54394.56420000056,0.0,0,54394.56420000056,100,2,1.0,0.0,2026-05-06 06:00:00+00:00,0.0,0.0,0.0,0.0,long,False,False,False,False,0.08733,-0.002519180121378639,0.016260162601625883,0.0009160654986830608,0.0016031146226955784,0.02851253864651304
BASED,2026050607,1.0,2,54394.56420000056,0.0,0,54394.56420000056,100,2,1.0,0.0,2026-05-06 07:00:00+00:00,0.0,0.0,0.0,0.0,long,False,False,False,False,0.08711,-0.000573986913098512,0.02605900585466636,-0.013431293766502206,0.015268051888416956,0.04075307082998503
BASED,2026050608,1.0,2,54394.56420000056,0.0,0,54394.56420000056,100,2,1.0,0.0,2026-05-06 08:00:00+00:00,0.0,0.0,0.0,0.0,long,False,False,False,False,0.08706,0.019411899839191227,0.019526763151849424,-0.003675626005054,0.03962784286698828,0.029060418102458074
BASED,2026050609,1.0,2,54394.56420000056,0.0,0,54394.56420000056,100,2,1.0,0.0,2026-05-06 09:00:00+00:00,0.0,0.0,0.0,0.0,long,False,False,False,False,0.08875,0.0070985915492958185,-0.015098591549295715,0.014197183098591637,0.0020281690140844244,0.011042253521126755
BASED,2026050610,1.0,2,54394.56420000056,0.0,0,54394.56420000056,100,2,1.0,0.0,2026-05-06 10:00:00+00:00,0.0,0.0,0.0,0.0,long,False,False,False,False,0.08938,-0.006936674871335868,-0.038487357350637685,-0.0036921011411948923,-0.013425822331617931,0.01700604162004926
BASED,2026050611,1.0,2,54394.56420000056,0.0,0,54394.56420000056,100,2,1.0,0.0,2026-05-06 11:00:00+00:00,0.0,0.0,0.0,0.0,long,False,False,False,False,0.08876,-0.015209553853086977,-0.022757999098693138,-0.007210455159981977,-0.007323118521856853,0.03999549346552489
BASED,2026050612,1.0,2,54394.56420000056,0.0,0,54394.56420000056,100,2,1.0,0.0,2026-05-06 12:00:00+00:00,0.0,0.0,0.0,0.0,long,False,False,False,False,0.08741,-0.016817297792014685,0.02974488044846124,0.0006864203180414474,0.005033748998970244,0.06532433360027445
BASED,2026050613,1.0,2,54394.56420000056,0.0,0,54394.56420000056,100,2,1.0,0.0,2026-05-06 13:00:00+00:00,0.0,0.0,0.0,0.0,long,False,False,False,False,0.08594,0.009308820107051474,0.03618803816616256,0.029090062834535857,0.01419595066325341,0.07691412613451232
BASED,2026050614,1.0,2,54394.56420000056,0.0,0,54394.56420000056,100,2,1.0,0.0,2026-05-06 14:00:00+00:00,0.0,0.0,0.0,0.0,long,False,False,False,False,0.08674,0.0376988701867651,0.015909614941203687,0.043463223426331465,0.027207747290753925,0.056144800553378005
BASED,2026050615,1.0,2,54394.56420000056,0.0,0,54394.56420000056,100,2,1.0,0.0,2026-05-06 15:00:00+00:00,0.0,0.0,0.0,0.0,long,False,False,False,False,0.09001,-0.01066548161315417,-0.028219086768136892,-0.011998666814798442,-0.017553605154982943,0.003999555604932814
BASED,2026050616,1.0,2,54394.56420000056,0.0,0,54394.56420000056,100,2,1.0,0.0,2026-05-06 16:00:00+00:00,0.0,0.0,0.0,0.0,long,False,False,False,False,0.08905,-0.010443571027512588,-0.006850084222347008,-0.009769792251544174,0.006064008983716951,0.018641212801796758
BASED,2026050617,1.0,2,54394.56420000056,0.0,0,54394.56420000056,100,2,1.0,0.0,2026-05-06 17:00:00+00:00,0.0,0.0,0.0,0.0,long,False,False,False,False,0.08812,-0.007376305038583775,0.02712210621879252,-0.00011348161597835027,0.019518837948252266,0.02144802541988211
BASED,2026050618,1.0,2,54394.56420000056,0.0,0,54394.56420000056,100,2,1.0,0.0,2026-05-06 18:00:00+00:00,0.0,0.0,0.0,0.0,long,False,False,False,False,0.08747,0.011089516405624833,0.016691437064136228,0.004344346633131213,0.026866354178575413,0.028695552760946486
BASED,2026050619,1.0,2,54394.56420000056,0.0,0,54394.56420000056,100,2,1.0,0.0,2026-05-06 19:00:00+00:00,0.0,0.0,0.0,0.0,long,False,False,False,False,0.08844,0.023405698778832917,-0.002939846223428466,-0.014473089099954817,0.025101763907733998,0.019561284486657504
BASED,2026050620,1.0,2,54394.56420000056,0.0,0,54394.56420000056,100,2,1.0,0.0,2026-05-06 20:00:00+00:00,0.0,0.0,0.0,0.0,long,False,False,False,False,0.09051,-0.017456634626008105,-0.026516407026847877,-0.015578389128273029,-0.010164622693624947,
BASED,2026050621,1.0,2,54394.56420000056,0.0,0,54394.56420000056,100,2,1.0,0.0,2026-05-06 21:00:00+00:00,0.0,0.0,0.0,0.0,long,False,False,False,False,0.08893,-0.008433599460249686,-0.012144383222759458,-0.00562239964016642,0.008995839424266405,
BASED,2026050622,1.0,2,54394.56420000056,0.0,0,54394.56420000056,100,2,1.0,0.0,2026-05-06 22:00:00+00:00,0.0,0.0,0.0,0.0,long,False,False,False,False,0.08818,-0.0007938308006351091,-0.01156724880925375,0.015990020412792072,0.030845996824676813,
BASED,2026050623,1.0,2,54394.56420000056,0.0,0,54394.56420000056,100,2,1.0,0.0,2026-05-06 23:00:00+00:00,0.0,0.0,0.0,0.0,long,False,False,False,False,0.08811,-0.0029508568834410998,0.011235955056179803,0.019634547724435514,0.04766768811712652,
BASED,2026050701,1.0,2,54394.56420000056,0.0,0,54394.56420000056,100,2,1.0,0.0,2026-05-07 01:00:00+00:00,0.0,0.0,0.0,0.0,long,False,False,False,False,0.08716,0.022257916475447503,0.027879761358421407,0.040156034878384705,0.06184029371271227,
BASED,2026050702,1.0,2,54394.56420000056,0.0,0,54394.56420000056,100,2,1.0,0.0,2026-05-07 02:00:00+00:00,0.0,0.0,0.0,0.0,long,False,False,False,False,0.0891,-0.007519640852974185,0.008305274971941667,0.005499438832772263,0.028170594837261476,
BASED,2026050703,1.0,2,54394.56420000056,0.0,0,54394.56420000056,100,2,1.0,0.0,2026-05-07 03:00:00+00:00,0.0,0.0,0.0,0.0,long,False,False,False,False,0.08843,0.013117720230691132,0.015718647517810824,0.014700893361981437,0.021938256247879817,
BASED,2026050704,1.0,2,54394.56420000056,0.0,0,54394.56420000056,100,2,1.0,0.0,2026-05-07 04:00:00+00:00,0.0,0.0,0.0,0.0,long,False,False,False,False,0.08959,0.002790490010045721,0.01194329724299581,0.014622167652639684,0.012501395245005043,
BASED,2026050705,1.0,2,54394.56420000056,0.0,0,54394.56420000056,100,2,1.0,0.0,2026-05-07 05:00:00+00:00,0.0,0.0,0.0,0.0,long,False,False,False,False,0.08984,-0.00022261798753342443,-0.002782724844167417,0.027493321460374087,0.0018922528940339411,
BASED,2026050706,1.0,2,54394.56420000056,0.0,0,54394.56420000056,100,2,1.0,0.0,2026-05-07 06:00:00+00:00,0.0,0.0,0.0,0.0,long,False,False,False,False,0.08982,0.009352037408149716,-0.0010020040080159776,0.036740146960587916,0.0017813404586952686,
BASED,2026050707,1.0,2,54394.56420000056,0.0,0,54394.56420000056,100,2,1.0,0.0,2026-05-07 07:00:00+00:00,0.0,0.0,0.0,0.0,long,False,False,False,False,0.09066,-0.01180233840723588,0.002647253474520106,0.02084712111184639,-0.005404809177145475,
BASED,2026050708,1.0,2,54394.56420000056,0.0,0,54394.56420000056,100,2,1.0,0.0,2026-05-07 08:00:00+00:00,0.0,0.0,0.0,0.0,long,False,False,False,False,0.08959,0.0015626744056256303,0.030360531309297834,0.022547159281169682,,
BASED,2026050709,1.0,2,54394.56420000056,0.0,0,54394.56420000056,100,2,1.0,0.0,2026-05-07 09:00:00+00:00,0.0,0.0,0.0,0.0,long,False,False,False,False,0.08973,0.013039117352056095,0.03778000668672665,0.007132508637022195,,
BASED,2026050710,1.0,2,54394.56420000056,0.0,0,54394.56420000056,100,2,1.0,0.0,2026-05-07 10:00:00+00:00,0.0,0.0,0.0,0.0,long,False,False,False,False,0.0909,0.0155115511551156,0.018151815181518094,-0.0020902090209020674,,
BASED,2026050711,1.0,2,54394.56420000056,0.0,0,54394.56420000056,100,2,1.0,0.0,2026-05-07 11:00:00+00:00,0.0,0.0,0.0,0.0,long,False,False,False,False,0.09231,0.008774780630484091,-0.007583143754739563,-0.024916043765572438,,
BASED,2026050712,1.0,2,54394.56420000056,0.0,0,54394.56420000056,100,2,1.0,0.0,2026-05-07 12:00:00+00:00,0.0,0.0,0.0,0.0,long,False,False,False,False,0.09312,-0.006121134020618535,-0.02953178694158065,-0.03371993127147754,,
BASED,2026050713,1.0,2,54394.56420000056,0.0,0,54394.56420000056,100,2,1.0,0.0,2026-05-07 13:00:00+00:00,0.0,0.0,0.0,0.0,long,False,False,False,False,0.09255,-0.010156672069151718,-0.019881145326850258,-0.025715829281469427,,
BASED,2026050714,1.0,2,54394.56420000056,0.0,0,54394.56420000056,100,2,1.0,0.0,2026-05-07 14:00:00+00:00,0.0,0.0,0.0,0.0,long,False,False,False,False,0.09161,-0.013535640213950373,-0.01746534221154883,,,
BASED,2026050715,1.0,2,54394.56420000056,0.0,0,54394.56420000056,100,2,1.0,0.0,2026-05-07 15:00:00+00:00,0.0,0.0,0.0,0.0,long,False,False,False,False,0.09037,0.0037623105012725144,-0.004315591457342061,,,
BASED,2026050716,1.0,2,54394.56420000056,0.0,0,54394.56420000056,100,2,1.0,0.0,2026-05-07 16:00:00+00:00,0.0,0.0,0.0,0.0,long,False,False,False,False,0.09071,-0.007716900011024097,-0.005953037151361418,,,
BASED,2026050717,1.0,2,54394.56420000056,0.0,0,54394.56420000056,100,2,1.0,0.0,2026-05-07 17:00:00+00:00,0.0,0.0,0.0,0.0,long,False,False,False,False,0.09001,-0.00033329630041112335,,,,
BASED,2026050718,1.0,2,54394.56420000056,0.0,0,54394.56420000056,100,2,1.0,0.0,2026-05-07 18:00:00+00:00,0.0,0.0,0.0,0.0,long,False,False,False,False,0.08998,0.0021115803511890796,,,,
BASED,2026050719,1.0,2,54394.56420000056,0.0,0,54394.56420000056,100,2,1.0,0.0,2026-05-07 19:00:00+00:00,0.0,0.0,0.0,0.0,long,False,False,False,False,0.09017,,,,,
BASED,2026050720,1.0,2,54394.56420000056,0.0,0,54394.56420000056,100,2,1.0,0.0,2026-05-07 20:00:00+00:00,0.0,0.0,0.0,0.0,long,False,False,False,False,,,,,,
BASED,2026050721,1.0,2,54394.56420000056,0.0,0,54394.56420000056,100,2,1.0,0.0,2026-05-07 21:00:00+00:00,0.0,0.0,0.0,0.0,long,False,False,False,False,,,,,,
BASED,2026050722,1.0,2,54394.56420000056,0.0,0,54394.56420000056,100,2,1.0,0.0,2026-05-07 22:00:00+00:00,0.0,0.0,0.0,0.0,long,False,False,False,False,,,,,,
BASED,2026050723,1.0,2,54394.56420000056,0.0,0,54394.56420000056,100,2,1.0,0.0,2026-05-07 23:00:00+00:00,0.0,0.0,0.0,0.0,long,False,False,False,False,,,,,,
BASED,2026050801,1.0,2,54394.56420000056,0.0,0,54394.56420000056,100,2,1.0,0.0,2026-05-08 01:00:00+00:00,0.0,0.0,0.0,0.0,long,False,False,False,False,,,,,,
BASED,2026050802,1.0,2,54394.56420000056,0.0,0,54394.56420000056,100,2,1.0,0.0,2026-05-08 02:00:00+00:00,0.0,0.0,0.0,0.0,long,False,False,False,False,,,,,,
BASED,2026050803,1.0,2,54394.56420000056,0.0,0,54394.56420000056,100,2,1.0,0.0,2026-05-08 03:00:00+00:00,0.0,0.0,0.0,0.0,long,False,False,False,False,,,,,,
BASED,2026050804,1.0,2,54394.56420000056,0.0,0,54394.56420000056,100,2,1.0,0.0,2026-05-08 04:00:00+00:00,0.0,0.0,0.0,0.0,long,False,False,False,False,,,,,,
BASED,2026050805,1.0,2,54394.56420000056,0.0,0,54394.56420000056,100,2,1.0,0.0,2026-05-08 05:00:00+00:00,0.0,0.0,0.0,0.0,long,False,False,False,False,,,,,,
BASED,2026050806,1.0,2,54394.56420000056,0.0,0,54394.56420000056,100,2,1.0,0.0,2026-05-08 06:00:00+00:00,0.0,0.0,0.0,0.0,long,False,False,False,False,,,,,,
BASED,2026050807,1.0,2,54394.56420000056,0.0,0,54394.56420000056,100,2,1.0,0.0,2026-05-08 07:00:00+00:00,0.0,0.0,0.0,0.0,long,False,False,False,False,,,,,,
BASED,2026050808,1.0,2,54394.56420000056,0.0,0,54394.56420000056,100,2,1.0,0.0,2026-05-08 08:00:00+00:00,0.0,0.0,0.0,0.0,long,False,False,False,False,,,,,,
BASED,2026050809,1.0,2,54394.56420000056,0.0,0,54394.56420000056,100,2,1.0,0.0,2026-05-08 09:00:00+00:00,0.0,0.0,0.0,0.0,long,False,False,False,False,,,,,,
BASED,2026050810,1.0,1,48467.68920000056,0.0,0,48467.68920000056,100,1,1.0,0.0,2026-05-08 10:00:00+00:00,-1.0,-5926.875,-5926.875,0.0,long,False,True,False,False,,,,,,
BASED,2026050811,1.0,1,48467.68920000056,0.0,0,48467.68920000056,100,1,1.0,0.0,2026-05-08 11:00:00+00:00,0.0,0.0,0.0,0.0,long,False,False,False,False,,,,,,
BASED,2026050812,1.0,1,48467.68920000056,0.0,0,48467.68920000056,100,1,1.0,0.0,2026-05-08 12:00:00+00:00,0.0,0.0,0.0,0.0,long,False,False,False,False,,,,,,
BASED,2026050813,1.0,1,48467.68920000056,0.0,0,48467.68920000056,100,1,1.0,0.0,2026-05-08 13:00:00+00:00,0.0,0.0,0.0,0.0,long,False,False,False,False,,,,,,
BASED,2026050814,1.0,1,48467.68920000056,0.0,0,48467.68920000056,100,1,1.0,0.0,2026-05-08 14:00:00+00:00,0.0,0.0,0.0,0.0,long,False,False,False,False,,,,,,
BASED,2026050815,1.0,2,54285.96820000057,0.0,0,54285.96820000057,100,2,1.0,0.0,2026-05-08 15:00:00+00:00,1.0,5818.27900000001,5818.27900000001,0.0,long,True,False,False,False,,,,,,
BASED,2026050816,1.0,1,48467.68920000056,0.0,0,48467.68920000056,100,1,1.0,0.0,2026-05-08 16:00:00+00:00,-1.0,-5818.27900000001,-5818.27900000001,0.0,long,False,True,False,False,,,,,,
BASED,2026050817,1.0,2,54231.84930000065,0.0,0,54231.84930000065,100,2,1.0,0.0,2026-05-08 17:00:00+00:00,1.0,5764.160100000088,5764.160100000088,0.0,long,True,False,False,False,,,,,,
BASED,2026050818,1.0,2,54231.84930000065,0.0,0,54231.84930000065,100,2,1.0,0.0,2026-05-08 18:00:00+00:00,0.0,0.0,0.0,0.0,long,False,False,False,False,,,,,,
BASED,2026050819,1.0,2,54231.84930000065,0.0,0,54231.84930000065,100,2,1.0,0.0,2026-05-08 19:00:00+00:00,0.0,0.0,0.0,0.0,long,False,False,False,False,,,,,,
BASED,2026050820,1.0,2,54231.84930000065,0.0,0,54231.84930000065,100,2,1.0,0.0,2026-05-08 20:00:00+00:00,0.0,0.0,0.0,0.0,long,False,False,False,False,,,,,,
BASED,2026050821,1.0,2,54231.84930000065,0.0,0,54231.84930000065,100,2,1.0,0.0,2026-05-08 21:00:00+00:00,0.0,0.0,0.0,0.0,long,False,False,False,False,,,,,,
BASED,2026050822,1.0,2,54231.84930000065,0.0,0,54231.84930000065,100,2,1.0,0.0,2026-05-08 22:00:00+00:00,0.0,0.0,0.0,0.0,long,False,False,False,False,,,,,,
BASED,2026050823,1.0,2,54231.84930000065,0.0,0,54231.84930000065,100,2,1.0,0.0,2026-05-08 23:00:00+00:00,0.0,0.0,0.0,0.0,long,False,False,False,False,,,,,,
BASED,2026050901,1.0,2,54231.84930000065,0.0,0,54231.84930000065,100,2,1.0,0.0,2026-05-09 01:00:00+00:00,0.0,0.0,0.0,0.0,long,False,False,False,False,,,,,,
BASED,2026050902,1.0,2,54231.84930000065,0.0,0,54231.84930000065,100,2,1.0,0.0,2026-05-09 02:00:00+00:00,0.0,0.0,0.0,0.0,long,False,False,False,False,,,,,,
BASED,2026050903,1.0,2,54231.84930000065,0.0,0,54231.84930000065,100,2,1.0,0.0,2026-05-09 03:00:00+00:00,0.0,0.0,0.0,0.0,long,False,False,False,False,,,,,,
BASED,2026050904,1.0,2,54231.84930000065,0.0,0,54231.84930000065,100,2,1.0,0.0,2026-05-09 04:00:00+00:00,0.0,0.0,0.0,0.0,long,False,False,False,False,,,,,,
BASED,2026050905,1.0,2,54231.84930000065,0.0,0,54231.84930000065,100,2,1.0,0.0,2026-05-09 05:00:00+00:00,0.0,0.0,0.0,0.0,long,False,False,False,False,,,,,,
IP,2026050605,1.0,3,360316.1385000007,0.0,0,360316.1385000007,100,3,1.0,0.0,2026-05-06 05:00:00+00:00,,,,,long,False,False,False,False,0.5271,-0.0018971732119142937,0.003984063745019917,0.008916714095996925,0.003604629102637036,0.018971732119142493
IP,2026050606,1.0,3,360316.1385000007,0.0,0,360316.1385000007,100,3,1.0,0.0,2026-05-06 06:00:00+00:00,0.0,0.0,0.0,0.0,long,False,False,False,False,0.5261,-0.00019007793195202627,0.007983273141988212,0.0057023379585630085,0.005892415890515146,0.024520053221821048
IP,2026050607,1.0,3,360302.9266451784,0.0,0,360302.9266451784,100,3,1.0,0.0,2026-05-06 07:00:00+00:00,0.0,-13.21185482229339,-13.21185482229339,0.0,long,False,True,False,False,0.526,0.006083650190114032,0.008935361216729998,-0.011977186311787014,0.0076045627376426506,0.02110266159695806
IP,2026050608,1.0,3,360302.9266451784,0.0,0,360302.9266451784,100,3,1.0,0.0,2026-05-06 08:00:00+00:00,0.0,0.0,0.0,0.0,long,False,False,False,False,0.5292,0.00207860922146641,0.004913076341647837,-0.020786092214663654,0.010204081632652962,0.01133786848072571
IP,2026050609,1.0,3,360302.9266451784,0.0,0,360302.9266451784,100,3,1.0,0.0,2026-05-06 09:00:00+00:00,0.0,0.0,0.0,0.0,long,False,False,False,False,0.5303,0.0007542900245143258,-0.0022628700735431995,-0.016594380539317388,0.016217235527060225,0.005845747689986691
IP,2026050610,1.0,3,360302.9266451784,0.0,0,360302.9266451784,100,3,1.0,0.0,2026-05-06 10:00:00+00:00,0.0,0.0,0.0,0.0,long,False,False,False,False,0.5307,0.0020727341247410713,-0.020727341247408937,-0.009233088373845733,0.017335594497833284,0.005652911249293346
IP,2026050611,1.0,3,360302.9266451784,0.0,0,360302.9266451784,100,3,1.0,0.0,2026-05-06 11:00:00+00:00,0.0,0.0,0.0,0.0,long,False,False,False,False,0.5318,-0.005077096652877033,-0.02557352388115841,-0.005265137269650277,0.025761564497931433,0.011094396389619954
IP,2026050612,1.0,3,360302.9266451784,0.0,0,360302.9266451784,100,3,1.0,0.0,2026-05-06 12:00:00+00:00,0.0,0.0,0.0,0.0,long,False,False,False,False,0.5291,-0.017766017766017717,-0.014364014364014466,0.0001890001890001436,0.013986013986013957,0.022302022302022273
IP,2026050613,1.0,3,360302.9266451784,0.0,0,360302.9266451784,100,3,1.0,0.0,2026-05-06 13:00:00+00:00,0.0,0.0,0.0,0.0,long,False,False,False,False,0.5197,-0.002886280546469222,0.011737540888974385,0.019819126419087896,0.01827977679430437,0.024437175293438473
IP,2026050614,1.0,3,360302.9266451784,0.0,0,360302.9266451784,100,3,1.0,0.0,2026-05-06 14:00:00+00:00,0.0,0.0,0.0,0.0,long,False,False,False,False,0.5182,0.0063681976071015,0.020841373986877798,0.03164801235044368,0.021999228097259627,0.03299884214588955
IP,2026050615,1.0,3,360302.9266451784,0.0,0,360302.9266451784,100,3,1.0,0.0,2026-05-06 15:00:00+00:00,0.0,0.0,0.0,0.0,long,False,False,False,False,0.5215,0.008245445829338616,0.014765100671141118,0.0333652924256953,0.01112176414189836,0.03259827420901251
IP,2026050616,1.0,3,360302.9266451784,0.0,0,360302.9266451784,100,3,1.0,0.0,2026-05-06 16:00:00+00:00,0.0,0.0,0.0,0.0,long,False,False,False,False,0.5258,0.006085964244959996,0.007987828071509995,0.026816279954355204,0.01445416508177999,0.013313046785850213
IP,2026050617,1.0,3,360302.9266451784,0.0,0,360302.9266451784,100,3,1.0,0.0,2026-05-06 17:00:00+00:00,0.0,0.0,0.0,0.0,long,False,False,False,False,0.529,0.0003780718336483524,0.010586011342154977,0.031190926275992403,0.015311909262759826,0.015500945179584003
IP,2026050618,1.0,3,360302.9266451784,0.0,0,360302.9266451784,100,3,1.0,0.0,2026-05-06 18:00:00+00:00,0.0,0.0,0.0,0.0,long,False,False,False,False,0.5292,0.0015117157974300355,0.018329554043839735,0.013794406651549407,0.0185185185185186,0.01776266061980336
IP,2026050619,1.0,3,360302.9266451784,0.0,0,360302.9266451784,100,3,1.0,0.0,2026-05-06 19:00:00+00:00,0.0,0.0,0.0,0.0,long,False,False,False,False,0.53,0.008679245283018666,0.018679245283018897,-0.0015094339622642172,0.013396226415094414,0.0337735849056604
IP,2026050620,1.0,3,360302.9266451784,0.0,0,360302.9266451784,100,3,1.0,0.0,2026-05-06 20:00:00+00:00,0.0,0.0,0.0,0.0,long,False,False,False,False,0.5346,0.008043396932285951,0.020389075944631463,-0.009352787130564866,0.001122334455667895,0.01683501683501687
IP,2026050621,1.0,3,360302.9266451784,0.0,0,360302.9266451784,100,3,1.0,0.0,2026-05-06 21:00:00+00:00,0.0,0.0,0.0,0.0,long,False,False,False,False,0.5389,0.001855631842642369,-0.00445351642234193,-0.021525329374652125,-0.010205975134533474,0.005381332343662892
IP,2026050622,1.0,3,360302.9266451784,0.0,0,360302.9266451784,100,3,1.0,0.0,2026-05-06 22:00:00+00:00,0.0,0.0,0.0,0.0,long,False,False,False,False,0.5399,0.010372291165030356,-0.01981848490461202,-0.012039266530839199,-0.011483608075569696,-0.0020374143359883634
IP,2026050623,1.0,3,360302.9266451784,0.0,0,360302.9266451784,100,3,1.0,0.0,2026-05-06 23:00:00+00:00,0.0,0.0,0.0,0.0,long,False,False,False,False,0.5455,-0.016498625114573784,-0.029147571035747055,-0.015398716773602161,-0.01429880843263065,0.0058661778185151725
IP,2026050701,1.0,3,360302.9266451784,0.0,0,360302.9266451784,100,3,1.0,0.0,2026-05-07 01:00:00+00:00,0.0,0.0,0.0,0.0,long,False,False,False,False,0.5292,0.0007558578987150177,0.007936507936507908,0.014928193499622155,0.006046863189720364,0.04308390022675734
IP,2026050702,1.0,3,360302.9266451784,0.0,0,360302.9266451784,100,3,1.0,0.0,2026-05-07 02:00:00+00:00,0.0,0.0,0.0,0.0,long,False,False,False,False,0.5296,-0.004342900302114705,0.014161631419939757,0.010574018126888296,0.010762839879154162,0.020959214501510504
IP,2026050703,1.0,3,360302.9266451784,0.0,0,360302.9266451784,100,3,1.0,0.0,2026-05-07 03:00:00+00:00,0.0,0.0,0.0,0.0,long,False,False,False,False,0.5273,0.01156836715342302,0.022188507490991993,0.01156836715342302,0.0212402806751375,0.02617106011758019
IP,2026050704,1.0,3,360302.9266451784,0.0,0,360302.9266451784,100,3,1.0,0.0,2026-05-07 04:00:00+00:00,0.0,0.0,0.0,0.0,long,False,False,False,False,0.5334,0.0069366329208848665,0.0069366329208848665,0.0005624296962878361,-0.0011248593925757833,0.020997375328083878
IP,2026050705,1.0,3,360302.9266451784,0.0,0,360302.9266451784,100,3,1.0,0.0,2026-05-07 05:00:00+00:00,0.0,0.0,0.0,0.0,long,False,False,False,False,0.5371,0.0035375162911934765,-0.0035375162911934765,0.0011171104077452032,0.00018618506795742285,0.012474399553155768
IP,2026050706,1.0,3,360302.9266451784,0.0,0,360302.9266451784,100,3,1.0,0.0,2026-05-07 06:00:00+00:00,0.0,0.0,0.0,0.0,long,False,False,False,False,0.539,-0.003525046382189312,-0.010389610389610504,0.003525046382189201,-0.0007421150278293931,0.005936920222634479
IP,2026050707,1.0,3,360302.9266451784,0.0,0,360302.9266451784,100,3,1.0,0.0,2026-05-07 07:00:00+00:00,0.0,0.0,0.0,0.0,long,False,False,False,False,0.5371,-0.0035375162911934765,-0.006330292310556818,-0.008750698194004869,0.020107987339415434,0.009123068329919937
IP,2026050708,1.0,3,360302.9266451784,0.0,0,360302.9266451784,100,3,1.0,0.0,2026-05-07 08:00:00+00:00,0.0,0.0,0.0,0.0,long,False,False,False,False,0.5352,-0.0033632286995516347,0.004671150971599314,0.00018684603886387485,0.015695067264573925,0.014200298953662038
IP,2026050709,1.0,3,360302.9266451784,0.0,0,360302.9266451784,100,3,1.0,0.0,2026-05-07 09:00:00+00:00,0.0,0.0,0.0,0.0,long,False,False,False,False,0.5334,0.0005624296962878361,0.014060742407199234,0.009561304836895435,0.015748031496062964,0.017247844019497638
IP,2026050710,1.0,3,360302.9266451784,0.0,0,360302.9266451784,100,3,1.0,0.0,2026-05-07 10:00:00+00:00,0.0,0.0,0.0,0.0,long,False,False,False,False,0.5337,0.007494847292486506,-0.0024358253700580423,-0.001686340640809303,0.009555930297920234,0.018175004684279683
IP,2026050711,1.0,3,360302.9266451784,0.0,0,360302.9266451784,100,3,1.0,0.0,2026-05-07 11:00:00+00:00,0.0,0.0,0.0,0.0,long,False,False,False,False,0.5377,0.005951273944578839,-0.0044634554584339625,-0.0009298865538402978,0.02045750418448944,0.005207364701506512
IP,2026050712,1.0,3,360302.9266451784,0.0,0,360302.9266451784,100,3,1.0,0.0,2026-05-07 12:00:00+00:00,0.0,0.0,0.0,0.0,long,False,False,False,False,0.5409,-0.01571454982436693,-0.004437049362174261,-0.004252172305417079,0.013680902200036815,-0.0024034017378444794
IP,2026050713,1.0,3,360302.9266451784,0.0,0,360302.9266451784,100,3,1.0,0.0,2026-05-07 13:00:00+00:00,0.0,0.0,0.0,0.0,long,False,False,False,False,0.5324,0.005447032306536537,0.0007513148009017367,0.029113448534936248,0.03681442524417733,0.007513148009015813
IP,2026050714,1.0,3,360302.9266451784,0.0,0,360302.9266451784,100,3,1.0,0.0,2026-05-07 14:00:00+00:00,0.0,0.0,0.0,0.0,long,False,False,False,False,0.5353,0.0059779562861945745,0.0035494115449281605,0.01550532411731731,0.010087801232953497,0.009340556697179148
IP,2026050715,1.0,4,361402.5376451784,0.0,0,361402.5376451784,100,4,1.0,0.0,2026-05-07 15:00:00+00:00,1.0,1099.6109999999753,1099.6109999999753,0.0,long,True,False,False,False,0.5385,-0.010584958217270013,0.00018570102135551103,0.006128133704735417,0.004828226555246173,0.002971216341689953
IP,2026050716,1.0,4,361402.5376451784,0.0,0,361402.5376451784,100,4,1.0,0.0,2026-05-07 16:00:00+00:00,0.0,0.0,0.0,0.0,long,False,False,False,False,0.5328,0.008258258258258211,0.028340840840840764,0.011261261261261035,0.02214714714714705,0.017079579579579507
IP,2026050717,1.0,4,363402.3676451784,0.0,0,363402.3676451784,100,4,1.0,0.0,2026-05-07 17:00:00+00:00,0.0,1999.8300000000163,1999.8300000000163,0.0,long,True,False,False,False,0.5372,0.002606105733432562,0.01191362620997749,0.02140729709605349,0.012285927029039412,0.015078183172003046
IP,2026050718,1.0,4,363402.3676451784,0.0,0,363402.3676451784,100,4,1.0,0.0,2026-05-07 18:00:00+00:00,0.0,0.0,0.0,0.0,long,False,False,False,False,0.5386,0.017266988488674473,0.005941329372447068,0.018009654660230412,0.0066839955440030074,0.022465651689565602
IP,2026050719,1.0,4,363402.3676451784,0.0,0,363402.3676451784,100,4,1.0,0.0,2026-05-07 19:00:00+00:00,0.0,0.0,0.0,0.0,long,False,False,False,False,0.5479,-0.007848147472166556,-0.01660887023179436,0.007483117357181879,-0.010768388392042416,0.0069355721847050855
IP,2026050720,1.0,4,363402.3676451784,0.0,0,363402.3676451784,100,4,1.0,0.0,2026-05-07 20:00:00+00:00,0.0,0.0,0.0,0.0,long,False,False,False,False,0.5436,-0.0033112582781457123,0.009381898454746018,-0.005334805003679222,-0.0014716703458426128,0.015636497424577067
IP,2026050721,1.0,4,320102.38118517824,0.0,0,320102.38118517824,100,4,1.0,0.0,2026-05-07 21:00:00+00:00,0.0,-43299.98646000016,-43299.98646000016,0.0,long,False,True,False,False,0.5418,-0.0055370985603543366,0.01199704688076797,-0.0012919896640825046,0.0014765596160946082,0.024916943521594792
IP,2026050722,1.0,4,320102.38118517824,0.0,0,320102.38118517824,100,4,1.0,0.0,2026-05-07 22:00:00+00:00,0.0,0.0,0.0,0.0,long,False,False,False,False,0.5388,0.01837416481069054,0.02449888641425413,0.010764662212323639,0.008537490720118779,0.030809205642167825
IP,2026050723,1.0,4,324102.03618517827,0.0,0,324102.03618517827,100,4,1.0,0.0,2026-05-07 23:00:00+00:00,0.0,3999.655000000028,3999.655000000028,0.0,long,True,False,False,False,0.5487,-0.0007289958082740133,-0.014579916165482043,-0.008930198651357801,-0.014944414069619105,0.027701840714415837
IP,2026050801,1.0,3,316307.04184000054,0.0,0,316307.04184000054,100,3,1.0,0.0,2026-05-08 01:00:00+00:00,-1.0,-7794.994345177722,-7794.994345177722,0.0,long,False,True,False,False,0.552,-0.020471014492753792,-0.013405797101449402,-0.018115942028985477,-0.02826086956521745,0.05652173913043468
IP,2026050802,1.0,3,316307.04184000054,0.0,0,316307.04184000054,100,3,1.0,0.0,2026-05-08 02:00:00+00:00,0.0,0.0,0.0,0.0,long,False,False,False,False,0.5407,0.0007397817643797211,0.005733308673941062,0.0038838542629924255,-0.000739781764379388,0.09802108378028485
IP,2026050803,1.0,3,316307.04184000054,0.0,0,316307.04184000054,100,3,1.0,0.0,2026-05-08 03:00:00+00:00,0.0,0.0,0.0,0.0,long,False,False,False,False,0.5411,0.006468305304010213,0.0020328959526889623,0.0027721308445758375,-0.001848087229717299,0.07429310663463307
IP,2026050804,1.0,3,275893.7211440004,0.0,0,275893.7211440004,100,3,1.0,0.0,2026-05-08 04:00:00+00:00,0.0,-40413.320696000126,-40413.320696000126,0.0,long,False,True,False,False,0.5446,-0.0014689680499450075,-0.004774146162320858,-0.0022034520749173447,-0.004957767168563998,0.06279838413514516
IP,2026050805,1.0,3,275893.7211440004,0.0,0,275893.7211440004,100,3,1.0,0.0,2026-05-08 05:00:00+00:00,0.0,0.0,0.0,0.0,long,False,False,False,False,0.5438,-0.0029422581831554107,-0.0018389113644722288,-0.006068407502758277,0.0027583670467083987,0.06381022434718653
IP,2026050806,1.0,3,275893.7211440004,0.0,0,275893.7211440004,100,3,1.0,0.0,2026-05-08 06:00:00+00:00,0.0,0.0,0.0,0.0,long,False,False,False,False,0.5422,-0.00036886757653997737,0.0007377351530799547,-0.004795278495020372,0.01567687200295076,0.06528956104758388
IP,2026050807,1.0,3,275893.7211440004,0.0,0,275893.7211440004,100,3,1.0,0.0,2026-05-08 07:00:00+00:00,0.0,0.0,0.0,0.0,long,False,False,False,False,0.542,0.0014760147601473594,0.0025830258302581566,-0.010332103321033292,0.017896678966789592,0.05664206642066416
IP,2026050808,1.0,3,275893.7211440004,0.0,0,275893.7211440004,100,3,1.0,0.0,2026-05-08 08:00:00+00:00,0.0,0.0,0.0,0.0,long,False,False,False,False,0.5428,-0.0003684598378775883,-0.004237288135593209,-0.004605747973470797,0.017133382461311797,0.06208548268238778
IP,2026050809,1.0,3,275893.7211440004,0.0,0,275893.7211440004,100,3,1.0,0.0,2026-05-08 09:00:00+00:00,0.0,0.0,0.0,0.0,long,False,False,False,False,0.5426,0.0014743826022853845,-0.005528934758569859,-0.004607445632141438,0.02340582381127909,
IP,2026050810,1.0,3,275893.7211440004,0.0,0,275893.7211440004,100,3,1.0,0.0,2026-05-08 10:00:00+00:00,0.0,0.0,0.0,0.0,long,False,False,False,False,0.5434,-0.0053367684946632465,-0.012881854987118135,-0.002760397497239553,0.022083179977916867,
IP,2026050811,1.0,3,275893.7211440004,0.0,0,275893.7211440004,100,3,1.0,0.0,2026-05-08 11:00:00+00:00,0.0,0.0,0.0,0.0,long,False,False,False,False,0.5405,-0.0016651248843663202,-0.00037002775208139216,0.008880666049953856,0.04329324699352455,
IP,2026050812,1.0,3,275893.7211440004,0.0,0,275893.7211440004,100,3,1.0,0.0,2026-05-08 12:00:00+00:00,0.0,0.0,0.0,0.0,long,False,False,False,False,0.5396,-0.005930318754633013,0.0009266123054114672,0.02057079318013333,0.059488510007412954,
IP,2026050813,1.0,3,275893.7211440004,0.0,0,275893.7211440004,100,3,1.0,0.0,2026-05-08 13:00:00+00:00,0.0,0.0,0.0,0.0,long,False,False,False,False,0.5364,0.00727069351230436,0.01025354213273677,0.028523489932885893,0.08724832214765121,
IP,2026050814,1.0,3,275893.7211440004,0.0,0,275893.7211440004,100,3,1.0,0.0,2026-05-08 14:00:00+00:00,0.0,0.0,0.0,0.0,long,False,False,False,False,0.5403,-0.000370164723301869,0.009254118082546725,0.02183971867481027,0.09883398112159902,
IP,2026050815,1.0,3,275893.7211440004,0.0,0,275893.7211440004,100,3,1.0,0.0,2026-05-08 15:00:00+00:00,0.0,0.0,0.0,0.0,long,False,False,False,False,0.5401,0.003332716163673366,0.01962599518607644,0.028142936493241955,0.07628216996852433,
IP,2026050816,1.0,3,275893.7211440004,0.0,0,275893.7211440004,100,3,1.0,0.0,2026-05-08 16:00:00+00:00,0.0,0.0,0.0,0.0,long,False,False,False,False,0.5419,0.0062742203358552295,0.0180845174386417,0.024912345451190143,0.0680937442332532,
IP,2026050817,1.0,3,275893.7211440004,0.0,0,275893.7211440004,100,3,1.0,0.0,2026-05-08 17:00:00+00:00,0.0,0.0,0.0,0.0,long,False,False,False,False,0.5453,0.009902805794975267,0.01247019988996878,0.034109664404914586,0.06088391710984786,
IP,2026050818,1.0,3,247027.06350400037,0.0,0,247027.06350400037,100,3,1.0,0.0,2026-05-08 18:00:00+00:00,0.0,-28866.65764000005,-28866.65764000005,0.0,long,False,True,False,False,0.5507,0.0018158707100055516,0.008353005266025226,0.03813328491011436,0.04884692209914654,
IP,2026050819,1.0,3,247027.06350400037,0.0,0,247027.06350400037,100,3,1.0,0.0,2026-05-08 19:00:00+00:00,0.0,0.0,0.0,0.0,long,False,False,False,False,0.5517,0.0007250317201379364,0.006706543411274302,0.057096247960848334,0.03806416530723222,
IP,2026050820,1.0,3,247027.06350400037,0.0,0,247027.06350400037,100,3,1.0,0.0,2026-05-08 20:00:00+00:00,0.0,0.0,0.0,0.0,long,False,False,False,False,0.5521,0.005796051439956429,0.021372939684839665,0.07534866871943491,0.04419489222966844,
IP,2026050821,1.0,3,247027.06350400037,0.0,0,247027.06350400037,100,3,1.0,0.0,2026-05-08 21:00:00+00:00,0.0,0.0,0.0,0.0,long,False,False,False,False,0.5553,0.00018008283810555525,0.02953358544930662,0.04682153790743748,,
IP,2026050822,1.0,3,247027.06350400037,0.0,0,247027.06350400037,100,3,1.0,0.0,2026-05-08 22:00:00+00:00,0.0,0.0,0.0,0.0,long,False,False,False,False,0.5554,0.015304285199855938,0.050054015124234796,0.042131796903132734,,
IP,2026050823,1.0,3,247027.06350400037,0.0,0,247027.06350400037,100,3,1.0,0.0,2026-05-08 23:00:00+00:00,0.0,0.0,0.0,0.0,long,False,False,False,False,0.5639,0.01383223975882264,0.052846249334988604,0.02589111544600109,,
IP,2026050901,1.0,3,247027.06350400037,0.0,0,247027.06350400037,100,3,1.0,0.0,2026-05-09 01:00:00+00:00,0.0,0.0,0.0,0.0,long,False,False,False,False,0.5832,0.01800411522633727,-0.007544581618655788,-0.018004115226337603,,
IP,2026050902,1.0,3,247027.06350400037,0.0,0,247027.06350400037,100,3,1.0,0.0,2026-05-09 02:00:00+00:00,0.0,0.0,0.0,0.0,long,False,False,False,False,0.5937,-0.020885969344786925,-0.025602155971029106,-0.028970860704059298,,
IP,2026050903,1.0,3,218160.40586400023,0.0,0,218160.40586400023,100,3,1.0,0.0,2026-05-09 03:00:00+00:00,0.0,-28866.657640000136,-28866.657640000136,0.0,long,False,True,False,False,0.5813,-0.004300705315671838,-0.0063650438671942755,,,
IP,2026050904,1.0,3,189293.74822400016,0.0,0,189293.74822400016,100,3,1.0,0.0,2026-05-09 04:00:00+00:00,0.0,-28866.657640000078,-28866.657640000078,0.0,long,False,True,False,False,0.5788,-0.0005183137525914816,-0.010539046302695199,,,
IP,2026050905,1.0,3,189293.74822400016,0.0,0,189293.74822400016,100,3,1.0,0.0,2026-05-09 05:00:00+00:00,0.0,0.0,0.0,0.0,long,False,False,False,False,0.5785,-0.0015557476231633505,-0.0034572169403630504,,,
INTC,2026050605,0.0,0,-4996.9,1.0,1,4996.9,100,1,0.0,1.0,2026-05-06 05:00:00+00:00,,,,,short,False,False,False,False,114.5,-0.0032314410480349665,0.018689956331877644,-0.011091703056768543,-0.02986899563318779,-0.01965065502183405
INTC,2026050606,0.0,0,-4996.9,1.0,1,4996.9,100,1,0.0,1.0,2026-05-06 06:00:00+00:00,0.0,0.0,0.0,0.0,short,False,False,False,False,114.13,-0.0010514325768858912,0.007272408656794793,-0.014106720406553919,-0.015245772364847032,-0.015508630509068588
INTC,2026050607,0.0,0,-4996.9,1.0,1,4996.9,100,1,0.0,1.0,2026-05-06 07:00:00+00:00,0.0,0.0,0.0,0.0,short,False,False,False,False,114.01,0.02306815191649858,0.0073677747566001095,-0.025874923252346305,-0.007543197965090731,-0.012279624594333849
INTC,2026050608,0.0,0,-4996.9,1.0,1,4996.9,100,1,0.0,1.0,2026-05-06 08:00:00+00:00,0.0,0.0,0.0,0.0,short,False,False,False,False,116.64,-0.01440329218107006,-0.029235253772290748,-0.05418381344307277,-0.03712277091906724,-0.04732510288065839
INTC,2026050609,0.0,0,-4996.9,1.0,1,4996.9,100,1,0.0,1.0,2026-05-06 09:00:00+00:00,0.0,0.0,0.0,0.0,short,False,False,False,False,114.96,-0.0009568545581071231,-0.021224773834377153,-0.033837856645789866,-0.042536534446764085,-0.038448155880306034
INTC,2026050610,0.0,0,-4996.9,1.0,1,4996.9,100,1,0.0,1.0,2026-05-06 10:00:00+00:00,0.0,0.0,0.0,0.0,short,False,False,False,False,114.85,-0.014105354810622472,-0.03299956464954279,-0.032825424466695674,-0.030648672181105785,-0.03813670004353498
INTC,2026050611,0.0,0,-4996.9,1.0,1,4996.9,100,1,0.0,1.0,2026-05-06 11:00:00+00:00,0.0,0.0,0.0,0.0,short,False,False,False,False,113.23,-0.00627042303276526,-0.025699902852601042,-0.018987900733021368,-0.017663163472577903,-0.028437693190850433
INTC,2026050612,0.0,0,-4996.9,1.0,1,4996.9,100,1,0.0,1.0,2026-05-06 12:00:00+00:00,0.0,0.0,0.0,0.0,short,False,False,False,False,112.52,-0.012975471027372842,-0.012886597938144395,-0.00115535015997148,-0.007820831852115129,-0.02568432278706012
INTC,2026050613,0.0,0,-4996.9,1.0,1,4996.9,100,1,0.0,1.0,2026-05-06 13:00:00+00:00,0.0,0.0,0.0,0.0,short,False,False,False,False,111.06,-0.006663065009904656,0.00018008283810555525,0.01881865658202786,0.00432198811453266,0.010534846029173428
INTC,2026050614,0.0,0,-4996.9,1.0,1,4996.9,100,1,0.0,1.0,2026-05-06 14:00:00+00:00,0.0,0.0,0.0,0.0,short,False,False,False,False,110.32,0.006798404641044309,0.006889050036258171,0.01803843364757074,0.01840101522842641,0.02492748368382891
INTC,2026050615,0.0,0,-4996.9,1.0,1,4996.9,100,1,0.0,1.0,2026-05-06 15:00:00+00:00,0.0,0.0,0.0,0.0,short,False,False,False,False,111.07,9.003331232571021e-05,0.011884397226973986,-0.009003331232556033,0.008463131358602771,-0.0004501665616277739
INTC,2026050616,0.0,0,-4996.9,1.0,1,4996.9,100,1,0.0,1.0,2026-05-06 16:00:00+00:00,0.0,0.0,0.0,0.0,short,False,False,False,False,111.08,0.0,0.018635217861001196,0.002250630176449331,0.009002520705797545,-0.0008102268635218346
INTC,2026050617,0.0,0,-4996.9,1.0,1,4996.9,100,1,0.0,1.0,2026-05-06 17:00:00+00:00,0.0,0.0,0.0,0.0,short,False,False,False,False,111.08,0.01179330212459484,0.011073100468131036,0.0013503781058696873,0.010532949225783295,0.0006301764494058837
INTC,2026050618,0.0,0,-4996.9,1.0,1,4996.9,100,1,0.0,1.0,2026-05-06 18:00:00+00:00,0.0,0.0,0.0,0.0,short,False,False,False,False,112.39,0.006762167452620371,-0.02064240590799904,-0.006673191565085834,-0.0002669276626035,-0.02384553785924015
INTC,2026050619,0.0,0,-4996.9,1.0,1,4996.9,100,1,0.0,1.0,2026-05-06 19:00:00+00:00,0.0,0.0,0.0,0.0,short,False,False,False,False,113.15,-0.007423773751657148,-0.016084843128590376,-0.014228899690676089,-0.004772425983208151,-0.02934158197083525
INTC,2026050620,0.0,0,-4996.9,1.0,1,4996.9,100,1,0.0,1.0,2026-05-06 20:00:00+00:00,0.0,0.0,0.0,0.0,short,False,False,False,False,112.31,-0.01994479565488383,-0.009616240762176154,0.00035615706526570534,-0.010595672691656954,-0.025109073101237667
INTC,2026050621,0.0,0,-4996.9,1.0,1,4996.9,100,1,0.0,1.0,2026-05-06 21:00:00+00:00,0.0,0.0,0.0,0.0,short,False,False,False,False,110.07,0.011447260834014816,0.014263650404288342,0.017625147633324456,0.004270009993640578,-0.02498410102661941
INTC,2026050622,0.0,0,-4996.9,1.0,1,4996.9,100,1,0.0,1.0,2026-05-06 22:00:00+00:00,0.0,0.0,0.0,0.0,short,False,False,False,False,111.33,-0.0008982304859426193,0.0018862840204796338,0.006736728644570089,-0.007724782179107104,-0.03170753615377708
INTC,2026050817,0.0,0,-55794.497,1.0,1,55794.497,100,1,0.0,1.0,2026-05-08 17:00:00+00:00,0.0,50797.597,-50797.597,0.0,short,False,False,True,False,125.58,-0.009157509157509125,-0.003822264691829891,0.005175983436852993,0.007644529383659782,
INTC,2026050818,0.0,0,-55794.497,1.0,1,55794.497,100,1,0.0,1.0,2026-05-08 18:00:00+00:00,0.0,0.0,0.0,0.0,short,False,False,False,False,124.43,0.0056256529775775554,0.01591256127943419,0.016073294221650825,0.017198424817166158,
INTC,2026050819,0.0,0,-55794.497,1.0,1,55794.497,100,1,0.0,1.0,2026-05-08 19:00:00+00:00,0.0,0.0,0.0,0.0,short,False,False,False,False,125.13,-0.0002397506593143639,0.009030608167505783,0.010069527691201285,0.011028530328458519,
INTC,2026050820,0.0,0,-55794.497,1.0,1,55794.497,100,1,0.0,1.0,2026-05-08 20:00:00+00:00,0.0,0.0,0.0,0.0,short,False,False,False,False,125.1,0.010471622701838657,0.009032773780975223,0.008473221422861776,0.011191047162270262,
INTC,2026050821,0.0,0,-55794.497,1.0,1,55794.497,100,1,0.0,1.0,2026-05-08 21:00:00+00:00,0.0,0.0,0.0,0.0,short,False,False,False,False,126.41,-0.0011866149829917738,0.00015821533106574748,-0.00031643066213105087,,
INTC,2026050822,0.0,0,-55794.497,1.0,1,55794.497,100,1,0.0,1.0,2026-05-08 22:00:00+00:00,0.0,0.0,0.0,0.0,short,False,False,False,False,126.26,-0.00023760494218283412,0.0010296214161253925,0.0019008395374622289,,
INTC,2026050823,0.0,0,-61654.931,1.0,1,61654.931,100,1,0.0,1.0,2026-05-08 23:00:00+00:00,0.0,5860.433999999994,-5860.433999999994,0.0,short,False,False,True,False,126.23,0.0015844094113919294,-0.0005545432939871864,0.002455834587657524,,
INTC,2026050901,0.5,1,-17613.115,0.5,1,117586.271,100,2,0.4251055635,0.5748944365,2026-05-09 01:00:00+00:00,1.0,55931.34,44041.81599999999,0.4251055635,short,False,False,False,False,126.39,-0.0018197642218530374,0.0008703220191470518,0.0009494422027058746,,
INTC,2026050902,0.3333333333,1,-17676.780000000002,0.6666666667,2,117649.936,100,3,0.4248755222,0.5751244778,2026-05-09 02:00:00+00:00,1.0,63.66500000000815,-63.66500000000087,-0.00023004129999998346,short,False,False,False,False,126.16,0.001664552948636766,0.003012048192771122,0.0026949904882689335,,
INTC,2026050903,0.5,1,-17613.115,0.5,1,117586.271,100,2,0.4251055635,0.5748944365,2026-05-09 03:00:00+00:00,-1.0,-63.66500000000815,63.66500000000087,0.00023004129999998346,short,False,False,False,False,126.37,0.0010287251721134982,0.0015826541109440484,,,
INTC,2026050904,0.5,1,-17613.115,0.5,1,117586.271,100,2,0.4251055635,0.5748944365,2026-05-09 04:00:00+00:00,0.0,0.0,0.0,0.0,short,False,False,False,False,126.5,0.0003162055335967917,7.905138339925344e-05,,,
INTC,2026050905,0.5,1,-17613.115,0.5,1,117586.271,100,2,0.4251055635,0.5748944365,2026-05-09 05:00:00+00:00,0.0,0.0,0.0,0.0,short,False,False,False,False,126.54,0.0002370791844474862,-0.000316105579263537,,,
HYPE,2026050605,1.0,2,87062.74356814743,0.0,0,87062.74356814743,100,2,1.0,0.0,2026-05-06 05:00:00+00:00,,,,,long,False,False,False,False,44.0,0.004318181818181666,0.0072727272727273196,0.01477272727272716,-0.023409090909090935,-0.024318181818181794
HYPE,2026050606,1.0,2,87121.8357489835,0.0,0,87121.8357489835,100,2,1.0,0.0,2026-05-06 06:00:00+00:00,0.0,59.09218083607266,59.09218083607266,0.0,long,True,False,False,False,44.19,0.004525910839556557,-0.0038470242136228183,0.0031681375876895235,-0.024213622991627104,-0.0248925096175604
HYPE,2026050607,1.0,2,87121.8357489835,0.0,0,87121.8357489835,100,2,1.0,0.0,2026-05-06 07:00:00+00:00,0.0,0.0,0.0,0.0,long,False,False,False,False,44.39,-0.0015769317413831807,0.0013516557783284089,-0.011714350078846691,-0.025906735751295318,-0.024329804009912137
HYPE,2026050608,1.0,2,143542.6147489835,0.0,0,143542.6147489835,100,2,1.0,0.0,2026-05-06 08:00:00+00:00,0.0,56420.778999999995,56420.778999999995,0.0,long,True,False,False,False,44.32,-0.006768953068592043,0.007445848375451147,-0.01534296028880866,-0.026398916967509067,-0.03339350180505407
HYPE,2026050609,1.0,2,143542.6147489835,0.0,0,143542.6147489835,100,2,1.0,0.0,2026-05-06 09:00:00+00:00,0.0,0.0,0.0,0.0,long,False,False,False,False,44.02,0.00976828714220801,0.007042253521126751,-0.01113130395274875,-0.018627896410722378,-0.027941844616083733
HYPE,2026050610,1.0,2,143542.6147489835,0.0,0,143542.6147489835,100,2,1.0,0.0,2026-05-06 10:00:00+00:00,0.0,0.0,0.0,0.0,long,False,False,False,False,44.45,0.004499437570303577,-0.01304836895388084,-0.025196850393700898,-0.03284589426321716,-0.03982002249718797
HYPE,2026050611,1.0,2,143542.6147489835,0.0,0,143542.6147489835,100,2,1.0,0.0,2026-05-06 11:00:00+00:00,0.0,0.0,0.0,0.0,long,False,False,False,False,44.65,-0.007166853303471443,-0.02262038073908168,-0.03762597984322513,-0.034714445688689755,-0.04255319148936165
HYPE,2026050612,1.0,2,143542.6147489835,0.0,0,143542.6147489835,100,2,1.0,0.0,2026-05-06 12:00:00+00:00,0.0,0.0,0.0,0.0,long,False,False,False,False,44.33,-0.010376720054139477,-0.018046469659372844,-0.027295285359801524,-0.03316038799909771,-0.028197608842770117
HYPE,2026050613,1.0,2,143542.6147489835,0.0,0,143542.6147489835,100,2,1.0,0.0,2026-05-06 13:00:00+00:00,0.0,0.0,0.0,0.0,long,False,False,False,False,43.87,-0.0052427627080008365,-0.012309095053567365,-0.014360610895828518,-0.027809436972874413,-0.030544791429222617
HYPE,2026050614,1.0,2,143542.6147489835,0.0,0,143542.6147489835,100,2,1.0,0.0,2026-05-06 14:00:00+00:00,0.0,0.0,0.0,0.0,long,False,False,False,False,43.64,-0.0025206232813932417,-0.015352887259395098,-0.011228230980751652,-0.024977085242896546,-0.03139321723189725
HYPE,2026050615,1.0,2,143542.6147489835,0.0,0,143542.6147489835,100,2,1.0,0.0,2026-05-06 15:00:00+00:00,0.0,0.0,0.0,0.0,long,False,False,False,False,43.53,-0.0045945325063175835,-0.009418791637950896,-0.007580978635423841,-0.028486101539168418,-0.03285090742016994
HYPE,2026050616,1.0,2,143542.6147489835,0.0,0,143542.6147489835,100,2,1.0,0.0,2026-05-06 16:00:00+00:00,0.0,0.0,0.0,0.0,long,False,False,False,False,43.33,-0.00830833141010845,-0.002077082852527057,-0.007846757442880103,-0.015231940918532083,-0.030002307869836042
HYPE,2026050617,1.0,2,143514.61392668865,0.0,0,143514.61392668865,100,2,1.0,0.0,2026-05-06 17:00:00+00:00,0.0,-28.000822294852696,-28.000822294852696,0.0,long,False,True,False,False,42.97,0.003490807540144303,0.004188969048173119,0.0030253665347916847,-0.0009308820107051252,-0.013730509657900791
HYPE,2026050618,1.0,2,150196.84992668865,0.0,0,150196.84992668865,100,2,1.0,0.0,2026-05-06 18:00:00+00:00,0.0,6682.236000000004,6682.236000000004,0.0,long,True,False,False,False,43.12,0.002782931354360141,0.0018552875695734272,-0.006029684601113083,-0.0006957328385898132,-0.01948051948051943
HYPE,2026050619,1.0,2,150196.84992668865,0.0,0,150196.84992668865,100,2,1.0,0.0,2026-05-06 19:00:00+00:00,0.0,0.0,0.0,0.0,long,False,False,False,False,43.24,-0.002081406105458039,-0.005781683626271961,-0.01364477335800196,0.0016188714153562156,-0.021045328399630026
HYPE,2026050620,1.0,2,150196.84992668865,0.0,0,150196.84992668865,100,2,1.0,0.0,2026-05-06 20:00:00+00:00,0.0,0.0,0.0,0.0,long,False,False,False,False,43.15,0.0011587485515645035,-0.0011587485515642815,-0.01390498261877171,-0.007184241019698612,-0.015063731170335992
HYPE,2026050621,1.0,2,150196.84992668865,0.0,0,150196.84992668865,100,2,1.0,0.0,2026-05-06 21:00:00+00:00,0.0,0.0,0.0,0.0,long,False,False,False,False,43.2,-0.004861111111111094,-0.007870370370370416,-0.021064814814814925,-0.009490740740740855,-0.015277777777777835
HYPE,2026050622,1.0,2,150196.84992668865,0.0,0,150196.84992668865,100,2,1.0,0.0,2026-05-06 22:00:00+00:00,0.0,0.0,0.0,0.0,long,False,False,False,False,42.99,0.0025587345894393376,-0.007908816003721841,-0.0074435915329146285,-0.007210979297511133,-0.011165387299371998
HYPE,2026050623,1.0,1,131228.62492668864,0.0,0,131228.62492668864,100,1,1.0,0.0,2026-05-06 23:00:00+00:00,-1.0,-18968.225000000006,-18968.225000000006,0.0,long,False,True,False,False,43.1,-0.005568445475638062,-0.012761020881670637,-0.00394431554524366,-0.008120649651972234,-0.01345707656612527
HYPE,2026050701,1.0,1,182414.14292668863,0.0,0,182414.14292668863,100,1,1.0,0.0,2026-05-07 01:00:00+00:00,0.0,51185.51799999998,51185.51799999998,0.0,long,True,False,False,False,42.65,-0.0023446658851113966,0.00046893317702245696,0.015474794841735084,-0.0028135990621336315,-0.005158264947245028
HYPE,2026050702,1.0,1,194324.86492668864,0.0,0,194324.86492668864,100,1,1.0,0.0,2026-05-07 02:00:00+00:00,0.0,11910.722000000009,11910.722000000009,0.0,long,True,False,False,False,42.55,-0.00611045828437129,0.008930669800235158,0.006815511163337451,-0.006580493537015175,-0.0028202115158636465
HYPE,2026050703,1.0,1,199390.60492668863,0.0,0,199390.60492668863,100,1,1.0,0.0,2026-05-07 03:00:00+00:00,0.0,5065.739999999991,5065.739999999991,0.0,long,True,False,False,False,42.29,0.008985575786238043,0.018917001655237797,0.011823126034523623,-0.00449278789311891,-0.0009458500827618233
HYPE,2026050704,1.0,1,199390.60492668863,0.0,0,199390.60492668863,100,1,1.0,0.0,2026-05-07 04:00:00+00:00,0.0,0.0,0.0,0.0,long,False,False,False,False,42.67,0.006093273962971546,0.014998828216545634,0.0002343566908835637,-0.014998828216545634,-0.012889617998594005
HYPE,2026050705,1.0,1,199390.60492668863,0.0,0,199390.60492668863,100,1,1.0,0.0,2026-05-07 05:00:00+00:00,0.0,0.0,0.0,0.0,long,False,False,False,False,42.93,0.00372699743768945,-0.002096436058700135,-0.004192872117400381,-0.012811553692056776,-0.014675052410901501
HYPE,2026050706,1.0,1,199390.60492668863,0.0,0,199390.60492668863,100,1,1.0,0.0,2026-05-07 06:00:00+00:00,0.0,0.0,0.0,0.0,long,False,False,False,False,43.09,0.005105592944998794,-0.006962172197725769,-0.00023207240659095518,-0.018797864933859376,-0.018565792527268643
HYPE,2026050707,1.0,1,199390.60492668863,0.0,0,199390.60492668863,100,1,1.0,0.0,2026-05-07 07:00:00+00:00,0.0,0.0,0.0,0.0,long,False,False,False,False,43.31,-0.010851997229277321,-0.014546294158393036,-0.01800969752943893,-0.0226275686908336,-0.013160932809974657
HYPE,2026050708,1.0,1,199390.60492668863,0.0,0,199390.60492668863,100,1,1.0,0.0,2026-05-07 08:00:00+00:00,0.0,0.0,0.0,0.0,long,False,False,False,False,42.84,-0.0011671335200748034,-0.0021008403361345573,-0.013305322128851493,-0.00793650793650802,-0.0056022408963586345
HYPE,2026050709,1.0,2,420788.9769266886,0.0,0,420788.9769266886,100,2,1.0,0.0,2026-05-07 09:00:00+00:00,1.0,221398.372,221398.372,0.0,long,True,False,False,False,42.79,-0.0025706940874036244,0.006777284412245788,-0.0161252629118952,-0.005842486562280924,-0.003505491937368488
HYPE,2026050710,1.0,2,465293.8259266886,0.0,0,465293.8259266886,100,2,1.0,0.0,2026-05-07 10:00:00+00:00,0.0,44504.84899999999,44504.84899999999,0.0,long,True,False,False,False,42.68,0.0016401124648548482,-0.0035145267104029765,-0.015229615745079639,-0.003983130271790092,-0.004451733833177096
HYPE,2026050711,1.0,2,473705.9609266886,0.0,0,473705.9609266886,100,2,1.0,0.0,2026-05-07 11:00:00+00:00,0.0,8412.13500000001,8412.13500000001,0.0,long,True,False,False,False,42.75,0.007719298245614015,-0.011228070175438476,-0.008654970760233804,-0.005380116959064263,-0.005847953216374324
HYPE,2026050712,1.0,2,482266.96892668866,0.0,0,482266.96892668866,100,2,1.0,0.0,2026-05-07 12:00:00+00:00,0.0,8561.00800000003,8561.00800000003,0.0,long,True,False,False,False,43.08,-0.012766945218198655,-0.02274837511606309,-0.01857010213556165,-0.0116063138347261,-0.014856081708449431
HYPE,2026050713,1.0,2,482266.96892668866,0.0,0,482266.96892668866,100,2,1.0,0.0,2026-05-07 13:00:00+00:00,0.0,0.0,0.0,0.0,long,False,False,False,False,42.53,-0.006113331765812302,-0.01175640724194682,-0.004702562896778839,-0.002351281448389364,-0.003762050317423049
HYPE,2026050714,1.0,2,482266.96892668866,0.0,0,482266.96892668866,100,2,1.0,0.0,2026-05-07 14:00:00+00:00,0.0,0.0,0.0,0.0,long,False,False,False,False,42.27,-0.004021764845043796,0.0026023184291459334,0.0054412112609414365,0.003785190442394004,0.011355571327182234
HYPE,2026050715,1.0,2,482266.96892668866,0.0,0,482266.96892668866,100,2,1.0,0.0,2026-05-07 15:00:00+00:00,0.0,0.0,0.0,0.0,long,False,False,False,False,42.1,-0.001662707838479771,0.004275534441805284,0.010451306413301609,0.0035629453681709222,0.014014251781472531
HYPE,2026050716,1.0,2,482266.96892668866,0.0,0,482266.96892668866,100,2,1.0,0.0,2026-05-07 16:00:00+00:00,0.0,0.0,0.0,0.0,long,False,False,False,False,42.03,0.00832738520104681,0.007137758743754441,0.01142041399000715,0.0021413276231263545,0.021651201522721708
HYPE,2026050717,1.0,2,482266.96892668866,0.0,0,482266.96892668866,100,2,1.0,0.0,2026-05-07 17:00:00+00:00,0.0,0.0,0.0,0.0,long,False,False,False,False,42.38,-0.0023596035865974807,0.002831524303916977,0.003303445021236362,-0.0018876828692780956,0.011798017932987293
HYPE,2026050718,1.0,2,482266.96892668866,0.0,0,482266.96892668866,100,2,1.0,0.0,2026-05-07 18:00:00+00:00,0.0,0.0,0.0,0.0,long,False,False,False,False,42.28,0.0011825922421948576,0.0061494796594134815,0.007095553453169368,0.00023651844843897152,0.022942289498580903
HYPE,2026050719,1.0,2,482266.96892668866,0.0,0,482266.96892668866,100,2,1.0,0.0,2026-05-07 19:00:00+00:00,0.0,0.0,0.0,0.0,long,False,False,False,False,42.33,0.004016064257028162,0.00425230333097093,0.002362390739428344,0.009685802031656143,0.017717930545712246
HYPE,2026050720,1.0,2,525023.5439266886,0.0,0,525023.5439266886,100,2,1.0,0.0,2026-05-07 20:00:00+00:00,0.0,42756.57499999995,42756.57499999995,0.0,long,True,False,False,False,42.5,0.0009411764705882231,0.00047058823529422256,-0.0016470588235294459,0.0023529411764706687,0.013411764705882456
HYPE,2026050721,1.0,2,525023.5439266886,0.0,0,525023.5439266886,100,2,1.0,0.0,2026-05-07 21:00:00+00:00,0.0,0.0,0.0,0.0,long,False,False,False,False,42.54,-0.0007052186177715081,0.0009402914903620108,-0.006817113305124578,0.002350728725905027,0.015044663845792172
HYPE,2026050722,1.0,2,525023.5439266886,0.0,0,525023.5439266886,100,2,1.0,0.0,2026-05-07 22:00:00+00:00,0.0,0.0,0.0,0.0,long,False,False,False,False,42.51,0.00023523876734898863,-0.0018819101387907988,-0.00917431192660556,-0.0004704775346976442,0.016937191249117856
HYPE,2026050723,1.0,1,313265.63792668865,0.0,0,313265.63792668865,100,1,1.0,0.0,2026-05-07 23:00:00+00:00,-1.0,-211757.90599999996,-211757.90599999996,0.0,long,False,True,False,False,42.52,0.0014111006585135755,-0.0021166509877705852,-0.005174035747883443,-0.00047036688617130284,0.016933207902163572
HYPE,2026050801,1.0,1,322730.00292668864,0.0,0,322730.00292668864,100,1,1.0,0.0,2026-05-08 01:00:00+00:00,0.0,9464.36499999999,9464.36499999999,0.0,long,True,False,False,False,42.43,0.0,-0.007306151308036801,0.007306151308036801,-0.0014140938015555493,0.020268677822295578
HYPE,2026050802,1.0,1,322730.00292668864,0.0,0,322730.00292668864,100,1,1.0,0.0,2026-05-08 02:00:00+00:00,0.0,0.0,0.0,0.0,long,False,False,False,False,42.43,-0.004242281404666537,-0.0030638699033702643,0.004006599104407371,0.007541833608295967,0.033231204336554354
HYPE,2026050803,1.0,1,322730.00292668864,0.0,0,322730.00292668864,100,1,1.0,0.0,2026-05-08 03:00:00+00:00,0.0,0.0,0.0,0.0,long,False,False,False,False,42.25,-0.003076923076923088,0.0009467455621301468,0.009230769230769154,0.010414201183431837,0.040710059171597646
HYPE,2026050804,1.0,1,322730.00292668864,0.0,0,322730.00292668864,100,1,1.0,0.0,2026-05-08 04:00:00+00:00,0.0,0.0,0.0,0.0,long,False,False,False,False,42.12,0.004273504273504258,0.014719848053181606,0.00878442545109226,0.019468186134852905,0.04629629629629628
HYPE,2026050805,1.0,1,322730.00292668864,0.0,0,322730.00292668864,100,1,1.0,0.0,2026-05-08 05:00:00+00:00,0.0,0.0,0.0,0.0,long,False,False,False,False,42.3,-0.00023640661938528762,0.007092198581560405,0.004728132387706863,0.013711583924350013,0.0375886524822695
HYPE,2026050806,1.0,1,322730.00292668864,0.0,0,322730.00292668864,100,1,1.0,0.0,2026-05-08 06:00:00+00:00,0.0,0.0,0.0,0.0,long,False,False,False,False,42.29,0.01064081343107115,0.008276188224166425,0.003546937810356976,0.02270040198628509,0.04256325372428482
HYPE,2026050807,1.0,1,322730.00292668864,0.0,0,322730.00292668864,100,1,1.0,0.0,2026-05-08 07:00:00+00:00,0.0,0.0,0.0,0.0,long,False,False,False,False,42.74,-0.0032756200280767978,-0.005849321478708425,-0.008656995788488664,0.007955077211043493,0.02503509592887232
HYPE,2026050808,1.0,1,322730.00292668864,0.0,0,322730.00292668864,100,1,1.0,0.0,2026-05-08 08:00:00+00:00,0.0,0.0,0.0,0.0,long,False,False,False,False,42.6,0.0009389671361501595,-0.0023474178403756207,0.0035211267605632646,0.011032863849765207,0.0284037558685446
HYPE,2026050809,1.0,1,322730.00292668864,0.0,0,322730.00292668864,100,1,1.0,0.0,2026-05-08 09:00:00+00:00,0.0,0.0,0.0,0.0,long,False,False,False,False,42.64,-0.0035178236397748197,-0.004690431519699834,0.0011726078799247919,0.012664165103189573,
HYPE,2026050810,1.0,1,322730.00292668864,0.0,0,322730.00292668864,100,1,1.0,0.0,2026-05-08 10:00:00+00:00,0.0,0.0,0.0,0.0,long,False,False,False,False,42.49,0.0002353494939986156,-0.002824193927983165,0.01059072722993637,0.017415862555895334,
HYPE,2026050811,1.0,1,322730.00292668864,0.0,0,322730.00292668864,100,1,1.0,0.0,2026-05-08 11:00:00+00:00,0.0,0.0,0.0,0.0,long,False,False,False,False,42.5,-0.0014117647058824456,0.00588235294117645,0.00894117647058823,0.01741176470588246,
HYPE,2026050812,1.0,1,322730.00292668864,0.0,0,322730.00292668864,100,1,1.0,0.0,2026-05-08 12:00:00+00:00,0.0,0.0,0.0,0.0,long,False,False,False,False,42.44,-0.0016493873704053197,0.005890669180018904,0.01908576814326124,0.01932139491046181,
HYPE,2026050813,1.0,1,322730.00292668864,0.0,0,322730.00292668864,100,1,1.0,0.0,2026-05-08 13:00:00+00:00,0.0,0.0,0.0,0.0,long,False,False,False,False,42.37,0.008968609865470878,0.013452914798206317,0.016757139485485073,0.021713476516403096,
HYPE,2026050814,1.0,1,322730.00292668864,0.0,0,322730.00292668864,100,1,1.0,0.0,2026-05-08 14:00:00+00:00,0.0,0.0,0.0,0.0,long,False,False,False,False,42.75,-0.0014035087719298511,0.003040935672514733,0.007485380116958984,0.025497076023391907,
HYPE,2026050815,1.0,1,322730.00292668864,0.0,0,322730.00292668864,100,1,1.0,0.0,2026-05-08 15:00:00+00:00,0.0,0.0,0.0,0.0,long,False,False,False,False,42.69,0.005856172405715565,0.013117826188802972,0.011478097915202712,0.02998360271726397,
HYPE,2026050816,1.0,2,357094.38092668867,0.0,0,357094.38092668867,100,2,1.0,0.0,2026-05-08 16:00:00+00:00,1.0,34364.378000000026,34364.378000000026,0.0,long,True,False,False,False,42.94,-0.0013972985561246931,0.003260363297624691,0.00675360968793659,0.026315789473684292,
HYPE,2026050817,1.0,2,363328.9289266886,0.0,0,363328.9289266886,100,2,1.0,0.0,2026-05-08 17:00:00+00:00,0.0,6234.547999999952,6234.547999999952,0.0,long,True,False,False,False,42.88,0.008628731343283569,0.0044309701492537545,0.008395522388059629,0.02355410447761197,
HYPE,2026050818,1.0,2,363328.9289266886,0.0,0,363328.9289266886,100,2,1.0,0.0,2026-05-08 18:00:00+00:00,0.0,0.0,0.0,0.0,long,False,False,False,False,43.25,-0.0039306358381503426,-0.0016184971098266443,0.00023121387283242534,0.019421965317919065,
HYPE,2026050819,1.0,2,363328.9289266886,0.0,0,363328.9289266886,100,2,1.0,0.0,2026-05-08 19:00:00+00:00,0.0,0.0,0.0,0.0,long,False,False,False,False,43.08,-0.0002321262766944443,0.0034818941504177747,0.004874651810584885,0.016945218198700207,
HYPE,2026050820,1.0,2,363328.9289266886,0.0,0,363328.9289266886,100,2,1.0,0.0,2026-05-08 20:00:00+00:00,0.0,0.0,0.0,0.0,long,False,False,False,False,43.07,0.0025539818899464883,0.003947062920826694,0.017877873229626307,0.017181332714186315,
HYPE,2026050821,1.0,2,363328.9289266886,0.0,0,363328.9289266886,100,2,1.0,0.0,2026-05-08 21:00:00+00:00,0.0,0.0,0.0,0.0,long,False,False,False,False,43.18,0.0011579434923574272,0.0018527095877720612,0.01829550717924966,,
HYPE,2026050822,1.0,2,385787.19092668867,0.0,0,385787.19092668867,100,2,1.0,0.0,2026-05-08 22:00:00+00:00,0.0,22458.262000000046,22458.262000000046,0.0,long,True,False,False,False,43.23,0.00023132084200794267,0.001387925052047212,0.019430950728660745,,
HYPE,2026050823,1.0,2,385787.19092668867,0.0,0,385787.19092668867,100,2,1.0,0.0,2026-05-08 23:00:00+00:00,0.0,0.0,0.0,0.0,long,False,False,False,False,43.24,0.00046253469010171244,0.013876040703052706,0.015032377428306987,,
HYPE,2026050901,1.0,2,385787.19092668867,0.0,0,385787.19092668867,100,2,1.0,0.0,2026-05-09 01:00:00+00:00,0.0,0.0,0.0,0.0,long,False,False,False,False,43.29,0.012705012705012786,0.018018018018018056,0.012012012012012185,,
HYPE,2026050902,1.0,1,322730.00292668864,0.0,0,322730.00292668864,100,1,1.0,0.0,2026-05-09 02:00:00+00:00,-1.0,-63057.188000000024,-63057.188000000024,0.0,long,False,True,False,False,43.84,0.002965328467153139,0.0011405109489051046,-0.0006843065693430406,,
HYPE,2026050903,1.0,2,365853.45892668865,0.0,0,365853.45892668865,100,2,1.0,0.0,2026-05-09 03:00:00+00:00,1.0,43123.456000000006,43123.456000000006,0.0,long,True,False,False,False,43.97,0.0022742779167614913,0.002729133500113834,,,
HYPE,2026050904,1.0,2,365853.45892668865,0.0,0,365853.45892668865,100,2,1.0,0.0,2026-05-09 04:00:00+00:00,0.0,0.0,0.0,0.0,long,False,False,False,False,44.07,-0.004084411164057222,-0.005899705014749235,,,
HYPE,2026050905,1.0,2,365853.45892668865,0.0,0,365853.45892668865,100,2,1.0,0.0,2026-05-09 05:00:00+00:00,0.0,0.0,0.0,0.0,long,False,False,False,False,43.89,0.004556846662109981,-0.001822738664843837,,,
OKB,2026050605,1.0,2,266979.88230288844,0.0,0,266979.88230288844,100,2,1.0,0.0,2026-05-06 05:00:00+00:00,,,,,long,False,False,False,False,86.05,0.0009296920395118757,0.02266124346310283,0.03637420104590361,0.013248111563044729,0.0051133062173154276
OKB,2026050606,1.0,2,266979.88230288844,0.0,0,266979.88230288844,100,2,1.0,0.0,2026-05-06 06:00:00+00:00,0.0,0.0,0.0,0.0,long,False,False,False,False,86.13,0.0031347962382446415,0.03111575525368626,0.031580169511203904,0.011029838616045451,0.007546731684662689
OKB,2026050607,1.0,2,266979.88230288844,0.0,0,266979.88230288844,100,2,1.0,0.0,2026-05-06 07:00:00+00:00,0.0,0.0,0.0,0.0,long,False,False,False,False,86.4,0.01851851851851838,0.031249999999999778,0.012152777777777679,0.010300925925925908,0.008796296296296191
OKB,2026050608,1.0,2,266979.88230288844,0.0,0,266979.88230288844,100,2,1.0,0.0,2026-05-06 08:00:00+00:00,0.0,0.0,0.0,0.0,long,False,False,False,False,88.0,0.00920454545454552,0.013409090909090926,-0.0030681818181818032,-0.008863636363636407,-0.009659090909090895
OKB,2026050609,1.0,3,331565.66690288845,0.0,0,331565.66690288845,100,3,1.0,0.0,2026-05-06 09:00:00+00:00,1.0,64585.78460000001,64585.78460000001,0.0,long,True,False,False,False,88.81,0.0032653980407610916,0.0004503997297600204,-0.016326990203805902,-0.01587659047404566,-0.022407386555568176
OKB,2026050610,1.0,3,331406.440510034,0.0,0,331406.440510034,100,3,1.0,0.0,2026-05-06 10:00:00+00:00,0.0,-159.22639285447076,-159.22639285447076,0.0,long,False,True,False,False,89.1,0.0008978675645343603,-0.01851851851851838,-0.019528619528619506,-0.022671156004489323,-0.024691358024691246
OKB,2026050611,1.0,3,331406.440510034,0.0,0,331406.440510034,100,3,1.0,0.0,2026-05-06 11:00:00+00:00,0.0,0.0,0.0,0.0,long,False,False,False,False,89.18,-0.0037003812514018186,-0.016259250953128523,-0.022314420273604085,-0.023323615160349975,-0.025566270464229657
OKB,2026050612,1.0,3,331557.800510034,0.0,0,331557.800510034,100,3,1.0,0.0,2026-05-06 12:00:00+00:00,0.0,151.36000000004424,151.36000000004424,0.0,long,True,False,False,False,88.85,-0.015756893640967884,-0.016769836803601557,-0.019921215531795156,-0.02352279122115919,-0.018908272369161372
OKB,2026050613,1.0,3,331557.800510034,0.0,0,331557.800510034,100,3,1.0,0.0,2026-05-06 13:00:00+00:00,0.0,0.0,0.0,0.0,long,False,False,False,False,87.45,0.0032018296169240568,-0.0010291595197255976,-0.0018296169239565563,-0.013150371640937797,-0.011549456832475768
OKB,2026050614,1.0,3,331557.800510034,0.0,0,331557.800510034,100,3,1.0,0.0,2026-05-06 14:00:00+00:00,0.0,0.0,0.0,0.0,long,False,False,False,False,87.73,-0.004217485466773141,-0.006155249059614842,-0.005813290778525104,-0.016186025304912866,-0.023595121395189822
OKB,2026050615,1.0,3,331557.800510034,0.0,0,331557.800510034,100,3,1.0,0.0,2026-05-06 15:00:00+00:00,0.0,0.0,0.0,0.0,long,False,False,False,False,87.36,0.0,-0.0032051282051281937,0.00045787545787545625,-0.015338827838827895,-0.02312271062271054
OKB,2026050616,1.0,3,331557.800510034,0.0,0,331557.800510034,100,3,1.0,0.0,2026-05-06 16:00:00+00:00,0.0,0.0,0.0,0.0,long,False,False,False,False,87.36,-0.001945970695970689,-0.0008012820512819374,-0.0032051282051281937,-0.010531135531135605,-0.022664835164835195
OKB,2026050617,1.0,3,331080.5353521472,0.0,0,331080.5353521472,100,3,1.0,0.0,2026-05-06 17:00:00+00:00,0.0,-477.265157886839,-477.265157886839,0.0,long,False,True,False,False,87.19,-0.0012616125702489267,0.00034407615552245474,-0.0010322284665672532,-0.008028443628856574,-0.01777726803532509
OKB,2026050618,1.0,3,330921.4469661849,0.0,0,330921.4469661849,100,3,1.0,0.0,2026-05-06 18:00:00+00:00,0.0,-159.08838596229907,-159.08838596229907,0.0,long,False,True,False,False,87.08,0.002411575562700996,0.0036747818098301632,-0.003674781809829941,-0.0034451079467155976,-0.01619200734956361
OKB,2026050619,1.0,3,330762.3585802226,0.0,0,330762.3585802226,100,3,1.0,0.0,2026-05-06 19:00:00+00:00,0.0,-159.08838596229907,-159.08838596229907,0.0,long,False,True,False,False,87.29,-0.0008019246190859031,-0.002405773857257487,-0.011341505327070789,-0.001489288578302328,-0.019704433497537144
OKB,2026050620,1.0,2,266176.5739802226,0.0,0,266176.5739802226,100,2,1.0,0.0,2026-05-06 20:00:00+00:00,-1.0,-64585.78460000001,-64585.78460000001,0.0,long,False,True,False,False,87.22,0.0020637468470534603,-0.0013758312313689736,-0.010433386837881198,-0.0008025682182984939,-0.021096078880990632
OKB,2026050621,1.0,2,266332.6331802226,0.0,0,266332.6331802226,100,2,1.0,0.0,2026-05-06 21:00:00+00:00,0.0,156.05920000001788,156.05920000001788,0.0,long,True,False,False,False,87.4,-0.0036613272311213363,-0.0073226544622425616,-0.015789473684210686,-0.006636155606407512,-0.02185354691075525
OKB,2026050622,1.0,2,266641.2139802226,0.0,0,266641.2139802226,100,2,1.0,0.0,2026-05-06 22:00:00+00:00,0.0,308.5807999999961,308.5807999999961,0.0,long,True,False,False,False,87.08,0.00022967386311423255,-0.008957280661460731,-0.007349563619660104,-0.002067064768029314,-0.020096463022508004
OKB,2026050623,1.0,2,266476.26120629266,0.0,0,266476.26120629266,100,2,1.0,0.0,2026-05-06 23:00:00+00:00,0.0,-164.95277392992284,-164.95277392992284,0.0,long,False,True,False,False,87.1,-0.00390355912743956,-0.009070034443168673,-0.007003444316877161,-0.0022962112514349764,-0.01664753157290455
OKB,2026050701,1.0,2,266629.96200629266,0.0,0,266629.96200629266,100,2,1.0,0.0,2026-05-07 01:00:00+00:00,0.0,153.70079999999143,153.70079999999143,0.0,long,True,False,False,False,86.3,0.00011587485515640594,0.0016222479721901273,0.009965237543453132,0.0016222479721901273,-0.008806488991888628
OKB,2026050702,1.0,2,266629.96200629266,0.0,0,266629.96200629266,100,2,1.0,0.0,2026-05-07 02:00:00+00:00,0.0,0.0,0.0,0.0,long,False,False,False,False,86.31,-0.003359981462171313,0.002085505735140769,0.009732360097323589,-0.007530992932452851,-0.010543390105433814
OKB,2026050703,1.0,2,266629.96200629266,0.0,0,266629.96200629266,100,2,1.0,0.0,2026-05-07 03:00:00+00:00,0.0,0.0,0.0,0.0,long,False,False,False,False,86.02,0.004882585445245224,0.008835154615205898,0.009300162752848173,-0.007905138339920903,-0.007323878167867837
OKB,2026050704,1.0,2,266629.96200629266,0.0,0,266629.96200629266,100,2,1.0,0.0,2026-05-07 04:00:00+00:00,0.0,0.0,0.0,0.0,long,False,False,False,False,86.44,0.0005784359093012892,0.008329477093937943,0.00532161036557155,-0.012262841277186465,-0.012494215640906914
OKB,2026050705,1.0,2,266629.96200629266,0.0,0,266629.96200629266,100,2,1.0,0.0,2026-05-07 05:00:00+00:00,0.0,0.0,0.0,0.0,long,False,False,False,False,86.49,0.0033529887848307016,0.0076309399930629684,0.0047404324199331604,-0.009827725748641436,-0.013411955139322473
OKB,2026050706,1.0,2,266629.96200629266,0.0,0,266629.96200629266,100,2,1.0,0.0,2026-05-07 06:00:00+00:00,0.0,0.0,0.0,0.0,long,False,False,False,False,86.78,0.004378889144964315,0.00046093569946981106,0.004494123069831657,-0.012790965660290365,-0.019589767227471855
OKB,2026050707,1.0,2,266629.96200629266,0.0,0,266629.96200629266,100,2,1.0,0.0,2026-05-07 07:00:00+00:00,0.0,0.0,0.0,0.0,long,False,False,False,False,87.16,-0.00011473152822383259,-0.002983019733822756,-0.008260670032124828,-0.018242312987609033,-0.022372648003671447
OKB,2026050708,1.0,2,266629.96200629266,0.0,0,266629.96200629266,100,2,1.0,0.0,2026-05-07 08:00:00+00:00,0.0,0.0,0.0,0.0,long,False,False,False,False,87.15,-0.0037865748709123848,-0.002868617326448608,-0.017096959265634037,-0.02030981067125659,-0.02030981067125659
OKB,2026050709,1.0,2,266782.50120629265,0.0,0,266782.50120629265,100,2,1.0,0.0,2026-05-07 09:00:00+00:00,0.0,152.53919999999925,152.53919999999925,0.0,long,True,False,False,False,86.82,0.0009214466712741398,0.0040313291868234735,-0.017046763418567035,-0.015319050909928578,-0.017968210089840952
OKB,2026050710,1.0,2,266782.50120629265,0.0,0,266782.50120629265,100,2,1.0,0.0,2026-05-07 10:00:00+00:00,0.0,0.0,0.0,0.0,long,False,False,False,False,86.9,0.0,-0.0052934407364787495,-0.01749136939010365,-0.018066743383199135,-0.016110471806674354
OKB,2026050711,1.0,2,266933.86120629264,0.0,0,266933.86120629264,100,2,1.0,0.0,2026-05-07 11:00:00+00:00,0.0,151.35999999998603,151.35999999998603,0.0,long,True,False,False,False,86.9,0.0031070195627156405,-0.014269275028768846,-0.014499424626006951,-0.014384349827387788,-0.015535097813578869
OKB,2026050712,1.0,2,266933.86120629264,0.0,0,266933.86120629264,100,2,1.0,0.0,2026-05-07 12:00:00+00:00,0.0,0.0,0.0,0.0,long,False,False,False,False,87.17,-0.008374440747963785,-0.020993461053114615,-0.017207754961569344,-0.019846277389010014,-0.020764024320293673
OKB,2026050713,1.0,2,266933.86120629264,0.0,0,266933.86120629264,100,2,1.0,0.0,2026-05-07 13:00:00+00:00,0.0,0.0,0.0,0.0,long,False,False,False,False,86.44,-0.009023600185099512,-0.012262841277186465,-0.01006478482184181,-0.010411846367422428,-0.015270708005552858
OKB,2026050714,1.0,2,266933.86120629264,0.0,0,266933.86120629264,100,2,1.0,0.0,2026-05-07 14:00:00+00:00,0.0,0.0,0.0,0.0,long,False,False,False,False,85.66,-0.003735699276208204,-0.0002334812047629642,-0.003268736866682276,-0.0030352556619190896,-0.000583703011907466
OKB,2026050715,1.0,2,266775.4422010978,0.0,0,266775.4422010978,100,2,1.0,0.0,2026-05-07 15:00:00+00:00,0.0,-158.41900519485353,-158.41900519485353,0.0,long,False,True,False,False,85.34,0.00046871338176690536,0.003866885399578246,0.0017576751816263947,0.0005858917272087982,0.004101242090461588
OKB,2026050716,1.0,2,266617.0231959029,0.0,0,266617.0231959029,100,2,1.0,0.0,2026-05-07 16:00:00+00:00,0.0,-158.41900519491173,-158.41900519491173,0.0,long,False,True,False,False,85.38,0.0030452096509721027,0.0022253455141718614,-0.0005856172405714899,-0.00023424689622852934,0.005036308268915546
OKB,2026050717,1.0,2,266617.0231959029,0.0,0,266617.0231959029,100,2,1.0,0.0,2026-05-07 17:00:00+00:00,0.0,0.0,0.0,0.0,long,False,False,False,False,85.64,0.0003503035964502743,-0.003035964502568933,0.00011676786548342477,-0.003619803829986057,0.01039234002802436
OKB,2026050718,1.0,2,266769.5623959029,0.0,0,266769.5623959029,100,2,1.0,0.0,2026-05-07 18:00:00+00:00,0.0,152.53919999999925,152.53919999999925,0.0,long,True,False,False,False,85.67,-0.0011672697560407563,-0.0021010855608731838,-0.002684720438893451,-0.006886891560639707,0.012489786389634494
OKB,2026050719,1.0,2,266769.5623959029,0.0,0,266769.5623959029,100,2,1.0,0.0,2026-05-07 19:00:00+00:00,0.0,0.0,0.0,0.0,long,False,False,False,False,85.57,-0.0022204043473179613,-0.002804721280822653,-0.0003505901601026373,-0.00420708192123409,0.011218885123291056
OKB,2026050720,1.0,2,266769.5623959029,0.0,0,266769.5623959029,100,2,1.0,0.0,2026-05-07 20:00:00+00:00,0.0,0.0,0.0,0.0,long,False,False,False,False,85.38,0.001288357929257522,0.003162333099086645,0.00023424689622864037,0.0,0.01206371515577409
OKB,2026050721,1.0,2,266769.5623959029,0.0,0,266769.5623959029,100,2,1.0,0.0,2026-05-07 21:00:00+00:00,0.0,0.0,0.0,0.0,long,False,False,False,False,85.49,-0.0018715639256052796,-0.0005848637267515944,-0.0011697274535032998,-0.002690373143057534,0.014504620423441361
OKB,2026050722,1.0,2,266769.5623959029,0.0,0,266769.5623959029,100,2,1.0,0.0,2026-05-07 22:00:00+00:00,0.0,0.0,0.0,0.0,long,False,False,False,False,85.33,0.003750146490097306,0.0024610336341264194,0.0003515762334467265,0.0019922653228641174,0.016641275049806614
OKB,2026050723,1.0,2,266913.04931166634,0.0,0,266913.04931166634,100,2,1.0,0.0,2026-05-07 23:00:00+00:00,0.0,143.48691576346755,143.48691576346755,0.0,long,True,False,False,False,85.65,-0.0024518388791594514,-0.0029188558085230243,-0.003736135434909582,-0.0011675423234093207,0.023117338003502574
OKB,2026050801,1.0,2,267063.2301116664,0.0,0,267063.2301116664,100,2,1.0,0.0,2026-05-08 01:00:00+00:00,0.0,150.180800000031,150.180800000031,0.0,long,True,False,False,False,85.54,-0.0016366612111292644,-0.0021042787000234986,-0.0038578442833763216,-0.004909983633387904,0.034019172317044655
OKB,2026050802,1.0,2,267063.2301116664,0.0,0,267063.2301116664,100,2,1.0,0.0,2026-05-08 02:00:00+00:00,0.0,0.0,0.0,0.0,long,False,False,False,False,85.4,-0.00011709601873544084,-0.0008196721311476418,-0.0002341920374708817,0.0024590163934425924,0.03489461358313806
OKB,2026050803,1.0,2,267063.2301116664,0.0,0,267063.2301116664,100,2,1.0,0.0,2026-05-08 03:00:00+00:00,0.0,0.0,0.0,0.0,long,False,False,False,False,85.39,-0.0003513291954561071,-0.0036304016863801802,-0.0015224265136432047,0.003513291954561293,0.03126829839559675
OKB,2026050804,1.0,2,267063.2301116664,0.0,0,267063.2301116664,100,2,1.0,0.0,2026-05-08 04:00:00+00:00,0.0,0.0,0.0,0.0,long,False,False,False,False,85.36,-0.00035145267104030875,-0.0017572633552015438,0.0016401124648548482,0.00527179006560452,0.04123711340206171
OKB,2026050805,1.0,2,267063.2301116664,0.0,0,267063.2301116664,100,2,1.0,0.0,2026-05-08 05:00:00+00:00,0.0,0.0,0.0,0.0,long,False,False,False,False,85.33,-0.0029298019453884994,0.0005859603890776555,0.002578225711941773,0.014063049337864841,0.03445447087776854
OKB,2026050806,1.0,2,267063.2301116664,0.0,0,267063.2301116664,100,2,1.0,0.0,2026-05-08 06:00:00+00:00,0.0,0.0,0.0,0.0,long,False,False,False,False,85.08,0.001527973671838323,0.0021156558533146352,0.0032910202162670377,0.019511048425011612,0.041372825575928474
OKB,2026050807,1.0,2,267063.2301116664,0.0,0,267063.2301116664,100,2,1.0,0.0,2026-05-08 07:00:00+00:00,0.0,0.0,0.0,0.0,long,False,False,False,False,85.21,0.0019950710010563366,0.003403356413566483,-0.0010562140593826097,0.015491139537612941,0.03297735007628222
OKB,2026050808,1.0,2,267063.2301116664,0.0,0,267063.2301116664,100,2,1.0,0.0,2026-05-08 08:00:00+00:00,0.0,0.0,0.0,0.0,long,False,False,False,False,85.38,-0.0014054813773716202,0.001991098617943443,0.002693839306629142,0.01206371515577409,0.033731553056922214
OKB,2026050809,1.0,2,267063.2301116664,0.0,0,267063.2301116664,100,2,1.0,0.0,2026-05-08 09:00:00+00:00,0.0,0.0,0.0,0.0,long,False,False,False,False,85.26,0.0028149190710766714,0.0011728829462818169,0.005043396669012434,0.01724137931034475,
OKB,2026050810,1.0,2,267063.2301116664,0.0,0,267063.2301116664,100,2,1.0,0.0,2026-05-08 10:00:00+00:00,0.0,0.0,0.0,0.0,long,False,False,False,False,85.5,0.0005847953216373547,-0.004444444444444362,0.0036257309941520877,0.014619883040935644,
OKB,2026050811,1.0,2,267063.2301116664,0.0,0,267063.2301116664,100,2,1.0,0.0,2026-05-08 11:00:00+00:00,0.0,0.0,0.0,0.0,long,False,False,False,False,85.55,-0.0022209234365867525,0.0007013442431327288,0.011455289304500349,0.024313267095265934,
OKB,2026050812,1.0,2,267063.2301116664,0.0,0,267063.2301116664,100,2,1.0,0.0,2026-05-08 12:00:00+00:00,0.0,0.0,0.0,0.0,long,False,False,False,False,85.36,-0.002811621368322359,0.0038659793814432852,0.01616682286785376,0.035848172446110604,
OKB,2026050813,1.0,2,267063.2301116664,0.0,0,267063.2301116664,100,2,1.0,0.0,2026-05-08 13:00:00+00:00,0.0,0.0,0.0,0.0,long,False,False,False,False,85.12,0.005756578947368363,0.008106203007518742,0.01656484962406002,0.03912124060150379,
OKB,2026050814,1.0,2,267063.2301116664,0.0,0,267063.2301116664,100,2,1.0,0.0,2026-05-08 14:00:00+00:00,0.0,0.0,0.0,0.0,long,False,False,False,False,85.61,0.0009344702721645337,0.01074640812989136,0.009344702721644671,0.03235603317369451,
OKB,2026050815,1.0,2,267063.2301116664,0.0,0,267063.2301116664,100,2,1.0,0.0,2026-05-08 15:00:00+00:00,0.0,0.0,0.0,0.0,long,False,False,False,False,85.69,0.0014003967790874317,0.01225347181701486,0.012136772085424186,0.027657836386976387,
OKB,2026050816,1.0,2,75520.73011166637,0.5,1,458605.7301116664,100,2,0.5823373162,0.4176626838,2026-05-08 16:00:00+00:00,0.0,191542.5,-191542.5,-0.41766268380000005,long,False,False,False,False,85.81,0.008390630462649984,0.008390630462649984,0.01095443421512643,0.03577671600046606,
OKB,2026050817,1.0,2,75520.73011166637,0.5,1,458605.7301116664,100,2,0.5823373162,0.4176626838,2026-05-08 17:00:00+00:00,0.0,0.0,0.0,0.0,long,False,False,False,False,86.53,0.0024269039639430723,-0.001386802265110454,0.012712354096845013,0.02010863284410025,
OKB,2026050818,1.0,2,75520.73011166637,0.5,1,458605.7301116664,100,2,0.5823373162,0.4176626838,2026-05-08 18:00:00+00:00,0.0,0.0,0.0,0.0,long,False,False,False,False,86.74,-0.0024210283606178606,-0.0001152870647912474,0.01936822688494355,0.02144339405118756,
OKB,2026050819,1.0,2,75520.73011166637,0.5,1,458605.7301116664,100,2,0.5823373162,0.4176626838,2026-05-08 19:00:00+00:00,0.0,0.0,0.0,0.0,long,False,False,False,False,86.53,-0.001386802265110454,0.0025424708193690915,0.02218883624176593,0.017219461458453766,
OKB,2026050820,1.0,2,75520.73011166637,0.5,1,458605.7301116664,100,2,0.5823373162,0.4176626838,2026-05-08 20:00:00+00:00,0.0,0.0,0.0,0.0,long,False,False,False,False,86.41,0.0037032750839023354,0.014118736257377584,0.022798287235273662,0.02140955907881037,
OKB,2026050821,1.0,2,75520.73011166637,0.5,1,458605.7301116664,100,2,0.5823373162,0.4176626838,2026-05-08 21:00:00+00:00,0.0,0.0,0.0,0.0,long,False,False,False,False,86.73,0.0002306007148622502,0.019485760405857144,0.015334947538337307,,
OKB,2026050822,1.0,2,75520.73011166637,0.5,1,458605.7301116664,100,2,0.5823373162,0.4176626838,2026-05-08 22:00:00+00:00,0.0,0.0,0.0,0.0,long,False,False,False,False,86.75,0.010144092219020129,0.019596541786743638,0.02455331412103745,,
OKB,2026050823,1.0,2,75520.73011166637,0.5,1,458605.7301116664,100,2,0.5823373162,0.4176626838,2026-05-08 23:00:00+00:00,0.0,0.0,0.0,0.0,long,False,False,False,False,87.63,0.00901517745064484,0.008558712769599408,0.007303434896724914,,
OKB,2026050901,1.0,2,75362.81197026151,0.5,1,458447.8119702615,100,2,0.5821934471,0.4178065529,2026-05-09 01:00:00+00:00,0.0,-157.9181414048653,-157.9181414048653,-0.00014386909999997144,long,False,False,False,False,88.45,-0.0007914075749011484,0.004861503674392198,-0.00486150367439242,,
OKB,2026050902,1.0,2,75362.81197026151,0.5,1,458447.8119702615,100,2,0.5821934471,0.4178065529,2026-05-09 02:00:00+00:00,0.0,0.0,0.0,0.0,long,False,False,False,False,88.38,-0.0036207286716450904,-0.0012446254808780033,-0.0013577732518668117,,
OKB,2026050903,1.0,2,75204.89382885664,0.5,1,458289.89382885664,100,2,0.5820494787,0.4179505213,2026-05-09 03:00:00+00:00,0.0,-157.9181414048653,-157.9181414048653,-0.0001439683999999719,long,False,False,False,False,88.06,0.009311832841244483,0.006132182602770708,,,
OKB,2026050904,1.0,2,75204.89382885664,0.5,1,458289.89382885664,100,2,0.5820494787,0.4179505213,2026-05-09 04:00:00+00:00,0.0,0.0,0.0,0.0,long,False,False,False,False,88.88,-0.006863186318631809,-0.009675967596759705,,,
OKB,2026050905,1.0,2,75204.89382885664,0.5,1,458289.89382885664,100,2,0.5820494787,0.4179505213,2026-05-09 05:00:00+00:00,0.0,0.0,0.0,0.0,long,False,False,False,False,88.27,0.0037385295117253747,-0.00011328877308247609,,,
JUP,2026050605,1.0,1,880.5810000000004,0.0,0,880.5810000000004,100,1,1.0,0.0,2026-05-06 05:00:00+00:00,,,,,long,False,False,False,False,0.1935,-0.007235142118863114,0.01136950904392764,0.041860465116279055,0.013953488372093092,0.027906976744185963
JUP,2026050606,1.0,1,880.5810000000004,0.0,0,880.5810000000004,100,1,1.0,0.0,2026-05-06 06:00:00+00:00,0.0,0.0,0.0,0.0,long,False,False,False,False,0.1921,0.010411244143675225,0.021863612701717994,0.0468505986465384,0.026548672566371723,0.04476834981780331
JUP,2026050607,1.0,1,880.5810000000004,0.0,0,880.5810000000004,100,1,1.0,0.0,2026-05-06 07:00:00+00:00,0.0,0.0,0.0,0.0,long,False,False,False,False,0.1941,0.008243173621844457,0.027305512622359585,0.030396702730551395,0.018031942297784598,0.043276661514683346
JUP,2026050608,1.0,1,880.5810000000004,0.0,0,880.5810000000004,100,1,1.0,0.0,2026-05-06 08:00:00+00:00,0.0,0.0,0.0,0.0,long,False,False,False,False,0.1957,0.0030659172202349705,0.03014818599897806,0.0429228410832907,0.010219724067449976,0.04701073071027073
JUP,2026050609,1.0,1,880.5810000000004,0.0,0,880.5810000000004,100,1,1.0,0.0,2026-05-06 09:00:00+00:00,0.0,0.0,0.0,0.0,long,False,False,False,False,0.1963,0.015792154865002406,0.024452368823229653,0.028018339276617343,0.015282730514518672,0.03820682628629646
JUP,2026050610,1.0,1,880.5810000000004,0.0,0,880.5810000000004,100,1,1.0,0.0,2026-05-06 10:00:00+00:00,0.0,0.0,0.0,0.0,long,False,False,False,False,0.1994,0.011033099297893756,0.0030090270812437314,-0.0005015045135405849,-0.006519558676028048,0.015045135406218657
JUP,2026050611,1.0,1,880.5810000000004,0.0,0,880.5810000000004,100,1,1.0,0.0,2026-05-06 11:00:00+00:00,0.0,0.0,0.0,0.0,long,False,False,False,False,0.2016,-0.0024801587301587213,0.012400793650793718,-0.02678571428571419,-0.015376984126984072,0.01984126984126977
JUP,2026050612,1.0,1,880.5810000000004,0.0,0,880.5810000000004,100,1,1.0,0.0,2026-05-06 12:00:00+00:00,0.0,0.0,0.0,0.0,long,False,False,False,False,0.2011,-0.005469915464942798,0.00348085529587272,-0.01939333664843368,-0.018398806563898584,0.035305818000994416
JUP,2026050613,1.0,1,880.5810000000004,0.0,0,880.5810000000004,100,1,1.0,0.0,2026-05-06 13:00:00+00:00,0.0,0.0,0.0,0.0,long,False,False,False,False,0.2,0.020499999999999963,-0.0035000000000000586,-0.01200000000000001,-0.02200000000000002,0.023499999999999854
JUP,2026050614,1.0,1,880.5810000000004,0.0,0,880.5810000000004,100,1,1.0,0.0,2026-05-06 14:00:00+00:00,0.0,0.0,0.0,0.0,long,False,False,False,False,0.2041,-0.011268985791278774,-0.03870651641352274,-0.03135717785399317,-0.046055854973052424,-0.008819206271435509
JUP,2026050615,1.0,1,880.5810000000004,0.0,0,880.5810000000004,100,1,1.0,0.0,2026-05-06 15:00:00+00:00,0.0,0.0,0.0,0.0,long,False,False,False,False,0.2018,-0.012388503468780954,-0.022794846382557132,-0.012388503468780954,-0.03914767096134797,-0.008919722497522264
JUP,2026050616,1.0,1,880.5810000000004,0.0,0,880.5810000000004,100,1,1.0,0.0,2026-05-06 16:00:00+00:00,0.0,0.0,0.0,0.0,long,False,False,False,False,0.1993,-0.015554440541896586,-0.008529854490717526,-0.006021073758153528,-0.013045659809332588,0.014550928248870942
JUP,2026050617,1.0,2,15529.265,0.0,0,15529.265,100,2,1.0,0.0,2026-05-06 17:00:00+00:00,1.0,14648.684,14648.684,0.0,long,True,False,False,False,0.1962,0.005096839959225052,0.00764525993883769,0.011722731906218087,0.013761467889908063,0.04536187563710503
JUP,2026050618,1.0,2,15529.265,0.0,0,15529.265,100,2,1.0,0.0,2026-05-06 18:00:00+00:00,0.0,0.0,0.0,0.0,long,False,False,False,False,0.1972,0.0020283975659229903,0.010649087221095366,0.0010141987829614951,0.01774847870182561,0.03701825557809335
JUP,2026050619,1.0,2,15529.265,0.0,0,15529.265,100,2,1.0,0.0,2026-05-06 19:00:00+00:00,0.0,0.0,0.0,0.0,long,False,False,False,False,0.1976,0.0005060728744938903,0.0025303643724696734,-0.010121457489878583,0.0247975708502024,0.03795546558704466
JUP,2026050620,1.0,2,15529.265,0.0,0,15529.265,100,2,1.0,0.0,2026-05-06 20:00:00+00:00,0.0,0.0,0.0,0.0,long,False,False,False,False,0.1977,0.008093070308548445,0.004046535154274222,-0.015174506828527945,0.036418816388467334,0.033383915022761945
JUP,2026050621,1.0,2,15529.265,0.0,0,15529.265,100,2,1.0,0.0,2026-05-06 21:00:00+00:00,0.0,0.0,0.0,0.0,long,False,False,False,False,0.1993,-0.006021073758153528,-0.009533366783743169,-0.027094831911691042,0.022579026593075868,0.02107375815353718
JUP,2026050622,1.0,2,15529.265,0.0,0,15529.265,100,2,1.0,0.0,2026-05-06 22:00:00+00:00,0.0,0.0,0.0,0.0,long,False,False,False,False,0.1981,0.002019182231196348,-0.012619888944977342,-0.007067137809187218,0.02170620898536102,0.025239777889954684
JUP,2026050623,1.0,1,880.5810000000004,0.0,0,880.5810000000004,100,1,1.0,0.0,2026-05-06 23:00:00+00:00,-1.0,-14648.684,-14648.684,0.0,long,False,True,False,False,0.1985,-0.005541561712846477,-0.019143576826196496,0.00201511335012583,0.03576826196473548,0.03627204030226694
JUP,2026050722,1.0,1,880.4850000000005,0.0,0,880.4850000000005,100,1,1.0,0.0,2026-05-07 22:00:00+00:00,0.0,-0.09599999999988995,-0.09599999999988995,0.0,long,False,True,False,False,0.2031,0.012801575578532676,0.02461841457410152,0.003938946331856208,0.03446578040374204,0.20482520925652392
JUP,2026050723,1.0,1,880.4850000000005,0.0,0,880.4850000000005,100,1,1.0,0.0,2026-05-07 23:00:00+00:00,0.0,0.0,0.0,0.0,long,False,False,False,False,0.2057,0.012153621779290136,-0.011667476908118535,-0.008264462809917439,0.0272241127856101,0.1866796305298981
JUP,2026050901,1.0,1,880.9680000000003,0.0,0,880.9680000000003,100,1,1.0,0.0,2026-05-09 01:00:00+00:00,0.0,0.48299999999983356,0.48299999999983356,0.0,long,True,False,False,False,0.2443,0.026197298403602076,0.04297994269340988,-0.004502660663119107,,
JUP,2026050902,0.5,1,648.3680000000004,0.5,1,1113.5680000000004,100,2,0.7911218713,0.2088781287,2026-05-09 02:00:00+00:00,1.0,232.60000000000014,-232.5999999999999,-0.2088781287,long,True,False,False,False,0.2507,0.00797766254487442,-0.0035899481451934223,-0.03669724770642202,,
JUP,2026050903,0.5,1,648.3680000000004,0.5,1,1113.5680000000004,100,2,0.7911218713,0.2088781287,2026-05-09 03:00:00+00:00,0.0,0.0,0.0,0.0,long,False,False,False,False,0.2527,0.008310249307479367,-0.024535021764938603,,,
JUP,2026050904,0.5,1,648.3680000000004,0.5,1,1113.5680000000004,100,2,0.7911218713,0.2088781287,2026-05-09 04:00:00+00:00,0.0,0.0,0.0,0.0,long,False,False,False,False,0.2548,-0.019623233908948268,-0.04552590266875989,,,
JUP,2026050905,0.5,1,648.3680000000004,0.5,1,1113.5680000000004,100,2,0.7911218713,0.2088781287,2026-05-09 05:00:00+00:00,0.0,0.0,0.0,0.0,long,False,False,False,False,0.2498,-0.01321056845476376,-0.03322658126501199,,,
GALA,2026050822,0.0,0,-21.08,1.0,1,21.08,100,1,0.0,1.0,2026-05-08 22:00:00+00:00,,,,,short,False,False,False,False,0.004151,0.002649963864129079,0.005540833534088074,0.06528547337990842,,
GALA,2026050823,0.0,0,-5103.415580000215,1.0,2,5103.415580000215,100,2,0.0,1.0,2026-05-08 23:00:00+00:00,1.0,5082.3355800002155,-5082.3355800002155,0.0,short,False,False,True,False,0.004162,0.004324843825084024,0.014175876982220004,0.04012493993272481,,
GALA,2026050901,0.0,0,-5015.715580000216,1.0,1,5015.715580000216,100,1,0.0,1.0,2026-05-09 01:00:00+00:00,-1.0,-87.69999999999982,87.69999999999982,0.0,short,False,False,False,True,0.004174,0.01126018207954016,0.05941542884523243,0.01868711068519402,,
GALA,2026050902,0.0,0,-5015.715580000216,1.0,1,5015.715580000216,100,1,0.0,1.0,2026-05-09 02:00:00+00:00,0.0,0.0,0.0,0.0,short,False,False,False,False,0.004221,0.017294479981047273,0.0255863539445631,0.003553660270078307,,
GALA,2026050903,0.0,0,-5015.715580000216,1.0,1,5015.715580000216,100,1,0.0,1.0,2026-05-09 03:00:00+00:00,0.0,0.0,0.0,0.0,short,False,False,False,False,0.004294,0.02980903586399619,0.03795994410805781,,,
GALA,2026050904,0.0,0,-5015.715580000216,1.0,1,5015.715580000216,100,1,0.0,1.0,2026-05-09 04:00:00+00:00,0.0,0.0,0.0,0.0,short,False,False,False,False,0.004422,-0.021031207598371626,-0.03844414292175491,,,
GALA,2026050905,0.0,0,-5015.715580000216,1.0,1,5015.715580000216,100,1,0.0,1.0,2026-05-09 05:00:00+00:00,0.0,0.0,0.0,0.0,short,False,False,False,False,0.004329,0.029568029568029397,-0.021483021483021503,,,
BILL,2026050617,1.0,3,21109.758000000176,0.0,0,21109.758000000176,100,3,1.0,0.0,2026-05-06 17:00:00+00:00,,,,,long,False,False,False,False,0.06618,-0.00498640072529466,0.004684194620731219,0.14022363251737668,0.09534602598972497,0.2976730129948624
BILL,2026050618,1.0,4,27882.54121976173,0.0,0,27882.54121976173,100,4,1.0,0.0,2026-05-06 18:00:00+00:00,1.0,6772.7832197615535,6772.7832197615535,0.0,long,True,False,False,False,0.06585,-0.009263477600607417,0.1652239939255884,0.07805618830675765,0.14700075930144263,0.29476082004555804
BILL,2026050619,1.0,3,17989.13500000016,0.0,0,17989.13500000016,100,3,1.0,0.0,2026-05-06 19:00:00+00:00,-1.0,-9893.406219761571,-9893.406219761571,0.0,long,False,True,False,False,0.06524,0.01916002452483112,0.19834457388105453,0.07188841201716745,0.15941140404659704,0.20263641937461663
BILL,2026050620,1.0,2,17586.05800000016,0.0,0,17586.05800000016,100,2,1.0,0.0,2026-05-06 20:00:00+00:00,-1.0,-403.0769999999975,-403.0769999999975,0.0,long,False,True,False,False,0.06649,0.1540081215220337,0.1349075048879531,0.05203790043615597,0.09745826440066185,
BILL,2026050621,1.0,1,10890.0,0.0,0,10890.0,100,1,1.0,0.0,2026-05-06 21:00:00+00:00,-1.0,-6696.058000000161,-6696.058000000161,0.0,long,False,True,False,False,0.07673,0.018897432555714744,-0.07480776749641616,-0.10113384595334296,-0.04717841782875032,
BILL,2026050622,1.0,1,10890.0,0.0,0,10890.0,100,1,1.0,0.0,2026-05-06 22:00:00+00:00,0.0,0.0,0.0,0.0,long,False,False,False,False,0.07818,-0.03479150677922738,-0.10552570990023014,-0.10539779994883602,-0.05538500895369658,
BILL,2026050623,1.0,1,10890.0,0.0,0,10890.0,100,1,1.0,0.0,2026-05-06 23:00:00+00:00,0.0,0.0,0.0,0.0,long,False,False,False,False,0.07546,-0.05923668168566132,-0.07301881791677711,-0.039358600583090375,-0.031009806520010508,
BILL,2026050701,1.0,1,10890.0,0.0,0,10890.0,100,1,1.0,0.0,2026-05-07 01:00:00+00:00,0.0,0.0,0.0,0.0,long,False,False,False,False,0.06993,0.00028600028600012095,0.00014300014300006048,0.0816530816530816,0.12083512083512082,
BILL,2026050702,1.0,1,10890.0,0.0,0,10890.0,100,1,1.0,0.0,2026-05-07 02:00:00+00:00,0.0,0.0,0.0,0.0,long,False,False,False,False,0.06995,-0.014010007147962744,0.03631165117941393,0.043173695496783404,0.11965689778413147,
BILL,2026050703,1.0,1,10890.0,0.0,0,10890.0,100,1,1.0,0.0,2026-05-07 03:00:00+00:00,0.0,0.0,0.0,0.0,long,False,False,False,False,0.06897,0.014064085834420759,0.09511381760185578,0.060026098303610054,0.18935769175003636,
BILL,2026050704,1.0,1,10890.0,0.0,0,10890.0,100,1,1.0,0.0,2026-05-07 04:00:00+00:00,0.0,0.0,0.0,0.0,long,False,False,False,False,0.06994,0.03645982270517578,0.08149842722333434,0.0559050614812695,0.24106376894480985,
BILL,2026050705,1.0,1,10890.0,0.0,0,10890.0,100,1,1.0,0.0,2026-05-07 05:00:00+00:00,0.0,0.0,0.0,0.0,long,False,False,False,False,0.07249,0.041936818871568526,0.006621602979721253,0.00869085391088431,0.18471513312180998,
BILL,2026050706,1.0,1,10890.0,0.0,0,10890.0,100,1,1.0,0.0,2026-05-07 06:00:00+00:00,0.0,0.0,0.0,0.0,long,False,False,False,False,0.07553,0.0014563749503508916,-0.03204024890771884,0.009267840593141896,0.1288229842446711,
BILL,2026050707,0.5,1,10882.138,0.5,1,10897.862,100,2,0.999278574,0.000721426,2026-05-07 07:00:00+00:00,1.0,7.8619999999991705,-7.8619999999991705,-0.000721426000000025,long,True,False,False,False,0.07564,-0.035298783712321646,-0.02366472765732419,0.0362242199894236,0.037281861448968945,
BILL,2026050708,1.0,1,10890.0,0.0,0,10890.0,100,1,1.0,0.0,2026-05-07 08:00:00+00:00,-1.0,-7.8619999999991705,7.8619999999991705,0.000721426000000025,long,False,True,False,False,0.07297,0.0019185966835686408,0.0020556393038235754,0.07331780183637115,,
BILL,2026050709,1.0,1,10890.0,0.0,0,10890.0,100,1,1.0,0.0,2026-05-07 09:00:00+00:00,0.0,0.0,0.0,0.0,long,False,False,False,False,0.07311,0.01012173437286279,0.04267542059909735,0.12200793325126535,,
BILL,2026050710,1.0,1,10890.0,0.0,0,10890.0,100,1,1.0,0.0,2026-05-07 10:00:00+00:00,0.0,0.0,0.0,0.0,long,False,False,False,False,0.07385,-0.009884901828029702,0.06134055517941772,0.17535545023696697,,
BILL,2026050711,1.0,1,10890.0,0.0,0,10890.0,100,1,1.0,0.0,2026-05-07 11:00:00+00:00,0.0,0.0,0.0,0.0,long,False,False,False,False,0.07312,0.042532822757111566,0.07111597374179435,0.17450765864332585,,
BILL,2026050712,1.0,1,10890.0,0.0,0,10890.0,100,1,1.0,0.0,2026-05-07 12:00:00+00:00,0.0,0.0,0.0,0.0,long,False,False,False,False,0.07623,0.02820411911321008,0.07608553063098511,0.11845730027548207,,
BILL,2026050713,1.0,1,10890.0,0.0,0,10890.0,100,1,1.0,0.0,2026-05-07 13:00:00+00:00,0.0,0.0,0.0,0.0,long,False,False,False,False,0.07838,-0.0007655014034192442,0.10742536361316657,0.0010206685378921776,,
BILL,2026050714,1.0,1,10890.0,0.0,0,10890.0,100,1,1.0,0.0,2026-05-07 14:00:00+00:00,0.0,0.0,0.0,0.0,long,False,False,False,False,0.07832,0.047369765066394454,0.09652706843718084,,,
BILL,2026050715,1.0,1,10890.0,0.0,0,10890.0,100,1,1.0,0.0,2026-05-07 15:00:00+00:00,0.0,0.0,0.0,0.0,long,False,False,False,False,0.08203,0.05814945751554301,0.039375838108009154,,,
BILL,2026050716,1.0,2,25916.13900000063,0.0,0,25916.13900000063,100,2,1.0,0.0,2026-05-07 16:00:00+00:00,1.0,15026.139000000629,15026.139000000629,0.0,long,True,False,False,False,0.0868,-0.010599078341013923,-0.09608294930875572,,,
BILL,2026050717,1.0,3,36846.8960000008,0.0,0,36846.8960000008,100,3,1.0,0.0,2026-05-07 17:00:00+00:00,1.0,10930.757000000172,10930.757000000172,0.0,long,True,False,False,False,0.08588,-0.007219375873311562,,,,
BILL,2026050718,1.0,3,36846.8960000008,0.0,0,36846.8960000008,100,3,1.0,0.0,2026-05-07 18:00:00+00:00,0.0,0.0,0.0,0.0,long,False,False,False,False,0.08526,-0.07975604034717332,,,,
BILL,2026050719,1.0,3,36846.8960000008,0.0,0,36846.8960000008,100,3,1.0,0.0,2026-05-07 19:00:00+00:00,0.0,0.0,0.0,0.0,long,False,False,False,False,0.07846,,,,,
BILL,2026050720,1.0,1,10890.0,0.0,0,10890.0,100,1,1.0,0.0,2026-05-07 20:00:00+00:00,-2.0,-25956.8960000008,-25956.8960000008,0.0,long,False,True,False,False,,,,,,
BILL,2026050721,1.0,1,10890.0,0.0,0,10890.0,100,1,1.0,0.0,2026-05-07 21:00:00+00:00,0.0,0.0,0.0,0.0,long,False,False,False,False,,,,,,
BILL,2026050722,1.0,2,20890.336,0.0,0,20890.336,100,2,1.0,0.0,2026-05-07 22:00:00+00:00,1.0,10000.336,10000.336,0.0,long,True,False,False,False,,,,,,
BILL,2026050723,1.0,1,10890.0,0.0,0,10890.0,100,1,1.0,0.0,2026-05-07 23:00:00+00:00,-1.0,-10000.336,-10000.336,0.0,long,False,True,False,False,,,,,,
BILL,2026050801,0.5,2,17899.39899999999,0.5,2,23875.60100000001,100,4,0.8748470876,0.1251529124,2026-05-08 01:00:00+00:00,3.0,12985.60100000001,7009.39899999999,-0.12515291240000004,long,True,False,False,False,,,,,,
BILL,2026050802,0.5,1,9641.002612456745,0.5,1,12138.997387543255,100,2,0.8971086863,0.1028913137,2026-05-08 02:00:00+00:00,-2.0,-11736.603612456754,-8258.396387543246,0.022261598699999996,long,False,True,False,False,,,,,,
BILL,2026050803,0.5,1,9641.002612456745,0.5,1,12138.997387543255,100,2,0.8971086863,0.1028913137,2026-05-08 03:00:00+00:00,0.0,0.0,0.0,0.0,long,False,False,False,False,,,,,,
BILL,2026050804,1.0,1,10890.0,0.0,0,10890.0,100,1,1.0,0.0,2026-05-08 04:00:00+00:00,-1.0,-1248.9973875432552,1248.9973875432552,0.10289131370000004,long,False,True,False,False,,,,,,
BILL,2026050805,1.0,1,10890.0,0.0,0,10890.0,100,1,1.0,0.0,2026-05-08 05:00:00+00:00,0.0,0.0,0.0,0.0,long,False,False,False,False,,,,,,
BILL,2026050806,1.0,2,20899.271000000233,0.0,0,20899.271000000233,100,2,1.0,0.0,2026-05-08 06:00:00+00:00,1.0,10009.271000000233,10009.271000000233,0.0,long,True,False,False,False,,,,,,
BILL,2026050807,1.0,1,10890.0,0.0,0,10890.0,100,1,1.0,0.0,2026-05-08 07:00:00+00:00,-1.0,-10009.271000000233,-10009.271000000233,0.0,long,False,True,False,False,,,,,,
BILL,2026050808,1.0,1,10890.0,0.0,0,10890.0,100,1,1.0,0.0,2026-05-08 08:00:00+00:00,0.0,0.0,0.0,0.0,long,False,False,False,False,,,,,,
BILL,2026050809,1.0,1,10890.0,0.0,0,10890.0,100,1,1.0,0.0,2026-05-08 09:00:00+00:00,0.0,0.0,0.0,0.0,long,False,False,False,False,,,,,,
BILL,2026050810,1.0,1,10890.0,0.0,0,10890.0,100,1,1.0,0.0,2026-05-08 10:00:00+00:00,0.0,0.0,0.0,0.0,long,False,False,False,False,,,,,,
BILL,2026050811,1.0,1,10890.0,0.0,0,10890.0,100,1,1.0,0.0,2026-05-08 11:00:00+00:00,0.0,0.0,0.0,0.0,long,False,False,False,False,,,,,,
BILL,2026050812,0.5,1,10741.24,0.5,1,11038.76,100,2,0.9865238486,0.0134761514,2026-05-08 12:00:00+00:00,1.0,148.76000000000022,-148.76000000000022,-0.013476151400000025,long,True,False,False,False,,,,,,
BILL,2026050813,1.0,2,25931.724000000737,0.0,0,25931.724000000737,100,2,1.0,0.0,2026-05-08 13:00:00+00:00,0.0,14892.964000000737,15190.484000000737,0.013476151400000025,long,True,False,False,False,,,,,,
BILL,2026050814,1.0,2,25931.724000000737,0.0,0,25931.724000000737,100,2,1.0,0.0,2026-05-08 14:00:00+00:00,0.0,0.0,0.0,0.0,long,False,False,False,False,,,,,,
BILL,2026050815,0.6666666666,2,24934.624000000735,0.3333333333,1,26928.824000000735,100,3,0.962972761,0.037027239,2026-05-08 15:00:00+00:00,1.0,997.0999999999985,-997.1000000000022,-0.037027239000000045,long,True,False,False,False,,,,,,
BILL,2026050816,0.6666666666,2,22946.84300000073,0.3333333333,1,28916.605000000745,100,3,0.8967762294,0.1032237706,2026-05-08 16:00:00+00:00,0.0,1987.78100000001,-1987.7810000000063,-0.06619653159999994,long,True,False,False,False,,,,,,
BILL,2026050817,0.6666666666,2,20447.21900000073,0.3333333333,1,31416.229000000745,100,3,0.8254244645,0.1745755355,2026-05-08 17:00:00+00:00,0.0,2499.624,-2499.624,-0.07135176490000006,long,True,False,False,False,,,,,,
BILL,2026050818,0.6666666666,2,20447.21900000073,0.3333333333,1,31416.229000000745,100,3,0.8254244645,0.1745755355,2026-05-08 18:00:00+00:00,0.0,0.0,0.0,0.0,long,False,False,False,False,,,,,,
BILL,2026050819,0.6666666666,2,18456.13600000066,0.3333333333,1,33407.31200000081,100,3,0.7762289884,0.2237710116,2026-05-08 19:00:00+00:00,0.0,1991.0830000000678,-1991.0830000000678,-0.04919547609999997,long,True,False,False,False,,,,,,
BILL,2026050820,0.6666666666,2,14182.08500000052,0.3333333333,1,37681.36300000095,100,3,0.6881843419,0.3118156581,2026-05-08 20:00:00+00:00,0.0,4274.051000000138,-4274.051000000141,-0.08804464649999999,long,True,False,False,False,,,,,,
BILL,2026050821,1.0,2,30944.409000000673,0.0,0,30944.409000000673,100,2,1.0,0.0,2026-05-08 21:00:00+00:00,-1.0,-6736.954000000278,16762.324000000153,0.3118156581,long,False,True,False,False,,,,,,
BILL,2026050822,1.0,2,30944.409000000673,0.0,0,30944.409000000673,100,2,1.0,0.0,2026-05-08 22:00:00+00:00,0.0,0.0,0.0,0.0,long,False,False,False,False,,,,,,
BILL,2026050823,0.5,1,9892.224,0.5,1,11887.776,100,2,0.9160670591,0.0839329409,2026-05-08 23:00:00+00:00,0.0,-19056.63300000067,-21052.185000000674,-0.08393294090000003,long,False,True,False,False,,,,,,
BILL,2026050901,0.5,1,8947.875554216862,0.5,1,12832.124445783136,100,2,0.8486513707,0.1513486293,2026-05-09 01:00:00+00:00,0.0,944.3484457831364,-944.3484457831382,-0.0674156884,long,True,False,False,False,,,,,,
BILL,2026050902,0.6666666666,2,28978.859554217765,0.3333333333,1,32863.10844578404,100,3,0.9409025945,0.0590974055,2026-05-09 02:00:00+00:00,1.0,20030.984000000906,20030.984000000903,0.09225122380000006,long,True,False,False,False,,,,,,
BILL,2026050903,0.6666666666,2,28978.859554217765,0.3333333333,1,32863.10844578404,100,3,0.9409025945,0.0590974055,2026-05-09 03:00:00+00:00,0.0,0.0,0.0,0.0,long,False,False,False,False,,,,,,
BILL,2026050904,0.6666666666,2,26997.777554217544,0.3333333333,1,34878.734445783826,100,3,0.8870234683,0.1129765317,2026-05-09 04:00:00+00:00,0.0,2015.6259999997856,-1981.0820000002204,-0.053879126200000016,long,True,False,False,False,,,,,,
BILL,2026050905,0.3333333333,1,8864.68327091634,0.6666666667,2,12915.31672908366,100,3,0.8431848965,0.1568151035,2026-05-09 05:00:00+00:00,0.0,-21963.417716700165,-18133.094283301205,-0.04383857180000006,long,False,True,False,False,,,,,,
SNDK,2026050605,0.0,0,-67399.929,1.0,2,67399.929,100,2,0.0,1.0,2026-05-06 05:00:00+00:00,,,,,short,False,False,False,False,1502.7,-0.005057563053171066,-0.0012643907632927665,-0.021295002329140833,-0.0819857589671924,-0.07366739868237171
SNDK,2026050606,0.0,0,-68389.329,1.0,2,68389.329,100,2,0.0,1.0,2026-05-06 06:00:00+00:00,0.0,989.3999999999942,-989.3999999999942,0.0,short,False,False,True,False,1495.1,0.0012039328473012478,-0.008226874456558009,-0.021737676409604667,-0.06481171827971366,-0.07069761219985271
SNDK,2026050607,0.0,0,-68389.329,1.0,2,68389.329,100,2,0.0,1.0,2026-05-06 07:00:00+00:00,0.0,0.0,0.0,0.0,short,False,False,False,False,1496.9,0.0026053844612197175,-0.012024851359476285,-0.06907609058721365,-0.0558487540917898,-0.06279644598837597
SNDK,2026050608,0.0,0,-68389.329,1.0,2,68389.329,100,2,0.0,1.0,2026-05-06 08:00:00+00:00,0.0,0.0,0.0,0.0,short,False,False,False,False,1500.8,-0.011993603411513898,-0.020055970149253644,-0.0639658848614072,-0.07302771855010659,-0.08128997867803833
SNDK,2026050609,0.0,0,-68389.329,1.0,2,68389.329,100,2,0.0,1.0,2026-05-06 09:00:00+00:00,0.0,0.0,0.0,0.0,short,False,False,False,False,1482.8,-0.002630159158348966,-0.013622875640679877,-0.05752630159158345,-0.07040733746965189,-0.07526301591583484
SNDK,2026050610,0.0,0,-68389.329,1.0,2,68389.329,100,2,0.0,1.0,2026-05-06 10:00:00+00:00,0.0,0.0,0.0,0.0,short,False,False,False,False,1478.9,-0.0055446615727906545,-0.05774562174589226,-0.06680641016972089,-0.0649807289201434,-0.07228345391845292
SNDK,2026050611,0.0,0,-68389.329,1.0,2,68389.329,100,2,0.0,1.0,2026-05-06 11:00:00+00:00,0.0,0.0,0.0,0.0,short,False,False,False,False,1470.7,-0.005507581423811914,-0.04480859454681452,-0.062011287142177185,-0.05759162303664922,-0.0720745223363024
SNDK,2026050612,0.0,0,-68389.329,1.0,2,68389.329,100,2,0.0,1.0,2026-05-06 12:00:00+00:00,0.0,0.0,0.0,0.0,short,False,False,False,False,1462.6,-0.04724463284561731,-0.04450977710925741,-0.04403117735539441,-0.054423629153562136,-0.06091891152741691
SNDK,2026050613,0.0,0,-82538.473,1.0,2,82538.473,100,2,0.0,1.0,2026-05-06 13:00:00+00:00,0.0,14149.144,-14149.144,0.0,short,False,False,True,False,1393.5,0.008109077861499836,-0.009616074632221139,0.014208826695371268,7.176175098666526e-05,-0.02669537136706135
SNDK,2026050614,0.0,0,-68491.38089473684,1.0,2,68491.38089473684,100,2,0.0,1.0,2026-05-06 14:00:00+00:00,0.0,-14047.09210526316,14047.09210526316,0.0,short,False,False,False,True,1404.8,-0.005196469248291535,-0.01800968109339407,-0.009681093394077411,-0.016372437357630942,-0.033100797266514825
SNDK,2026050615,0.0,0,-68491.38089473684,1.0,2,68491.38089473684,100,2,0.0,1.0,2026-05-06 15:00:00+00:00,0.0,0.0,0.0,0.0,short,False,False,False,False,1397.5,-0.012450805008944577,0.0005008944543829497,-0.013667262969588534,-0.010375670840787166,-0.042576028622540285
SNDK,2026050616,0.0,0,-68491.38089473684,1.0,2,68491.38089473684,100,2,0.0,1.0,2026-05-06 16:00:00+00:00,0.0,0.0,0.0,0.0,short,False,False,False,False,1380.1,-0.00043475110499235914,0.024056227809579056,0.0019563799724657827,-0.0015940873849720205,-0.033548293601912915
SNDK,2026050617,0.0,0,-68491.38089473684,1.0,2,68491.38089473684,100,2,0.0,1.0,2026-05-06 17:00:00+00:00,0.0,0.0,0.0,0.0,short,False,False,False,False,1379.5,0.013555636100036184,0.008481333816600323,0.004711852120333537,0.009061254077564307,-0.03907212758245748
SNDK,2026050618,0.0,0,-68491.38089473684,1.0,2,68491.38089473684,100,2,0.0,1.0,2026-05-06 18:00:00+00:00,0.0,0.0,0.0,0.0,short,False,False,False,False,1398.2,0.010799599485052047,-0.014161064225432618,-0.010871120011443303,-0.006293806322414497,-0.06765841796595629
SNDK,2026050619,0.0,0,-68491.38089473684,1.0,2,68491.38089473684,100,2,0.0,1.0,2026-05-06 19:00:00+00:00,0.0,0.0,0.0,0.0,short,False,False,False,False,1413.3,-0.0156371612538031,-0.021580697657963666,-0.013939007995471653,-0.007358664119436642,-0.06467133658812696
SNDK,2026050620,0.0,0,-78484.36189473685,1.0,2,78484.36189473685,100,2,0.0,1.0,2026-05-06 20:00:00+00:00,0.0,9992.981000000014,-9992.981000000014,0.0,short,False,False,True,False,1391.2,-0.009200690051753835,-0.0037377803335250093,-0.006756756756756799,-0.00891316848763668,
SNDK,2026050621,0.5,1,-63876.83074007415,1.0,2,73858.13074007415,100,2,0.0675707596,0.9324292404,2026-05-06 21:00:00+00:00,0.0,-4626.2311546627025,14607.531154662705,0.0675707596,short,False,False,False,True,1378.4,0.0031921067904816525,0.0033372025536853034,0.0033372025536853034,-0.0052234474753337645,
SNDK,2026050622,0.5,1,-50939.326740074146,1.0,2,86795.63474007415,100,2,0.2065559409,0.7934440591,2026-05-06 22:00:00+00:00,0.0,12937.504,12937.504,0.1389851813,short,False,False,True,True,1382.8,0.0023141452126120843,0.007810240092565701,-0.003543534856812136,-0.007810240092565812,
SNDK,2026050623,0.5,1,2613.26644200433,1.0,2,95099.16355799566,100,2,0.513739692,0.486260308,2026-05-06 23:00:00+00:00,0.0,8303.528817921513,53552.593182078475,0.3071837511,long,False,False,False,False,1386.0,-0.0021645021645021467,-0.00303030303030305,0.0043290043290042934,-0.015367965367965364,
SNDK,2026050701,0.5,1,11748.61944200433,1.0,2,104234.51655799567,100,2,0.5563566649,0.4436433351,2026-05-07 01:00:00+00:00,0.0,9135.353000000003,9135.353,0.042616972899999994,long,False,False,False,False,1393.6,-0.008467278989667038,-0.011265786452353432,0.006673363949483591,-0.026765212399540772,
SNDK,2026050702,0.5,1,1726.2736205098652,1.0,2,114256.86237949012,100,2,0.5075543542,0.4924456458,2026-05-07 02:00:00+00:00,0.0,10022.345821494455,-10022.345821494466,-0.04880231070000007,long,False,False,False,False,1381.8,0.0008684324793748477,0.007381676074685206,-0.002171081198436786,-0.017006802721088454,
SNDK,2026050703,0.5,1,1726.2736205098652,1.0,2,114256.86237949012,100,2,0.5075543542,0.4924456458,2026-05-07 03:00:00+00:00,0.0,0.0,0.0,0.0,long,False,False,False,False,1383.0,-0.0036876355748372003,0.004627621113521441,-0.008532176428054927,-0.03253796095444683,
SNDK,2026050704,1.0,1,21744.49544200433,1.0,1,94238.64055799566,100,1,0.6153693183,0.3846306817,2026-05-07 04:00:00+00:00,-1.0,-20018.22182149446,20018.221821494462,0.10781496410000002,long,False,True,False,False,1377.9,0.010232963204876988,0.0181435517816968,-0.0042818782204805395,-0.03200522534291328,
SNDK,2026050705,1.0,1,21744.49544200433,1.0,1,94238.64055799566,100,1,0.6153693183,0.3846306817,2026-05-07 05:00:00+00:00,0.0,0.0,0.0,0.0,long,False,False,False,False,1392.0,-0.0018678160919539666,-0.009482758620689702,-0.01961206896551726,-0.04770114942528747,
SNDK,2026050706,1.0,1,21744.49544200433,1.0,1,94238.64055799566,100,1,0.6153693183,0.3846306817,2026-05-07 06:00:00+00:00,0.0,0.0,0.0,0.0,long,False,False,False,False,1389.4,0.009716424355836972,-0.013099179501943281,-0.011443788685763678,-0.06175327479487558,
SNDK,2026050707,1.0,1,21744.49544200433,1.0,1,94238.64055799566,100,1,0.6153693183,0.3846306817,2026-05-07 07:00:00+00:00,0.0,0.0,0.0,0.0,long,False,False,False,False,1402.9,-0.017178701261672313,-0.02202580369235163,-0.03321690783377296,-0.057737543659562296,
SNDK,2026050708,1.0,1,21744.49544200433,1.0,1,94238.64055799566,100,1,0.6153693183,0.3846306817,2026-05-07 08:00:00+00:00,0.0,0.0,0.0,0.0,long,False,False,False,False,1378.8,-0.0055120394545981055,-0.010226283724978136,-0.014868001160429412,,
SNDK,2026050709,1.0,1,21744.49544200433,1.0,1,94238.64055799566,100,1,0.6153693183,0.3846306817,2026-05-07 09:00:00+00:00,0.0,0.0,0.0,0.0,long,False,False,False,False,1371.2,0.0005834305717620225,0.0016773628938155927,-0.02421236872812138,,
SNDK,2026050710,1.0,1,21744.49544200433,1.0,1,94238.64055799566,100,1,0.6153693183,0.3846306817,2026-05-07 10:00:00+00:00,0.0,0.0,0.0,0.0,long,False,False,False,False,1372.0,-0.005320699708454724,-0.011443148688046634,-0.027842565597667623,,
SNDK,2026050711,1.0,1,21744.49544200433,1.0,1,94238.64055799566,100,1,0.6153693183,0.3846306817,2026-05-07 11:00:00+00:00,0.0,0.0,0.0,0.0,long,False,False,False,False,1364.7,0.006448303656481302,-0.004689675386531866,-0.028650985564593,,
SNDK,2026050712,1.0,1,21744.49544200433,1.0,1,94238.64055799566,100,1,0.6153693183,0.3846306817,2026-05-07 12:00:00+00:00,0.0,0.0,0.0,0.0,long,False,False,False,False,1373.5,-0.012522752093192646,-0.025846377866763692,-0.050891882053148985,,
SNDK,2026050713,1.0,1,21744.49544200433,1.0,1,94238.64055799566,100,1,0.6153693183,0.3846306817,2026-05-07 13:00:00+00:00,0.0,0.0,0.0,0.0,long,False,False,False,False,1356.3,0.0014746000147460858,-0.016589250165892522,-0.025363120253631077,,
SNDK,2026050714,1.0,1,21744.49544200433,1.0,1,94238.64055799566,100,1,0.6153693183,0.3846306817,2026-05-07 14:00:00+00:00,0.0,0.0,0.0,0.0,long,False,False,False,False,1358.3,-0.014945152028270625,-0.024074210410071406,,,
SNDK,2026050715,1.0,1,21744.49544200433,1.0,1,94238.64055799566,100,1,0.6153693183,0.3846306817,2026-05-07 15:00:00+00:00,0.0,0.0,0.0,0.0,long,False,False,False,False,1338.0,-0.003139013452914785,-0.025710014947683213,,,
SNDK,2026050716,1.0,1,21744.49544200433,1.0,1,94238.64055799566,100,1,0.6153693183,0.3846306817,2026-05-07 16:00:00+00:00,0.0,0.0,0.0,0.0,long,False,False,False,False,1333.8,-0.006147848253111432,-0.008921877342929818,,,
SNDK,2026050717,1.0,1,23229.49544200433,1.0,1,95723.64055799566,100,1,0.6213362514,0.3786637486,2026-05-07 17:00:00+00:00,0.0,1485.0,1485.0,0.005966933100000071,long,True,False,False,False,1325.6,-0.016596258298129163,,,,
SNDK,2026050718,1.0,1,23229.49544200433,1.0,1,95723.64055799566,100,1,0.6213362514,0.3786637486,2026-05-07 18:00:00+00:00,0.0,0.0,0.0,0.0,long,False,False,False,False,1303.6,0.014038048481129328,,,,
SNDK,2026050719,1.0,1,23229.49544200433,1.0,1,95723.64055799566,100,1,0.6213362514,0.3786637486,2026-05-07 19:00:00+00:00,0.0,0.0,0.0,0.0,long,False,False,False,False,1321.9,,,,,
SNDK,2026050720,1.0,1,23229.49544200433,1.0,1,95723.64055799566,100,1,0.6213362514,0.3786637486,2026-05-07 20:00:00+00:00,0.0,0.0,0.0,0.0,long,False,False,False,False,,,,,,
SNDK,2026050721,1.0,1,23229.49544200433,1.0,1,95723.64055799566,100,1,0.6213362514,0.3786637486,2026-05-07 21:00:00+00:00,0.0,0.0,0.0,0.0,long,False,False,False,False,,,,,,
SNDK,2026050722,1.0,1,23229.49544200433,1.0,1,95723.64055799566,100,1,0.6213362514,0.3786637486,2026-05-07 22:00:00+00:00,0.0,0.0,0.0,0.0,long,False,False,False,False,,,,,,
SNDK,2026050723,1.0,1,28221.53544200433,1.0,1,100715.68055799566,100,1,0.6401049731,0.3598950269,2026-05-07 23:00:00+00:00,0.0,4992.039999999994,4992.040000000001,0.01876872169999999,long,True,False,False,False,,,,,,
SNDK,2026050801,1.0,1,74445.974,0.0,0,74445.974,100,1,1.0,0.0,2026-05-08 01:00:00+00:00,0.0,-26269.706557995654,46224.43855799567,0.35989502689999997,long,False,True,False,False,,,,,,
SNDK,2026050802,1.0,1,74445.974,0.0,0,74445.974,100,1,1.0,0.0,2026-05-08 02:00:00+00:00,0.0,0.0,0.0,0.0,long,False,False,False,False,,,,,,
SNDK,2026050803,1.0,1,74445.974,0.0,0,74445.974,100,1,1.0,0.0,2026-05-08 03:00:00+00:00,0.0,0.0,0.0,0.0,long,False,False,False,False,,,,,,
SNDK,2026050804,1.0,1,74445.974,0.0,0,74445.974,100,1,1.0,0.0,2026-05-08 04:00:00+00:00,0.0,0.0,0.0,0.0,long,False,False,False,False,,,,,,
SNDK,2026050805,1.0,1,74445.974,0.0,0,74445.974,100,1,1.0,0.0,2026-05-08 05:00:00+00:00,0.0,0.0,0.0,0.0,long,False,False,False,False,,,,,,
SNDK,2026050806,1.0,1,74445.974,0.0,0,74445.974,100,1,1.0,0.0,2026-05-08 06:00:00+00:00,0.0,0.0,0.0,0.0,long,False,False,False,False,,,,,,
SNDK,2026050807,1.0,1,74445.974,0.0,0,74445.974,100,1,1.0,0.0,2026-05-08 07:00:00+00:00,0.0,0.0,0.0,0.0,long,False,False,False,False,,,,,,
SNDK,2026050808,1.0,1,74445.974,0.0,0,74445.974,100,1,1.0,0.0,2026-05-08 08:00:00+00:00,0.0,0.0,0.0,0.0,long,False,False,False,False,,,,,,
SNDK,2026050809,1.0,1,74445.974,0.0,0,74445.974,100,1,1.0,0.0,2026-05-08 09:00:00+00:00,0.0,0.0,0.0,0.0,long,False,False,False,False,,,,,,
SNDK,2026050810,1.0,1,74445.974,0.0,0,74445.974,100,1,1.0,0.0,2026-05-08 10:00:00+00:00,0.0,0.0,0.0,0.0,long,False,False,False,False,,,,,,
SNDK,2026050811,1.0,1,74445.974,0.0,0,74445.974,100,1,1.0,0.0,2026-05-08 11:00:00+00:00,0.0,0.0,0.0,0.0,long,False,False,False,False,,,,,,
SNDK,2026050812,1.0,1,74445.974,0.0,0,74445.974,100,1,1.0,0.0,2026-05-08 12:00:00+00:00,0.0,0.0,0.0,0.0,long,False,False,False,False,,,,,,
SNDK,2026050813,1.0,1,74445.974,0.0,0,74445.974,100,1,1.0,0.0,2026-05-08 13:00:00+00:00,0.0,0.0,0.0,0.0,long,False,False,False,False,,,,,,
SNDK,2026050814,1.0,1,74445.974,0.0,0,74445.974,100,1,1.0,0.0,2026-05-08 14:00:00+00:00,0.0,0.0,0.0,0.0,long,False,False,False,False,,,,,,
SNDK,2026050815,1.0,1,74445.974,0.0,0,74445.974,100,1,1.0,0.0,2026-05-08 15:00:00+00:00,0.0,0.0,0.0,0.0,long,False,False,False,False,,,,,,
SNDK,2026050816,1.0,1,74445.974,0.0,0,74445.974,100,1,1.0,0.0,2026-05-08 16:00:00+00:00,0.0,0.0,0.0,0.0,long,False,False,False,False,,,,,,
SNDK,2026050817,1.0,1,74445.974,0.0,0,74445.974,100,1,1.0,0.0,2026-05-08 17:00:00+00:00,0.0,0.0,0.0,0.0,long,False,False,False,False,,,,,,
SNDK,2026050818,1.0,1,74445.974,0.0,0,74445.974,100,1,1.0,0.0,2026-05-08 18:00:00+00:00,0.0,0.0,0.0,0.0,long,False,False,False,False,,,,,,
SNDK,2026050819,1.0,1,74445.974,0.0,0,74445.974,100,1,1.0,0.0,2026-05-08 19:00:00+00:00,0.0,0.0,0.0,0.0,long,False,False,False,False,,,,,,
SNDK,2026050820,1.0,1,74445.974,0.0,0,74445.974,100,1,1.0,0.0,2026-05-08 20:00:00+00:00,0.0,0.0,0.0,0.0,long,False,False,False,False,,,,,,
SNDK,2026050821,1.0,1,74445.974,0.0,0,74445.974,100,1,1.0,0.0,2026-05-08 21:00:00+00:00,0.0,0.0,0.0,0.0,long,False,False,False,False,,,,,,
SNDK,2026050822,1.0,1,74445.974,0.0,0,74445.974,100,1,1.0,0.0,2026-05-08 22:00:00+00:00,0.0,0.0,0.0,0.0,long,False,False,False,False,,,,,,
SNDK,2026050823,1.0,1,74445.974,0.0,0,74445.974,100,1,1.0,0.0,2026-05-08 23:00:00+00:00,0.0,0.0,0.0,0.0,long,False,False,False,False,,,,,,
SNDK,2026050901,1.0,1,72450.974,1.0,1,76440.974,100,1,0.9739014314,0.0260985686,2026-05-09 01:00:00+00:00,0.0,1995.0,-1995.0,-0.02609856860000004,long,True,False,False,False,,,,,,
SNDK,2026050902,1.0,1,74445.974,0.0,0,74445.974,100,1,1.0,0.0,2026-05-09 02:00:00+00:00,0.0,-1995.0,1995.0,0.02609856860000004,long,False,True,False,False,,,,,,
SNDK,2026050903,1.0,1,74445.974,0.0,0,74445.974,100,1,1.0,0.0,2026-05-09 03:00:00+00:00,0.0,0.0,0.0,0.0,long,False,False,False,False,,,,,,
SNDK,2026050904,1.0,1,74445.974,0.0,0,74445.974,100,1,1.0,0.0,2026-05-09 04:00:00+00:00,0.0,0.0,0.0,0.0,long,False,False,False,False,,,,,,
SNDK,2026050905,0.5,1,58072.578,0.5,1,90819.37,100,2,0.819714715,0.180285285,2026-05-09 05:00:00+00:00,1.0,16373.395999999993,-16373.396,-0.18028528499999996,long,True,False,False,False,,,,,,
QQQ,2026050905,0.0,0,-362.9262,1.0,1,362.9262,100,1,0.0,1.0,2026-05-09 05:00:00+00:00,,,,,short,False,False,False,False,,,,,,
PYTH,2026050823,1.0,1,6008.2,0.0,0,6008.2,100,1,1.0,0.0,2026-05-08 23:00:00+00:00,,,,,long,False,False,False,False,0.05984,-0.011029411764705732,0.03074866310160429,0.027406417112299408,,
PYTH,2026050901,1.0,1,6008.2,0.0,0,6008.2,100,1,1.0,0.0,2026-05-09 01:00:00+00:00,0.0,0.0,0.0,0.0,long,False,False,False,False,0.05928,0.04048582995951411,0.04065452091767896,0.03475033738191624,,
PYTH,2026050902,1.0,1,6008.2,0.0,0,6008.2,100,1,1.0,0.0,2026-05-09 02:00:00+00:00,0.0,0.0,0.0,0.0,long,False,False,False,False,0.06168,0.0019455252918287869,-0.003242542153047978,0.003080415045395579,,
PYTH,2026050903,1.0,1,6008.2,0.0,0,6008.2,100,1,1.0,0.0,2026-05-09 03:00:00+00:00,0.0,0.0,0.0,0.0,long,False,False,False,False,0.0618,-0.0017799352750809128,0.0066343042071197456,,,
PYTH,2026050904,1.0,1,6008.2,0.0,0,6008.2,100,1,1.0,0.0,2026-05-09 04:00:00+00:00,0.0,0.0,0.0,0.0,long,False,False,False,False,0.06169,-0.0034041173609985487,-0.005673528934997618,,,
PYTH,2026050905,1.0,1,6008.2,0.0,0,6008.2,100,1,1.0,0.0,2026-05-09 05:00:00+00:00,0.0,0.0,0.0,0.0,long,False,False,False,False,0.06148,0.011873780091086639,0.006343526350032658,,,
BCH,2026050605,1.0,1,91241.53286928353,1.0,1,228107.8780872438,100,1,0.6999964526,0.3000035474,2026-05-06 05:00:00+00:00,,,,,long,False,False,False,False,477.1,-0.006287989939216088,-0.010479983232026813,-0.009641584573464757,-0.02452316076294292,-0.03437434500104808
BCH,2026050606,1.0,1,91241.53286928353,1.0,1,228107.8780872438,100,1,0.6999964526,0.3000035474,2026-05-06 06:00:00+00:00,0.0,0.0,0.0,0.0,long,False,False,False,False,474.1,-0.004429445264712117,-0.0052731491246572615,-0.007382408774520122,-0.0187724108837799,-0.02678759755325888
BCH,2026050607,1.0,1,-6823.82692503881,1.0,1,130042.51829292144,100,1,0.4737630929,0.5262369071,2026-05-06 07:00:00+00:00,0.0,-98065.35979432236,-98065.35979432234,-0.22623335969999997,short,False,False,False,False,472.0,0.00021186440677967155,0.0008474576271186862,-0.009110169491525433,-0.013983050847457656,-0.025423728813559365
BCH,2026050608,1.0,1,-6823.82692503881,1.0,1,130042.51829292144,100,1,0.4737630929,0.5262369071,2026-05-06 08:00:00+00:00,0.0,0.0,0.0,0.0,short,False,False,False,False,472.1,-0.0010590976488031867,0.0008472781190425049,-0.01948739673797939,-0.014827367083245058,-0.026265621690319874
BCH,2026050609,1.0,2,8522.863074961191,0.5,1,145389.20829292145,100,2,0.5293105078,0.4706894922,2026-05-06 09:00:00+00:00,1.0,15346.690000000017,15346.690000000002,0.05554741489999998,long,False,False,False,False,471.6,0.0016963528413909135,-0.0021204410517388084,-0.008481764206955011,-0.011450381679389388,-0.02650551314673455
BCH,2026050610,1.0,1,-6823.82692503881,1.0,1,130042.51829292144,100,1,0.4737630929,0.5262369071,2026-05-06 10:00:00+00:00,-1.0,-15346.690000000017,-15346.690000000002,-0.05554741489999998,short,False,False,False,False,472.4,0.00021168501270119044,-0.009949195596951732,-0.0101608806096527,-0.01693480101608802,-0.031117696867061784
BCH,2026050611,1.0,1,-6823.82692503881,1.0,1,130042.51829292144,100,1,0.4737630929,0.5262369071,2026-05-06 11:00:00+00:00,0.0,0.0,0.0,0.0,short,False,False,False,False,472.5,-0.0040211640211639255,-0.0203174603174604,-0.015026455026455054,-0.015026455026455054,-0.030264550264550327
BCH,2026050612,1.0,1,-6823.82692503881,1.0,1,130042.51829292144,100,1,0.4737630929,0.5262369071,2026-05-06 12:00:00+00:00,0.0,0.0,0.0,0.0,short,False,False,False,False,470.6,-0.006162345941351566,-0.006374840628984302,-0.011474713132171743,-0.013387165320867034,-0.02273693157671064
BCH,2026050613,1.0,1,-143057.0566089801,1.0,1,254086.07460898013,100,1,0.2184870189,0.7815129811,2026-05-06 13:00:00+00:00,0.0,124043.55631605869,-136233.22968394132,-0.255276074,short,False,False,True,False,467.7,-0.010262989095574104,-0.0002138122728243541,-0.004917682274962587,-0.007055805003207238,-0.026298909557408656
BCH,2026050614,1.0,1,-85783.80660898013,1.0,1,311359.3246089801,100,1,0.3622430744,0.6377569256,2026-05-06 14:00:00+00:00,0.0,57273.24999999997,57273.249999999985,0.14375605549999998,short,False,False,True,True,462.9,0.010153380859797112,0.00540073449989209,0.004752646359905022,0.002808381939943816,-0.024411319939511622
BCH,2026050615,1.0,1,-85783.80660898013,1.0,1,311359.3246089801,100,1,0.3622430744,0.6377569256,2026-05-06 15:00:00+00:00,0.0,0.0,0.0,0.0,short,False,False,False,False,467.6,0.0,-0.0051325919589393365,-0.0029940119760479833,-0.013045337895637332,-0.03699743370402053
BCH,2026050616,1.0,1,-30801.91860898013,1.0,1,366341.21260898013,100,1,0.4579600689,0.5420399311,2026-05-06 16:00:00+00:00,0.0,54981.888000000035,54981.888,0.09571699450000004,short,False,False,False,False,467.6,-0.0047048759623611325,-0.0047048759623611325,-0.006843455945252486,-0.016039349871685205,-0.038066723695466265
BCH,2026050617,1.0,1,-28513.688608980126,1.0,1,368629.4426089802,100,1,0.461324727,0.538675273,2026-05-06 17:00:00+00:00,0.0,2288.2300000000396,2288.230000000003,0.003364658099999973,short,False,False,False,False,465.4,-0.00042973785990541025,-0.0006446067898581154,0.0,-0.010098839707778251,-0.029651912333476527
BCH,2026050618,1.0,1,-28513.688608980126,1.0,1,368629.4426089802,100,1,0.461324727,0.538675273,2026-05-06 18:00:00+00:00,0.0,0.0,0.0,0.0,short,False,False,False,False,465.2,0.00042992261392948983,0.002149613069647449,-0.0019346517626827042,-0.008168529664660418,-0.031599312123817724
BCH,2026050619,1.0,1,-28513.688608980126,1.0,1,368629.4426089802,100,1,0.461324727,0.538675273,2026-05-06 19:00:00+00:00,0.0,0.0,0.0,0.0,short,False,False,False,False,465.4,-0.0006446067898581154,-0.0021486892995272733,-0.0021486892995272733,-0.011602922217447298,-0.03373442200257837
BCH,2026050620,1.0,1,-28513.688608980126,1.0,1,368629.4426089802,100,1,0.461324727,0.538675273,2026-05-06 20:00:00+00:00,0.0,0.0,0.0,0.0,short,False,False,False,False,465.1,0.002365082777897154,0.0006450225757901329,-0.0019350677273705097,-0.011610406364222836,-0.03268114384003451
BCH,2026050621,1.0,1,-28513.688608980126,1.0,1,368629.4426089802,100,1,0.461324727,0.538675273,2026-05-06 21:00:00+00:00,0.0,0.0,0.0,0.0,short,False,False,False,False,466.2,-0.0038610038610038533,-0.004075504075504055,-0.010081510081510037,-0.015229515229515211,-0.03560703560703549
BCH,2026050622,1.0,1,-28513.688608980126,1.0,1,368629.4426089802,100,1,0.461324727,0.538675273,2026-05-06 22:00:00+00:00,0.0,0.0,0.0,0.0,short,False,False,False,False,464.4,0.0021533161068045814,0.0,-0.00925925925925919,-0.014427217915589985,-0.03165374677002586
BCH,2026050623,1.0,1,42543.39681838654,1.0,1,427357.2891816134,100,1,0.549774975,0.450225025,2026-05-06 23:00:00+00:00,0.0,58727.84657263325,71057.08542736666,0.08845024800000006,long,False,False,False,False,465.4,-0.0023635582294799784,-0.0025784271594326835,-0.010098839707778251,-0.015470562956596434,-0.03330468414267296
BCH,2026050701,1.0,1,41780.88281838654,1.0,1,428119.80318161345,100,1,0.5487957839,0.4512042161,2026-05-07 01:00:00+00:00,0.0,762.5140000000247,-762.5140000000029,-0.0009791911000001097,long,False,False,False,False,464.4,-0.00043066322136087187,-0.00925925925925919,-0.009474590869939625,-0.019379844961240345,-0.029715762273901714
BCH,2026050702,1.0,1,41780.88281838654,1.0,1,428119.80318161345,100,1,0.5487957839,0.4512042161,2026-05-07 02:00:00+00:00,0.0,0.0,0.0,0.0,long,False,False,False,False,464.2,-0.005816458423093418,-0.007539853511417505,-0.009694097371822474,-0.02714347264110295,-0.03015941404567002
BCH,2026050703,1.0,1,41780.88281838654,1.0,1,428119.80318161345,100,1,0.5487957839,0.4512042161,2026-05-07 03:00:00+00:00,0.0,0.0,0.0,0.0,long,False,False,False,False,461.5,-0.0030335861321776347,-0.00021668472372704528,-0.005200433369447421,-0.02426868905742141,-0.024918743228602436
BCH,2026050704,1.0,1,41780.88281838654,1.0,1,428119.80318161345,100,1,0.5487957839,0.4512042161,2026-05-07 04:00:00+00:00,0.0,0.0,0.0,0.0,long,False,False,False,False,460.1,0.001304064333840449,-0.00021734405564011183,-0.005216257335361907,-0.022386437730928077,-0.021951749619647964
BCH,2026050705,1.0,1,41780.88281838654,1.0,1,428119.80318161345,100,1,0.5487957839,0.4512042161,2026-05-07 05:00:00+00:00,0.0,0.0,0.0,0.0,long,False,False,False,False,460.7,0.001519426958975556,-0.0021706099413935087,-0.005426524853483827,-0.019752550466681118,-0.02257434339049269
BCH,2026050706,1.0,1,41780.88281838654,1.0,1,428119.80318161345,100,1,0.5487957839,0.4512042161,2026-05-07 06:00:00+00:00,0.0,0.0,0.0,0.0,long,False,False,False,False,461.4,-0.0030342436064152434,-0.0049848287819678205,-0.0032509752925877766,-0.02362375379280446,-0.02514087559601208
BCH,2026050707,1.0,1,41780.88281838654,1.0,1,428119.80318161345,100,1,0.5487957839,0.4512042161,2026-05-07 07:00:00+00:00,0.0,0.0,0.0,0.0,long,False,False,False,False,460.0,-0.0006521739130435078,-0.0050000000000000044,-0.010000000000000009,-0.022391304347826102,-0.021739130434782594
BCH,2026050708,1.0,1,41780.88281838654,1.0,1,428119.80318161345,100,1,0.5487957839,0.4512042161,2026-05-07 08:00:00+00:00,0.0,0.0,0.0,0.0,long,False,False,False,False,459.7,-0.0013051990428539773,-0.0032629976071351097,-0.017620187078529415,-0.021318251033282554,-0.021753317380900583
BCH,2026050709,1.0,1,41780.88281838654,1.0,1,428119.80318161345,100,1,0.5487957839,0.4512042161,2026-05-07 09:00:00+00:00,0.0,0.0,0.0,0.0,long,False,False,False,False,459.1,-0.0030494445654541957,0.0017425397516879215,-0.019167937268568913,-0.020692659551296066,-0.020692659551296066
BCH,2026050710,1.0,1,41780.88281838654,1.0,1,428119.80318161345,100,1,0.5487957839,0.4512042161,2026-05-07 10:00:00+00:00,0.0,0.0,0.0,0.0,long,False,False,False,False,457.7,0.0010924186148131287,-0.005025125628140725,-0.017260214114048433,-0.01747869783701117,-0.01704173039108592
BCH,2026050711,1.0,1,41780.88281838654,1.0,1,428119.80318161345,100,1,0.5487957839,0.4512042161,2026-05-07 11:00:00+00:00,0.0,0.0,0.0,0.0,long,False,False,False,False,458.2,0.0037101702313400153,-0.014404190309908249,-0.014404190309908249,-0.018114360541248375,-0.017896115233522414
BCH,2026050712,1.0,1,137522.36456475395,1.0,1,332378.32143524603,100,1,0.7068762547,0.2931237453,2026-05-07 12:00:00+00:00,0.0,-95741.48174636741,95741.48174636741,0.1580804708000001,long,False,True,False,False,459.9,-0.009784735812133127,-0.020874103065883776,-0.020439225918677972,-0.0182648401826484,-0.02326592737551636
BCH,2026050713,1.0,1,178159.45126680747,1.0,1,291741.23473319254,100,1,0.8053381388,0.1946618612,2026-05-07 13:00:00+00:00,0.0,-40637.08670205349,40637.08670205352,0.09846188410000001,long,False,True,False,False,455.4,-0.008344312692138645,-0.012296881862099207,-0.012516469038208133,-0.010540184453227797,-0.013614404918752765
BCH,2026050714,1.0,1,178159.45126680747,1.0,1,291741.23473319254,100,1,0.8053381388,0.1946618612,2026-05-07 14:00:00+00:00,0.0,0.0,0.0,0.0,long,False,False,False,False,451.6,-0.002878653675819298,0.0,-0.0037643932683791848,-0.003100088573959381,-0.0022143489813994943
BCH,2026050715,1.0,1,212676.1321178518,1.0,1,279091.9938821482,100,1,0.8810143909,0.1189856091,2026-05-07 15:00:00+00:00,0.0,-12649.240851044364,34516.68085104434,0.07567625209999995,long,False,True,False,False,450.3,-0.0011103708638685594,0.00044414834554729055,-0.001554519209415961,-0.0006662225183211579,-0.0006662225183211579
BCH,2026050716,1.0,1,212676.1321178518,1.0,1,279091.9938821482,100,1,0.8810143909,0.1189856091,2026-05-07 16:00:00+00:00,0.0,0.0,0.0,0.0,long,False,False,False,False,449.8,0.0040017785682526785,-0.0002223210315696056,-0.0002223210315696056,0.0004446420631392112,0.00022232103156949456
BCH,2026050717,1.0,1,212676.1321178518,1.0,1,279091.9938821482,100,1,0.8810143909,0.1189856091,2026-05-07 17:00:00+00:00,0.0,0.0,0.0,0.0,long,False,False,False,False,451.6,-0.002435783879539466,-0.0037643932683791848,-0.0037643932683791848,-0.002878653675819298,-0.00022143489813997164
BCH,2026050718,1.0,1,225407.20617664908,1.0,1,270236.5678233509,100,1,0.9170553378,0.0829446622,2026-05-07 18:00:00+00:00,0.0,-8855.426058797282,12731.074058797269,0.03604094690000004,long,False,True,False,False,450.5,-0.0017758046614873013,-0.001997780244173075,0.002219755826859071,-0.0015538290788013054,0.0033296337402886067
BCH,2026050719,1.0,1,271061.41179533454,1.0,1,314359.92020466545,100,1,0.9311322696,0.0688677304,2026-05-07 19:00:00+00:00,0.0,44123.35238131456,45654.20561868546,0.014076931799999914,long,True,False,False,False,449.7,0.00044474093840340956,0.0,0.002001334222815343,0.0006671114076051143,0.004669779853235578
BCH,2026050720,1.0,1,271061.41179533454,1.0,1,314359.92020466545,100,1,0.9311322696,0.0688677304,2026-05-07 20:00:00+00:00,0.0,0.0,0.0,0.0,long,False,False,False,False,449.9,-0.0006668148477438907,0.0,0.0006668148477440017,-0.00044454323182929745,0.0006668148477440017
BCH,2026050721,1.0,1,271061.41179533454,1.0,1,314359.92020466545,100,1,0.9311322696,0.0688677304,2026-05-07 21:00:00+00:00,0.0,0.0,0.0,0.0,long,False,False,False,False,449.6,0.00022241992882565675,0.004225978647686812,0.000889679715302405,0.0,0.0013345195729537185
BCH,2026050722,1.0,1,271081.2348986495,1.0,1,314340.09710135055,100,1,0.9311909893,0.0688090107,2026-05-07 22:00:00+00:00,0.0,-19.823103314905893,19.8231033149641,5.8719700000042785e-05,long,False,True,False,False,449.7,0.00044474093840340956,0.002001334222815343,0.0006671114076051143,0.00044474093840340956,0.0026684456304202353
BCH,2026050723,1.0,1,331316.87006523623,1.0,1,374518.5039347638,100,1,0.9423237658,0.0576762342,2026-05-07 23:00:00+00:00,0.0,60178.40683341323,60235.635166586726,0.011132776499999997,long,True,False,False,False,449.9,0.0035563458546343796,0.0006668148477440017,0.0008890864636585949,0.0002222716159145932,0.0006668148477440017
BCH,2026050801,1.0,1,334551.89393846615,1.0,1,371283.48006153386,100,1,0.9505343112,0.0494656888,2026-05-08 01:00:00+00:00,0.0,-3235.0238732299185,3235.0238732299185,0.008210545399999991,long,False,True,False,False,450.6,-0.0008877052818464515,-0.0013315579227697327,-0.0013315579227697327,-0.0031069684864625247,0.005548158011540183
BCH,2026050802,1.0,1,334551.89393846615,1.0,1,371283.48006153386,100,1,0.9505343112,0.0494656888,2026-05-08 02:00:00+00:00,0.0,0.0,0.0,0.0,long,False,False,False,False,450.2,-0.00044424700133272044,0.00022212350066652675,-0.0011106175033318566,0.0008884940026656629,0.005108840515326563
BCH,2026050803,1.0,1,334551.89393846615,1.0,1,371283.48006153386,100,1,0.9505343112,0.0494656888,2026-05-08 03:00:00+00:00,0.0,0.0,0.0,0.0,long,False,False,False,False,450.0,0.0,-0.0004444444444444695,-0.000888888888888828,0.0,0.006000000000000005
BCH,2026050804,1.0,1,334551.89393846615,1.0,1,371283.48006153386,100,1,0.9505343112,0.0494656888,2026-05-08 04:00:00+00:00,0.0,0.0,0.0,0.0,long,False,False,False,False,450.0,0.0006666666666665932,0.0,-0.00022222222222223476,-0.00022222222222223476,0.004222222222222127
BCH,2026050805,1.0,1,334551.89393846615,1.0,1,371283.48006153386,100,1,0.9505343112,0.0494656888,2026-05-08 05:00:00+00:00,0.0,0.0,0.0,0.0,long,False,False,False,False,450.3,-0.0011103708638685594,-0.0013324450366423157,-0.0006662225183211579,0.0026648900732844094,0.0035531867643792125
BCH,2026050806,1.0,1,334551.89393846615,1.0,1,371283.48006153386,100,1,0.9505343112,0.0494656888,2026-05-08 06:00:00+00:00,0.0,0.0,0.0,0.0,long,False,False,False,False,449.8,0.0004446420631392112,-0.00044464206313910015,-0.0013339261894175225,0.004891062694530879,0.002223210315695834
BCH,2026050807,1.0,1,334551.89393846615,1.0,1,371283.48006153386,100,1,0.9505343112,0.0494656888,2026-05-08 07:00:00+00:00,0.0,0.0,0.0,0.0,long,False,False,False,False,450.0,-0.0006666666666667043,-0.00022222222222223476,-0.001777777777777767,0.0040000000000000036,0.00022222222222234578
BCH,2026050808,1.0,1,334551.89393846615,1.0,1,371283.48006153386,100,1,0.9505343112,0.0494656888,2026-05-08 08:00:00+00:00,0.0,0.0,0.0,0.0,long,False,False,False,False,449.7,-0.00022237046920159376,0.0006671114076051143,0.002001334222815343,0.001111852346008524,0.001111852346008524
BCH,2026050809,1.0,1,334551.89393846615,1.0,1,371283.48006153386,100,1,0.9505343112,0.0494656888,2026-05-08 09:00:00+00:00,0.0,0.0,0.0,0.0,long,False,False,False,False,449.6,0.0006672597864767482,-0.000889679715302516,0.000889679715302405,0.0013345195729537185,
BCH,2026050810,1.0,1,334551.89393846615,1.0,1,371283.48006153386,100,1,0.9505343112,0.0494656888,2026-05-08 10:00:00+00:00,0.0,0.0,0.0,0.0,long,False,False,False,False,449.9,0.0002222716159145932,-0.0015559013114024856,0.0,0.002222716159146376,
BCH,2026050811,1.0,1,334551.89393846615,1.0,1,371283.48006153386,100,1,0.9505343112,0.0494656888,2026-05-08 11:00:00+00:00,0.0,0.0,0.0,0.0,long,False,False,False,False,450.0,-0.001777777777777767,0.0013333333333334085,0.0033333333333334103,0.0004444444444444695,
BCH,2026050812,1.0,1,334551.89393846615,1.0,1,371283.48006153386,100,1,0.9505343112,0.0494656888,2026-05-08 12:00:00+00:00,0.0,0.0,0.0,0.0,long,False,False,False,False,449.2,0.0,0.0017809439002671734,0.006233303650934996,0.004897595725734671,
BCH,2026050813,1.0,1,334551.89393846615,1.0,1,371283.48006153386,100,1,0.9505343112,0.0494656888,2026-05-08 13:00:00+00:00,0.0,0.0,0.0,0.0,long,False,False,False,False,449.2,0.003116651825467498,0.001558325912733638,0.005788067675868369,0.008682101513802332,
BCH,2026050814,1.0,1,334551.89393846615,1.0,1,371283.48006153386,100,1,0.9505343112,0.0494656888,2026-05-08 14:00:00+00:00,0.0,0.0,0.0,0.0,long,False,False,False,False,450.6,-0.0013315579227697327,0.001997336884154377,-0.0008877052818464515,0.00421660008877045,
BCH,2026050815,1.0,1,334551.89393846615,1.0,1,371283.48006153386,100,1,0.9505343112,0.0494656888,2026-05-08 15:00:00+00:00,0.0,0.0,0.0,0.0,long,False,False,False,False,450.0,-0.00022222222222223476,0.004444444444444473,0.0004444444444444695,0.006000000000000005,
BCH,2026050816,1.0,1,334551.89393846615,1.0,1,371283.48006153386,100,1,0.9505343112,0.0494656888,2026-05-08 16:00:00+00:00,0.0,0.0,0.0,0.0,long,False,False,False,False,449.9,0.0035563458546343796,0.004223160702378381,0.002222716159146376,0.0044454323182929745,
BCH,2026050817,1.0,1,334551.89393846615,1.0,1,371283.48006153386,100,1,0.9505343112,0.0494656888,2026-05-08 17:00:00+00:00,0.0,0.0,0.0,0.0,long,False,False,False,False,451.5,0.001107419712070845,-0.0028792912513843083,-0.0028792912513843083,0.0008859357696566761,
BCH,2026050818,1.0,1,334551.89393846615,1.0,1,371283.48006153386,100,1,0.9505343112,0.0494656888,2026-05-08 18:00:00+00:00,0.0,0.0,0.0,0.0,long,False,False,False,False,452.0,-0.0004424778761061843,-0.0039823008849557695,-0.0013274336283186638,-0.0026548672566371057,
BCH,2026050819,1.0,1,334551.89393846615,1.0,1,371283.48006153386,100,1,0.9505343112,0.0494656888,2026-05-08 19:00:00+00:00,0.0,0.0,0.0,0.0,long,False,False,False,False,451.8,-0.0035413899955732964,-0.0019920318725100694,0.002877379371403199,-0.003762726870296551,
BCH,2026050820,1.0,1,334551.89393846615,1.0,1,371283.48006153386,100,1,0.9505343112,0.0494656888,2026-05-08 20:00:00+00:00,0.0,0.0,0.0,0.0,long,False,False,False,False,450.2,0.0,0.0,0.005108840515326563,0.0,
BCH,2026050821,1.0,1,334551.89393846615,1.0,1,371283.48006153386,100,1,0.9505343112,0.0494656888,2026-05-08 21:00:00+00:00,0.0,0.0,0.0,0.0,long,False,False,False,False,450.2,0.001554864504664577,0.0026654820079963226,0.005553087516659172,,
BCH,2026050822,1.0,1,334551.89393846615,1.0,1,371283.48006153386,100,1,0.9505343112,0.0494656888,2026-05-08 22:00:00+00:00,0.0,0.0,0.0,0.0,long,False,False,False,False,450.9,-0.0015524506542470284,0.0048791306276336766,0.002217786648924358,,
BCH,2026050823,1.0,1,334551.89393846615,1.0,1,371283.48006153386,100,1,0.9505343112,0.0494656888,2026-05-08 23:00:00+00:00,0.0,0.0,0.0,0.0,long,False,False,False,False,450.2,0.0026654820079963226,0.005108840515326563,0.0037760995113282902,,
BCH,2026050901,1.0,1,337894.63794324896,1.0,1,367940.73605675105,100,1,0.9591699217,0.0408300783,2026-05-09 01:00:00+00:00,0.0,-3342.744004782813,3342.744004782813,0.008635610500000057,long,False,True,False,False,453.1,-0.0013242109909512578,-0.0026484219819025157,-0.006621054954756178,,
BCH,2026050902,1.0,1,337894.63794324896,1.0,1,367940.73605675105,100,1,0.9591699217,0.0408300783,2026-05-09 02:00:00+00:00,0.0,0.0,0.0,0.0,long,False,False,False,False,452.5,0.00044198895027625085,-0.0013259668508287525,-0.005082872928176774,,
BCH,2026050903,1.0,1,333668.26994324895,1.0,1,372167.10405675106,100,1,0.9482774892,0.0517225108,2026-05-09 03:00:00+00:00,0.0,4226.368000000017,-4226.368000000017,-0.010892432500000049,long,True,False,False,False,452.7,-0.0017671747294013551,-0.004197039982328232,,,
BCH,2026050904,1.0,1,333668.26994324895,1.0,1,372167.10405675106,100,1,0.9482774892,0.0517225108,2026-05-09 04:00:00+00:00,0.0,0.0,0.0,0.0,long,False,False,False,False,451.9,0.0,-0.003983182119937978,,,
BCH,2026050905,1.0,1,333668.26994324895,1.0,1,372167.10405675106,100,1,0.9482774892,0.0517225108,2026-05-09 05:00:00+00:00,0.0,0.0,0.0,0.0,long,False,False,False,False,451.9,-0.0024341668510731163,-0.0037618942243858866,,,
UB,2026050605,0.5,1,4011.588714286445,0.5,1,33302.0372857152,100,2,0.5602303798,0.4397696202,2026-05-06 05:00:00+00:00,,,,,long,False,False,False,False,0.13801,-0.01927396565466266,-0.01354974277226273,-0.018114629374683,-0.003550467357437803,-0.03166437214694573
UB,2026050606,0.5,1,4011.588714286445,0.5,1,33302.0372857152,100,2,0.5602303798,0.4397696202,2026-05-06 06:00:00+00:00,0.0,0.0,0.0,0.0,long,False,False,False,False,0.13535,-0.011821204285186515,0.021130402659770953,-0.00842260805319539,0.04115256741780571,-0.010269671222755794
UB,2026050607,0.5,1,4011.588714286445,0.5,1,33302.0372857152,100,2,0.5602303798,0.4397696202,2026-05-06 07:00:00+00:00,0.0,0.0,0.0,0.0,long,False,False,False,False,0.13375,0.01786915887850471,0.013009345794392502,0.022878504672896982,0.0637757009345794,-0.015252336448598247
UB,2026050608,0.5,1,4011.588714286445,0.5,1,33302.0372857152,100,2,0.5602303798,0.4397696202,2026-05-06 08:00:00+00:00,0.0,0.0,0.0,0.0,long,False,False,False,False,0.13614,0.01520493609519602,-0.004627589246364194,-0.0005876303804908112,0.09387395328338455,-0.014029675334214953
UB,2026050609,0.5,1,4011.588714286445,0.5,1,33302.0372857152,100,2,0.5602303798,0.4397696202,2026-05-06 09:00:00+00:00,0.0,0.0,0.0,0.0,long,False,False,False,False,0.13821,-0.019680196801967975,-0.028941465885247153,-0.0010853049706968099,0.06786773750090447,-0.03226973446205039
UB,2026050610,0.5,1,4011.588714286445,0.5,1,33302.0372857152,100,2,0.5602303798,0.4397696202,2026-05-06 10:00:00+00:00,0.0,0.0,0.0,0.0,long,False,False,False,False,0.13549,0.00014761236991645,0.00974241641449547,0.030481954387777677,0.055280832533766366,0.012399439072994234
UB,2026050611,0.5,1,4011.588714286445,0.5,1,33302.0372857152,100,2,0.5602303798,0.4397696202,2026-05-06 11:00:00+00:00,0.0,0.0,0.0,0.0,long,False,False,False,False,0.13551,-0.009593387941849274,0.004058741052320736,0.014832853663936385,0.04058741052320869,-0.03726662238949152
UB,2026050612,0.5,1,4011.588714286445,0.5,1,33302.0372857152,100,2,0.5602303798,0.4397696202,2026-05-06 12:00:00+00:00,0.0,0.0,0.0,0.0,long,False,False,False,False,0.13421,0.01937262499068626,0.02868638700543924,0.04999627449519406,0.04612174949705694,-0.03911780046196267
UB,2026050613,0.5,1,4011.588714286445,0.5,1,33302.0372857152,100,2,0.5602303798,0.4397696202,2026-05-06 13:00:00+00:00,0.0,0.0,0.0,0.0,long,False,False,False,False,0.13681,-0.005482055405306663,0.020539434251882316,0.03998245742270301,0.01805423580147658,-0.07499451794459466
UB,2026050614,0.5,1,4011.588714286445,0.5,1,33302.0372857152,100,2,0.5602303798,0.4397696202,2026-05-06 14:00:00+00:00,0.0,0.0,0.0,0.0,long,False,False,False,False,0.13606,0.014699397324709595,0.010730560047038207,0.09451712479788332,0.02748787299720723,-0.045788622666470546
UB,2026050615,0.5,1,4011.588714286445,0.5,1,33302.0372857152,100,2,0.5602303798,0.4397696202,2026-05-06 15:00:00+00:00,0.0,0.0,0.0,0.0,long,False,False,False,False,0.13806,0.011299435028248705,0.020715630885122405,0.06902795885846746,0.013617267854556081,-0.10270896711574662
UB,2026050616,0.5,1,4011.588714286445,0.5,1,33302.0372857152,100,2,0.5602303798,0.4397696202,2026-05-06 16:00:00+00:00,0.0,0.0,0.0,0.0,long,False,False,False,False,0.13962,-0.015040825096690913,0.019051711789142,0.02406532015470564,-0.022919352528290915,-0.130783555364561
UB,2026050617,0.5,1,-2200.57128571416,0.5,1,27089.877285714592,100,2,0.4593838823,0.5406161177,2026-05-06 17:00:00+00:00,0.0,-6212.160000000611,-6212.160000000605,-0.10084649750000002,short,False,False,False,False,0.13752,0.024723676556137164,0.08289703315881325,0.0253781268179174,-0.0282140779522978,-0.10463932518906338
UB,2026050618,0.5,1,-260.1642857140478,0.5,1,29030.284285714704,100,2,0.4955190882,0.5044809118,2026-05-06 18:00:00+00:00,0.0,1940.407000000112,1940.407000000112,0.03613520590000002,short,False,False,False,False,0.14092,0.009650865739426528,0.047331819472040904,-0.0036900369003689537,-0.0493897246664774,-0.12276468918535333
UB,2026050619,0.0,0,-14645.224285714376,1.0,1,14645.224285714376,100,1,0.0,1.0,2026-05-06 19:00:00+00:00,-1.0,-14385.060000000329,-14385.060000000327,-0.4955190882,short,False,False,True,True,0.14228,0.04666854090525718,0.004919876300253145,-0.02108518414394156,-0.07429013213382063,-0.13599943772842282
UB,2026050620,0.0,0,-14645.224285714376,1.0,1,14645.224285714376,100,1,0.0,1.0,2026-05-06 20:00:00+00:00,0.0,0.0,0.0,0.0,short,False,False,False,False,0.14892,-0.008930969648133225,-0.05311576685468711,-0.06124093473005632,-0.09864356701584753,
UB,2026050621,0.0,0,-14645.224285714376,1.0,1,14645.224285714376,100,1,0.0,1.0,2026-05-06 21:00:00+00:00,0.0,0.0,0.0,0.0,short,False,False,False,False,0.14759,-0.031235178535131136,-0.048716037671929,-0.051832779998644773,-0.09377329087336539,
UB,2026050622,0.0,0,-14645.224285714376,1.0,1,14645.224285714376,100,1,0.0,1.0,2026-05-06 22:00:00+00:00,0.0,0.0,0.0,0.0,short,False,False,False,False,0.14298,-0.013778150790320298,-0.025877745139180397,-0.04588054273324926,-0.04063505385368593,
UB,2026050623,0.0,0,-14645.224285714376,1.0,1,14645.224285714376,100,1,0.0,1.0,2026-05-06 23:00:00+00:00,0.0,0.0,0.0,0.0,short,False,False,False,False,0.14101,-0.004325934330898562,-0.00858095170555273,-0.05226579675200327,-0.07481738883767108,
UB,2026050701,0.0,0,-14645.224285714376,1.0,1,14645.224285714376,100,1,0.0,1.0,2026-05-07 01:00:00+00:00,0.0,0.0,0.0,0.0,short,False,False,False,False,0.13928,0.0037334865020104413,-0.02053417576105665,-0.05435094773118898,-0.09139862148190692,
UB,2026050702,0.0,0,-14645.224285714376,1.0,1,14645.224285714376,100,1,0.0,1.0,2026-05-07 02:00:00+00:00,0.0,0.0,0.0,0.0,short,False,False,False,False,0.1398,0.0010014306151644448,-0.0440629470672389,-0.03984263233190288,-0.07131616595135915,
UB,2026050703,0.0,0,-14645.224285714376,1.0,1,14645.224285714376,100,1,0.0,1.0,2026-05-07 03:00:00+00:00,0.0,0.0,0.0,0.0,short,False,False,False,False,0.13994,-0.025153637273117035,-0.04273259968557963,-0.044233242818350726,-0.11476347005859655,
UB,2026050704,0.0,0,-14645.224285714376,1.0,1,14645.224285714376,100,1,0.0,1.0,2026-05-07 04:00:00+00:00,0.0,0.0,0.0,0.0,short,False,False,False,False,0.13642,-0.02037824365928753,-0.03452572936519582,0.005497727605922709,-0.11039437032693167,
UB,2026050705,0.0,0,-14645.224285714376,1.0,1,14645.224285714376,100,1,0.0,1.0,2026-05-07 05:00:00+00:00,0.0,0.0,0.0,0.0,short,False,False,False,False,0.13364,0.002394492666866199,0.004414845854534333,-0.023795270876983077,-0.07864411852738706,
UB,2026050706,0.0,0,-14645.224285714376,1.0,1,14645.224285714376,100,1,0.0,1.0,2026-05-07 06:00:00+00:00,0.0,0.0,0.0,0.0,short,False,False,False,False,0.13396,-0.016796058524932822,-0.00156763212899369,-0.037324574499850716,-0.07718722006569123,
UB,2026050707,0.0,0,-14645.224285714376,1.0,1,14645.224285714376,100,1,0.0,1.0,2026-05-07 07:00:00+00:00,0.0,0.0,0.0,0.0,short,False,False,False,False,0.13171,0.01913294358818618,0.041454711107736575,-0.039176979728190675,-0.06666160504137875,
UB,2026050708,0.0,0,-14645.224285714376,1.0,1,14645.224285714376,100,1,0.0,1.0,2026-05-07 08:00:00+00:00,0.0,0.0,0.0,0.0,short,False,False,False,False,0.13423,-0.003575951724651527,-0.02808612083736861,-0.03277955747597394,,
UB,2026050709,0.0,0,-14645.224285714376,1.0,1,14645.224285714376,100,1,0.0,1.0,2026-05-07 09:00:00+00:00,0.0,0.0,0.0,0.0,short,False,False,False,False,0.13375,0.0255700934579437,-0.03581308411214967,-0.0737943925233645,,
UB,2026050710,0.0,0,-14645.224285714376,1.0,1,14645.224285714376,100,1,0.0,1.0,2026-05-07 10:00:00+00:00,0.0,0.0,0.0,0.0,short,False,False,False,False,0.13717,-0.04891740176423409,-0.07742217686082953,-0.11525843843405992,,
UB,2026050711,0.0,0,-14645.224285714376,1.0,1,14645.224285714376,100,1,0.0,1.0,2026-05-07 11:00:00+00:00,0.0,0.0,0.0,0.0,short,False,False,False,False,0.13046,-0.011497777096428075,-0.004829066380499736,-0.05618580407787821,,
UB,2026050712,0.0,0,-14645.224285714376,1.0,1,14645.224285714376,100,1,0.0,1.0,2026-05-07 12:00:00+00:00,0.0,0.0,0.0,0.0,short,False,False,False,False,0.12896,-0.018687965260545836,-0.03939205955334979,-0.04140818858560791,,
UB,2026050713,0.0,0,-14645.224285714376,1.0,1,14645.224285714376,100,1,0.0,1.0,2026-05-07 13:00:00+00:00,0.0,0.0,0.0,0.0,short,False,False,False,False,0.12655,0.025918609245357604,-0.04101145792177008,-0.028605294350059207,,
UB,2026050714,0.0,0,-14645.224285714376,1.0,1,14645.224285714376,100,1,0.0,1.0,2026-05-07 14:00:00+00:00,0.0,0.0,0.0,0.0,short,False,False,False,False,0.12983,-0.04582916121081415,-0.051605946237387346,,,
UB,2026050715,0.0,0,-14645.224285714376,1.0,1,14645.224285714376,100,1,0.0,1.0,2026-05-07 15:00:00+00:00,0.0,0.0,0.0,0.0,short,False,False,False,False,0.12388,-0.02034226670971917,-0.002098805295447259,,,
UB,2026050716,0.0,0,-14645.224285714376,1.0,1,14645.224285714376,100,1,0.0,1.0,2026-05-07 16:00:00+00:00,0.0,0.0,0.0,0.0,short,False,False,False,False,0.12136,0.014584706657877478,0.012936717205009884,,,
UB,2026050717,0.0,0,-14645.224285714376,1.0,1,14645.224285714376,100,1,0.0,1.0,2026-05-07 17:00:00+00:00,0.0,0.0,0.0,0.0,short,False,False,False,False,0.12313,0.003979533826037551,,,,
UB,2026050718,0.0,0,-14645.224285714376,1.0,1,14645.224285714376,100,1,0.0,1.0,2026-05-07 18:00:00+00:00,0.0,0.0,0.0,0.0,short,False,False,False,False,0.12362,-0.00558162109690985,,,,
UB,2026050719,0.0,0,-14645.224285714376,1.0,1,14645.224285714376,100,1,0.0,1.0,2026-05-07 19:00:00+00:00,0.0,0.0,0.0,0.0,short,False,False,False,False,0.12293,,,,,
UB,2026050720,0.0,0,-14645.224285714376,1.0,1,14645.224285714376,100,1,0.0,1.0,2026-05-07 20:00:00+00:00,0.0,0.0,0.0,0.0,short,False,False,False,False,,,,,,
UB,2026050721,0.0,0,-14645.224285714376,1.0,1,14645.224285714376,100,1,0.0,1.0,2026-05-07 21:00:00+00:00,0.0,0.0,0.0,0.0,short,False,False,False,False,,,,,,
UB,2026050722,0.0,0,-14645.224285714376,1.0,1,14645.224285714376,100,1,0.0,1.0,2026-05-07 22:00:00+00:00,0.0,0.0,0.0,0.0,short,False,False,False,False,,,,,,
UB,2026050723,0.0,0,-14645.224285714376,1.0,1,14645.224285714376,100,1,0.0,1.0,2026-05-07 23:00:00+00:00,0.0,0.0,0.0,0.0,short,False,False,False,False,,,,,,
UB,2026050801,0.0,0,-14645.224285714376,1.0,1,14645.224285714376,100,1,0.0,1.0,2026-05-08 01:00:00+00:00,0.0,0.0,0.0,0.0,short,False,False,False,False,,,,,,
UB,2026050802,0.0,0,-14645.224285714376,1.0,1,14645.224285714376,100,1,0.0,1.0,2026-05-08 02:00:00+00:00,0.0,0.0,0.0,0.0,short,False,False,False,False,,,,,,
UB,2026050803,0.0,0,-14645.224285714376,1.0,1,14645.224285714376,100,1,0.0,1.0,2026-05-08 03:00:00+00:00,0.0,0.0,0.0,0.0,short,False,False,False,False,,,,,,
UB,2026050804,0.0,0,-14645.224285714376,1.0,1,14645.224285714376,100,1,0.0,1.0,2026-05-08 04:00:00+00:00,0.0,0.0,0.0,0.0,short,False,False,False,False,,,,,,
UB,2026050805,0.0,0,-14645.224285714376,1.0,1,14645.224285714376,100,1,0.0,1.0,2026-05-08 05:00:00+00:00,0.0,0.0,0.0,0.0,short,False,False,False,False,,,,,,
UB,2026050806,0.0,0,-14645.224285714376,1.0,1,14645.224285714376,100,1,0.0,1.0,2026-05-08 06:00:00+00:00,0.0,0.0,0.0,0.0,short,False,False,False,False,,,,,,
UB,2026050807,0.0,0,-14645.224285714376,1.0,1,14645.224285714376,100,1,0.0,1.0,2026-05-08 07:00:00+00:00,0.0,0.0,0.0,0.0,short,False,False,False,False,,,,,,
UB,2026050808,0.0,0,-14645.224285714376,1.0,1,14645.224285714376,100,1,0.0,1.0,2026-05-08 08:00:00+00:00,0.0,0.0,0.0,0.0,short,False,False,False,False,,,,,,
UB,2026050809,0.0,0,-14645.224285714376,1.0,1,14645.224285714376,100,1,0.0,1.0,2026-05-08 09:00:00+00:00,0.0,0.0,0.0,0.0,short,False,False,False,False,,,,,,
UB,2026050810,0.0,0,-14645.224285714376,1.0,1,14645.224285714376,100,1,0.0,1.0,2026-05-08 10:00:00+00:00,0.0,0.0,0.0,0.0,short,False,False,False,False,,,,,,
UB,2026050811,0.0,0,-14645.224285714376,1.0,1,14645.224285714376,100,1,0.0,1.0,2026-05-08 11:00:00+00:00,0.0,0.0,0.0,0.0,short,False,False,False,False,,,,,,
UB,2026050812,0.0,0,-14645.224285714376,1.0,1,14645.224285714376,100,1,0.0,1.0,2026-05-08 12:00:00+00:00,0.0,0.0,0.0,0.0,short,False,False,False,False,,,,,,
UB,2026050813,0.0,0,-14645.224285714376,1.0,1,14645.224285714376,100,1,0.0,1.0,2026-05-08 13:00:00+00:00,0.0,0.0,0.0,0.0,short,False,False,False,False,,,,,,
UB,2026050814,0.0,0,-14645.224285714376,1.0,1,14645.224285714376,100,1,0.0,1.0,2026-05-08 14:00:00+00:00,0.0,0.0,0.0,0.0,short,False,False,False,False,,,,,,
UB,2026050815,0.0,0,-14645.224285714376,1.0,1,14645.224285714376,100,1,0.0,1.0,2026-05-08 15:00:00+00:00,0.0,0.0,0.0,0.0,short,False,False,False,False,,,,,,
UB,2026050816,0.0,0,-14645.224285714376,1.0,1,14645.224285714376,100,1,0.0,1.0,2026-05-08 16:00:00+00:00,0.0,0.0,0.0,0.0,short,False,False,False,False,,,,,,
UB,2026050817,0.0,0,-14645.224285714376,1.0,1,14645.224285714376,100,1,0.0,1.0,2026-05-08 17:00:00+00:00,0.0,0.0,0.0,0.0,short,False,False,False,False,,,,,,
UB,2026050818,0.0,0,-14645.224285714376,1.0,1,14645.224285714376,100,1,0.0,1.0,2026-05-08 18:00:00+00:00,0.0,0.0,0.0,0.0,short,False,False,False,False,,,,,,
UB,2026050819,0.0,0,-14645.224285714376,1.0,1,14645.224285714376,100,1,0.0,1.0,2026-05-08 19:00:00+00:00,0.0,0.0,0.0,0.0,short,False,False,False,False,,,,,,
UB,2026050820,0.0,0,-14645.224285714376,1.0,1,14645.224285714376,100,1,0.0,1.0,2026-05-08 20:00:00+00:00,0.0,0.0,0.0,0.0,short,False,False,False,False,,,,,,
UB,2026050821,0.0,0,-14645.224285714376,1.0,1,14645.224285714376,100,1,0.0,1.0,2026-05-08 21:00:00+00:00,0.0,0.0,0.0,0.0,short,False,False,False,False,,,,,,
UB,2026050822,0.0,0,-14645.224285714376,1.0,1,14645.224285714376,100,1,0.0,1.0,2026-05-08 22:00:00+00:00,0.0,0.0,0.0,0.0,short,False,False,False,False,,,,,,
UB,2026050823,0.0,0,-14645.224285714376,1.0,1,14645.224285714376,100,1,0.0,1.0,2026-05-08 23:00:00+00:00,0.0,0.0,0.0,0.0,short,False,False,False,False,,,,,,
UB,2026050901,0.0,0,-14645.224285714376,1.0,1,14645.224285714376,100,1,0.0,1.0,2026-05-09 01:00:00+00:00,0.0,0.0,0.0,0.0,short,False,False,False,False,,,,,,
UB,2026050902,0.0,0,-14645.224285714376,1.0,1,14645.224285714376,100,1,0.0,1.0,2026-05-09 02:00:00+00:00,0.0,0.0,0.0,0.0,short,False,False,False,False,,,,,,
UB,2026050903,0.0,0,-14645.224285714376,1.0,1,14645.224285714376,100,1,0.0,1.0,2026-05-09 03:00:00+00:00,0.0,0.0,0.0,0.0,short,False,False,False,False,,,,,,
UB,2026050904,0.0,0,-14645.224285714376,1.0,1,14645.224285714376,100,1,0.0,1.0,2026-05-09 04:00:00+00:00,0.0,0.0,0.0,0.0,short,False,False,False,False,,,,,,
UB,2026050905,0.0,0,-14645.224285714376,1.0,1,14645.224285714376,100,1,0.0,1.0,2026-05-09 05:00:00+00:00,0.0,0.0,0.0,0.0,short,False,False,False,False,,,,,,
BABY,2026050605,1.0,1,10119.176000000043,0.0,0,10119.176000000043,100,1,1.0,0.0,2026-05-06 05:00:00+00:00,,,,,long,False,False,False,False,0.01753,-0.0011409013120364797,0.012549914432401499,0.00855675984027382,-0.007415858528237451,-0.01597261836851105
BABY,2026050606,1.0,1,10119.176000000043,0.0,0,10119.176000000043,100,1,1.0,0.0,2026-05-06 06:00:00+00:00,0.0,0.0,0.0,0.0,long,False,False,False,False,0.01751,0.0022844089091946795,0.00913763563677894,0.006282124500285535,-0.011993146773272567,-0.006282124500285646
BABY,2026050607,1.0,1,10119.176000000043,0.0,0,10119.176000000043,100,1,1.0,0.0,2026-05-06 07:00:00+00:00,0.0,0.0,0.0,0.0,long,False,False,False,False,0.01755,0.01139601139601143,0.004558404558404616,-0.0005698005698004938,-0.023361823361823353,-0.014245014245014231
BABY,2026050608,1.0,1,11215.47800000005,0.0,0,11215.47800000005,100,1,1.0,0.0,2026-05-06 08:00:00+00:00,0.0,1096.302000000007,1096.302000000007,0.0,long,True,False,False,False,0.01775,-0.004507042253520943,-0.003943661971830825,-0.022535211267605493,-0.021971830985915375,0.0016901408450704647
BABY,2026050609,1.0,1,11215.47800000005,0.0,0,11215.47800000005,100,1,1.0,0.0,2026-05-06 09:00:00+00:00,0.0,0.0,0.0,0.0,long,False,False,False,False,0.01767,-0.002263723825693398,-0.0028296547821166085,-0.02376910016977929,-0.015846066779853007,0.003961516694963141
BABY,2026050610,1.0,1,11215.47800000005,0.0,0,11215.47800000005,100,1,1.0,0.0,2026-05-06 10:00:00+00:00,0.0,0.0,0.0,0.0,long,False,False,False,False,0.01763,0.0028360748723768037,-0.005104934770277958,-0.018150879183210455,-0.019285309132161088,-0.003403289846852009
BABY,2026050611,1.0,1,11215.47800000005,0.0,0,11215.47800000005,100,1,1.0,0.0,2026-05-06 11:00:00+00:00,0.0,0.0,0.0,0.0,long,False,False,False,False,0.01768,-0.0033936651583711397,-0.01866515837104077,-0.015837104072398356,-0.02828054298642535,-0.0016968325791856254
BABY,2026050612,1.0,1,11215.47800000005,0.0,0,11215.47800000005,100,1,1.0,0.0,2026-05-06 12:00:00+00:00,0.0,0.0,0.0,0.0,long,False,False,False,False,0.01762,-0.004540295119182747,-0.020998864926220162,-0.018161180476730987,-0.040295119182746864,0.002837684449489286
BABY,2026050613,1.0,1,11215.47800000005,0.0,0,11215.47800000005,100,1,1.0,0.0,2026-05-06 13:00:00+00:00,0.0,0.0,0.0,0.0,long,False,False,False,False,0.01754,-0.010832383124287248,-0.013112884834663663,-0.022805017103762926,-0.03648802736602064,0.0068415051311288
BABY,2026050614,1.0,1,11215.47800000005,0.0,0,11215.47800000005,100,1,1.0,0.0,2026-05-06 14:00:00+00:00,0.0,0.0,0.0,0.0,long,False,False,False,False,0.01735,-0.0057636887608069065,0.0028818443804032867,0.0005763688760807018,-0.01729106628242083,0.019596541786743416
BABY,2026050615,1.0,1,11215.47800000005,0.0,0,11215.47800000005,100,1,1.0,0.0,2026-05-06 15:00:00+00:00,0.0,0.0,0.0,0.0,long,False,False,False,False,0.01725,0.003478260869565153,0.0028985507246375164,0.008115942028985357,-0.01739130434782621,0.03768115942028971
BABY,2026050616,1.0,1,11215.47800000005,0.0,0,11215.47800000005,100,1,1.0,0.0,2026-05-06 16:00:00+00:00,0.0,0.0,0.0,0.0,long,False,False,False,False,0.01731,0.005199306759098743,-0.009820912767186551,-0.0011554015020218689,-0.004043905257076874,0.028885037550548942
BABY,2026050617,1.0,1,11215.47800000005,0.0,0,11215.47800000005,100,1,1.0,0.0,2026-05-06 17:00:00+00:00,0.0,0.0,0.0,0.0,long,False,False,False,False,0.0174,-0.005747126436781547,-0.0022988505747125743,-0.01264367816091938,-0.008620689655172264,0.010919540229885172
BABY,2026050618,1.0,1,11215.47800000005,0.0,0,11215.47800000005,100,1,1.0,0.0,2026-05-06 18:00:00+00:00,0.0,0.0,0.0,0.0,long,False,False,False,False,0.0173,-0.009248554913294793,0.005202312138728349,-0.02254335260115592,0.005780346820809301,0.016184971098265777
BABY,2026050619,1.0,1,11215.47800000005,0.0,0,11215.47800000005,100,1,1.0,0.0,2026-05-06 19:00:00+00:00,0.0,0.0,0.0,0.0,long,False,False,False,False,0.01714,0.012835472578763163,0.00875145857642945,-0.014002333722287097,0.009334889148191472,0.023337222870478458
BABY,2026050620,1.0,1,11215.47800000005,0.0,0,11215.47800000005,100,1,1.0,0.0,2026-05-06 20:00:00+00:00,0.0,0.0,0.0,0.0,long,False,False,False,False,0.01736,0.001728110599078292,-0.010368663594469973,-0.017857142857142905,0.024193548387096753,0.005184331797235098
BABY,2026050621,1.0,1,11215.47800000005,0.0,0,11215.47800000005,100,1,1.0,0.0,2026-05-06 21:00:00+00:00,0.0,0.0,0.0,0.0,long,False,False,False,False,0.01739,-0.005750431282346091,-0.027602070155261504,-0.025301897642323157,0.020126509488211486,0.011500862564692405
BABY,2026050622,1.0,1,11215.47800000005,0.0,0,11215.47800000005,100,1,1.0,0.0,2026-05-06 22:00:00+00:00,0.0,0.0,0.0,0.0,long,False,False,False,False,0.01729,-0.0063620589936378424,-0.022556390977443663,-0.0028918449971082616,0.0161943319838056,0.00809716599190291
BABY,2026050623,1.0,1,11215.47800000005,0.0,0,11215.47800000005,100,1,1.0,0.0,2026-05-06 23:00:00+00:00,0.0,0.0,0.0,0.0,long,False,False,False,False,0.01718,-0.01571594877764837,-0.0075669383003493795,0.004074505238649717,0.027357392316647244,0.00814901047729899
BABY,2026050701,1.0,1,11215.47800000005,0.0,0,11215.47800000005,100,1,1.0,0.0,2026-05-07 01:00:00+00:00,0.0,0.0,0.0,0.0,long,False,False,False,False,0.0169,0.00887573964497057,0.020118343195266286,0.02366863905325456,0.04497041420118353,0.02130177514792919
BABY,2026050702,1.0,1,11215.47800000005,0.0,0,11215.47800000005,100,1,1.0,0.0,2026-05-07 02:00:00+00:00,0.0,0.0,0.0,0.0,long,False,False,False,False,0.01705,-0.0058651026392961825,0.011730205278592587,0.04281524926686231,0.03753665689149566,0.0029325513196480912
BABY,2026050703,1.0,1,11215.47800000005,0.0,0,11215.47800000005,100,1,1.0,0.0,2026-05-07 03:00:00+00:00,0.0,0.0,0.0,0.0,long,False,False,False,False,0.01695,0.01710914454277268,0.026548672566371723,0.04660766961651919,0.05604719764011801,0.00943952802359882
BABY,2026050704,1.0,1,11215.47800000005,0.0,0,11215.47800000005,100,1,1.0,0.0,2026-05-07 04:00:00+00:00,0.0,0.0,0.0,0.0,long,False,False,False,False,0.01724,0.0005800464037124531,0.0034802784222738303,0.019141531322505845,0.033062645011600944,-0.004640371229698181
BABY,2026050705,1.0,1,11215.47800000005,0.0,0,11215.47800000005,100,1,1.0,0.0,2026-05-07 05:00:00+00:00,0.0,0.0,0.0,0.0,long,False,False,False,False,0.01725,0.008695652173912993,0.030724637681159406,0.02318840579710124,0.01971014492753631,-0.011014492753623317
BABY,2026050706,1.0,1,11215.47800000005,0.0,0,11215.47800000005,100,1,1.0,0.0,2026-05-07 06:00:00+00:00,0.0,0.0,0.0,0.0,long,False,False,False,False,0.0174,-0.005747126436781547,0.019540229885057547,0.015517241379310542,0.010344827586206806,-0.02471264367816095
BABY,2026050707,1.0,1,11215.47800000005,0.0,0,11215.47800000005,100,1,1.0,0.0,2026-05-07 07:00:00+00:00,0.0,0.0,0.0,0.0,long,False,False,False,False,0.0173,0.02774566473988438,0.015606936416185047,0.020809248554913173,0.01387283236994219,-0.02254335260115592
BABY,2026050708,1.0,1,11215.47800000005,0.0,0,11215.47800000005,100,1,1.0,0.0,2026-05-07 08:00:00+00:00,0.0,0.0,0.0,0.0,long,False,False,False,False,0.01778,-0.0022497187851520106,-0.007311586051743646,-0.005061867266591635,-0.01856017997750281,-0.05174353205849269
BABY,2026050709,1.0,1,11215.47800000005,0.0,0,11215.47800000005,100,1,1.0,0.0,2026-05-07 09:00:00+00:00,0.0,0.0,0.0,0.0,long,False,False,False,False,0.01774,-0.009582863585118395,-0.003945885005636862,0.00901916572717032,-0.008455467869221911,-0.04453213077790297
BABY,2026050808,1.0,1,7480.996600000341,0.0,0,7480.996600000341,100,1,1.0,0.0,2026-05-08 08:00:00+00:00,0.0,-3734.4813999997095,-3734.4813999997095,0.0,long,False,True,False,False,0.01686,0.005338078291814874,0.0011862396204032066,-0.005338078291814985,0.007710557532621731,0.029655990510083052
BABY,2026050809,1.0,1,7480.996600000341,0.0,0,7480.996600000341,100,1,1.0,0.0,2026-05-08 09:00:00+00:00,0.0,0.0,0.0,0.0,long,False,False,False,False,0.01695,-0.0005899705014749124,-0.011209439528023557,-0.01828908554572284,0.0023598820058998715,
BABY,2026050810,1.0,1,7480.996600000341,0.0,0,7480.996600000341,100,1,1.0,0.0,2026-05-08 10:00:00+00:00,0.0,0.0,0.0,0.0,long,False,False,False,False,0.01694,-0.0035419126328217754,-0.008854781582054327,-0.015348288075560768,0.004132231404958775,
BABY,2026050811,1.0,1,8647.86220000074,0.0,0,8647.86220000074,100,1,1.0,0.0,2026-05-08 11:00:00+00:00,0.0,1166.8656000003994,1166.8656000003994,0.0,long,True,False,False,False,0.01688,-0.0071090047393364,-0.006516587677725005,0.005924170616113722,0.01954976303317535,
BABY,2026050812,1.0,1,8647.86220000074,0.0,0,8647.86220000074,100,1,1.0,0.0,2026-05-08 12:00:00+00:00,0.0,0.0,0.0,0.0,long,False,False,False,False,0.01676,0.0017899761336515052,-0.007159904534606354,0.015513126491646823,0.03281622911694493,
BABY,2026050813,1.0,1,8647.86220000074,0.0,0,8647.86220000074,100,1,1.0,0.0,2026-05-08 13:00:00+00:00,0.0,0.0,0.0,0.0,long,False,False,False,False,0.01679,-0.00119118522930306,-0.00655151876116733,0.003573555687909513,0.03394877903514004,
BABY,2026050814,1.0,1,8647.86220000074,0.0,0,8647.86220000074,100,1,1.0,0.0,2026-05-08 14:00:00+00:00,0.0,0.0,0.0,0.0,long,False,False,False,False,0.01677,-0.007751937984496249,0.012522361359570633,0.013118664281455139,0.033989266547406194,
BABY,2026050815,1.0,1,8647.86220000074,0.0,0,8647.86220000074,100,1,1.0,0.0,2026-05-08 15:00:00+00:00,0.0,0.0,0.0,0.0,long,False,False,False,False,0.01664,0.0024038461538462563,0.022836538461538547,0.021033653846153966,0.03425480769230771,
BABY,2026050816,1.0,1,8647.86220000074,0.0,0,8647.86220000074,100,1,1.0,0.0,2026-05-08 16:00:00+00:00,0.0,0.0,0.0,0.0,long,False,False,False,False,0.01668,0.017985611510791255,0.010191846522781711,0.019784172661870603,0.03537170263788969,
BABY,2026050817,1.0,1,10368.615400001005,0.0,0,10368.615400001005,100,1,1.0,0.0,2026-05-08 17:00:00+00:00,0.0,1720.7532000002648,1720.7532000002648,0.0,long,True,False,False,False,0.01698,0.002355712603062443,0.0005889281507658328,0.013545347467609048,0.0217903415783276,
BABY,2026050818,1.0,1,10368.615400001005,0.0,0,10368.615400001005,100,1,1.0,0.0,2026-05-08 18:00:00+00:00,0.0,0.0,0.0,0.0,long,False,False,False,False,0.01702,-0.0099882491186839,-0.001762632197414682,0.01703877790834296,0.021151586368977737,
BABY,2026050819,1.0,1,10368.615400001005,0.0,0,10368.615400001005,100,1,1.0,0.0,2026-05-08 19:00:00+00:00,0.0,0.0,0.0,0.0,long,False,False,False,False,0.01685,0.008308605341246444,0.00949554896142435,0.030267062314540016,0.03145400593471814,
BABY,2026050820,1.0,1,10368.615400001005,0.0,0,10368.615400001005,100,1,1.0,0.0,2026-05-08 20:00:00+00:00,0.0,0.0,0.0,0.0,long,False,False,False,False,0.01699,0.0,0.012948793407886905,0.020600353148911177,0.021777516185991663,
BABY,2026050821,1.0,1,10368.615400001005,0.0,0,10368.615400001005,100,1,1.0,0.0,2026-05-08 21:00:00+00:00,0.0,0.0,0.0,0.0,long,False,False,False,False,0.01699,0.0011771630370804864,0.018834608593290003,0.012948793407886905,,
BABY,2026050822,1.0,1,10368.615400001005,0.0,0,10368.615400001005,100,1,1.0,0.0,2026-05-08 22:00:00+00:00,0.0,0.0,0.0,0.0,long,False,False,False,False,0.01701,0.011757789535567165,0.020576131687242816,0.01528512639623747,,
BABY,2026050823,1.0,1,10368.615400001005,0.0,0,10368.615400001005,100,1,1.0,0.0,2026-05-08 23:00:00+00:00,0.0,0.0,0.0,0.0,long,False,False,False,False,0.01721,0.005810575246949501,0.007553747821034351,0.008134805345729301,,
BABY,2026050901,1.0,1,10368.615400001005,0.0,0,10368.615400001005,100,1,1.0,0.0,2026-05-09 01:00:00+00:00,0.0,0.0,0.0,0.0,long,False,False,False,False,0.01736,-0.0011520737327188613,-0.005184331797234987,0.0011520737327188613,,
BABY,2026050902,1.0,1,10368.615400001005,0.0,0,10368.615400001005,100,1,1.0,0.0,2026-05-09 02:00:00+00:00,0.0,0.0,0.0,0.0,long,False,False,False,False,0.01734,-0.007497116493656364,0.0005767012687427631,0.0011534025374855261,,
BABY,2026050903,1.0,1,10368.615400001005,0.0,0,10368.615400001005,100,1,1.0,0.0,2026-05-09 03:00:00+00:00,0.0,0.0,0.0,0.0,long,False,False,False,False,0.01721,0.0034863451481697005,0.009877977919814152,,,
BABY,2026050904,1.0,1,10368.615400001005,0.0,0,10368.615400001005,100,1,1.0,0.0,2026-05-09 04:00:00+00:00,0.0,0.0,0.0,0.0,long,False,False,False,False,0.01727,0.004632310364794501,0.006369426751592355,,,
BABY,2026050905,1.0,1,10368.615400001005,0.0,0,10368.615400001005,100,1,1.0,0.0,2026-05-09 05:00:00+00:00,0.0,0.0,0.0,0.0,long,False,False,False,False,0.01735,0.0017291066282421053,0.0005763688760807018,,,
CRCL,2026050605,1.0,1,58294.843,0.0,0,58294.843,100,1,1.0,0.0,2026-05-06 05:00:00+00:00,,,,,long,False,False,False,False,115.39,-0.00025998786723291367,0.032845133893751655,0.03891151746251831,0.03171851980240925,0.050697634110408174
CRCL,2026050606,1.0,1,58294.843,0.0,0,58294.843,100,1,1.0,0.0,2026-05-06 06:00:00+00:00,0.0,0.0,0.0,0.0,long,False,False,False,False,115.36,0.00043342579750338395,0.03424063800277399,0.012135922330097193,0.04334257975034683,0.06501386962552003
CRCL,2026050607,1.0,1,58294.843,0.0,0,58294.843,100,1,1.0,0.0,2026-05-06 07:00:00+00:00,0.0,0.0,0.0,0.0,long,False,False,False,False,115.41,0.03266614678104163,0.040551078762672166,0.00034659041677498337,0.05684082835109616,0.06559223637466438
CRCL,2026050608,1.0,1,58294.843,0.0,0,58294.843,100,1,1.0,0.0,2026-05-06 08:00:00+00:00,0.0,0.0,0.0,0.0,long,False,False,False,False,119.18,0.0010907870448060297,0.005873468702802365,-0.00906192314146681,0.016026178889075426,0.024165128377244383
CRCL,2026050609,1.0,1,58294.843,0.0,0,58294.843,100,1,1.0,0.0,2026-05-06 09:00:00+00:00,0.0,0.0,0.0,0.0,long,False,False,False,False,119.31,0.006537591149107458,-0.021372894141312493,-0.003939317743692938,0.008046266029670512,0.013578073925069267
CRCL,2026050610,1.0,1,58294.843,0.0,0,58294.843,100,1,1.0,0.0,2026-05-06 10:00:00+00:00,0.0,0.0,0.0,0.0,long,False,False,False,False,120.09,-0.0017486884836372951,-0.03863768840036641,0.00841035889749353,0.004746440169872468,0.006078774252643804
CRCL,2026050611,1.0,1,58294.843,0.0,0,58294.843,100,1,1.0,0.0,2026-05-06 11:00:00+00:00,0.0,0.0,0.0,0.0,long,False,False,False,False,119.88,-0.026026026026025995,-0.014848181514848235,-0.006923590256923573,0.009342676009342687,0.0036703370036703653
CRCL,2026050612,1.0,1,58294.843,0.0,0,58294.843,100,1,1.0,0.0,2026-05-06 12:00:00+00:00,0.0,0.0,0.0,0.0,long,False,False,False,False,116.76,-0.011219595751969846,0.017814319972593307,0.03083247687564228,0.028862624186365204,0.025522439191503876
CRCL,2026050613,1.0,1,58294.843,0.0,0,58294.843,100,1,1.0,0.0,2026-05-06 13:00:00+00:00,0.0,0.0,0.0,0.0,long,False,False,False,False,115.45,0.02295365959289719,0.04893893460372456,0.056474664356864324,0.04131658726721521,0.02312689475963614
CRCL,2026050614,1.0,1,58294.843,0.0,0,58294.843,100,1,1.0,0.0,2026-05-06 14:00:00+00:00,0.0,0.0,0.0,0.0,long,False,False,False,False,118.1,0.0062658763759526614,0.008044030482641906,0.025317527519051808,0.016765453005927133,-0.02557154953429297
CRCL,2026050615,1.0,1,69827.69,0.0,0,69827.69,100,1,1.0,0.0,2026-05-06 15:00:00+00:00,0.0,11532.847000000002,11532.847000000002,0.0,long,True,False,False,False,118.84,0.019017165937394775,0.01279030629417699,0.012032985526758688,0.013715920565466222,-0.05116122517670818
CRCL,2026050616,1.0,1,69827.69,0.0,0,69827.69,100,1,1.0,0.0,2026-05-06 16:00:00+00:00,0.0,0.0,0.0,0.0,long,False,False,False,False,121.1,-0.016928158546655636,0.007184145334434344,-0.003633360858794399,-0.0035507844756399454,-0.08414533443435179
CRCL,2026050617,1.0,1,69827.69,0.0,0,69827.69,100,1,1.0,0.0,2026-05-06 17:00:00+00:00,0.0,0.0,0.0,0.0,long,False,False,False,False,119.05,0.011003779924401602,0.0171356572868544,0.016379672406551915,0.01839563208735817,-0.055858882822343525
CRCL,2026050618,1.0,1,69827.69,0.0,0,69827.69,100,1,1.0,0.0,2026-05-06 18:00:00+00:00,0.0,0.0,0.0,0.0,long,False,False,False,False,120.36,0.013376537055500126,-0.0007477567298106447,-0.0019109338650714625,0.02077102027251576,-0.06663343303423064
CRCL,2026050619,1.0,1,69827.69,0.0,0,69827.69,100,1,1.0,0.0,2026-05-06 19:00:00+00:00,0.0,0.0,0.0,0.0,long,False,False,False,False,121.97,-0.007214888907108308,-0.010740345986718025,-0.014347790440272234,0.008280724768385817,-0.07009920472247266
CRCL,2026050620,1.0,1,69827.69,0.0,0,69827.69,100,1,1.0,0.0,2026-05-06 20:00:00+00:00,0.0,0.0,0.0,0.0,long,False,False,False,False,121.09,-0.006771822611280953,-0.0007432488231894352,-0.008340903460236193,0.008010570649929827,
CRCL,2026050621,1.0,1,69827.69,0.0,0,69827.69,100,1,1.0,0.0,2026-05-06 21:00:00+00:00,0.0,0.0,0.0,0.0,long,False,False,False,False,120.27,0.0032427039161886384,-0.0011640475596574884,0.00166292508522492,0.005487652781242192,
CRCL,2026050622,1.0,1,69827.69,0.0,0,69827.69,100,1,1.0,0.0,2026-05-06 22:00:00+00:00,0.0,0.0,0.0,0.0,long,False,False,False,False,120.66,0.0028178352395160644,-0.0036466103099618286,8.287750704472074e-05,0.0013260401127133115,
CRCL,2026050623,1.0,1,69827.69,0.0,0,69827.69,100,1,1.0,0.0,2026-05-06 23:00:00+00:00,0.0,0.0,0.0,0.0,long,False,False,False,False,121.0,-0.007190082644628171,-0.007603305785124026,0.0019834710743800166,-0.005619834710743898,
CRCL,2026050701,1.0,1,69827.69,0.0,0,69827.69,100,1,1.0,0.0,2026-05-07 01:00:00+00:00,0.0,0.0,0.0,0.0,long,False,False,False,False,120.22,-0.0011645316918982296,0.00374313758110123,0.022957910497421352,-0.017467975378472778,
CRCL,2026050702,1.0,1,69827.69,0.0,0,69827.69,100,1,1.0,0.0,2026-05-07 02:00:00+00:00,0.0,0.0,0.0,0.0,long,False,False,False,False,120.08,0.0032478347768154503,0.009660226515656234,0.016489007328447824,-0.041638907395069924,
CRCL,2026050703,1.0,1,69827.69,0.0,0,69827.69,100,1,1.0,0.0,2026-05-07 03:00:00+00:00,0.0,0.0,0.0,0.0,long,False,False,False,False,120.47,0.0016601643562712542,0.019838964057441677,0.0038183780194240846,-0.06399933593425744,
CRCL,2026050704,1.0,1,69827.69,0.0,0,69827.69,100,1,1.0,0.0,2026-05-07 04:00:00+00:00,0.0,0.0,0.0,0.0,long,False,False,False,False,120.67,0.004723626419159688,0.019143117593436676,0.0012430595839894032,-0.08088174359824318,
CRCL,2026050705,1.0,1,69827.69,0.0,0,69827.69,100,1,1.0,0.0,2026-05-07 05:00:00+00:00,0.0,0.0,0.0,0.0,long,False,False,False,False,121.24,0.013361926756845888,0.006763444407786201,-0.007588254701418662,-0.0729132299571098,
CRCL,2026050706,1.0,1,69827.69,0.0,0,69827.69,100,1,1.0,0.0,2026-05-07 06:00:00+00:00,0.0,0.0,0.0,0.0,long,False,False,False,False,122.86,0.0009767214715936667,-0.01570893700146503,-0.02539475826143578,-0.08562591567637956,
CRCL,2026050707,1.0,1,69827.69,0.0,0,69827.69,100,1,1.0,0.0,2026-05-07 07:00:00+00:00,0.0,0.0,0.0,0.0,long,False,False,False,False,122.98,-0.0074808912018214935,-0.017563831517319994,-0.03951862091396974,-0.07773621727110103,
CRCL,2026050708,1.0,1,69827.69,0.0,0,69827.69,100,1,1.0,0.0,2026-05-07 08:00:00+00:00,0.0,0.0,0.0,0.0,long,False,False,False,False,122.06,-0.009257742094052057,-0.014255284286416536,-0.05718499098803875,,
CRCL,2026050709,1.0,1,69827.69,0.0,0,69827.69,100,1,1.0,0.0,2026-05-07 09:00:00+00:00,0.0,0.0,0.0,0.0,long,False,False,False,False,120.93,-0.0009096171338792702,-0.009840403539237652,-0.06755974530720255,,
CRCL,2026050710,1.0,1,69827.69,0.0,0,69827.69,100,1,1.0,0.0,2026-05-07 10:00:00+00:00,0.0,0.0,0.0,0.0,long,False,False,False,False,120.82,-0.004138387684158307,-0.022347293494454523,-0.08202284390001657,,
CRCL,2026050711,1.0,1,69827.69,0.0,0,69827.69,100,1,1.0,0.0,2026-05-07 11:00:00+00:00,0.0,0.0,0.0,0.0,long,False,False,False,False,120.32,-0.004820478723404187,-0.04355053191489355,-0.06582446808510634,,
CRCL,2026050712,1.0,1,69827.69,0.0,0,69827.69,100,1,1.0,0.0,2026-05-07 12:00:00+00:00,0.0,0.0,0.0,0.0,long,False,False,False,False,119.74,-0.013529313512610552,-0.058292968097544584,-0.0618005678971103,,
CRCL,2026050713,1.0,1,69827.69,0.0,0,69827.69,100,1,1.0,0.0,2026-05-07 13:00:00+00:00,0.0,0.0,0.0,0.0,long,False,False,False,False,118.12,-0.025736539112766743,-0.06103962072468683,-0.03979004402302744,,
CRCL,2026050714,1.0,1,69827.69,0.0,0,69827.69,100,1,1.0,0.0,2026-05-07 14:00:00+00:00,0.0,0.0,0.0,0.0,long,False,False,False,False,115.08,-0.020159888773027435,-0.023288147375738588,,,
CRCL,2026050715,1.0,1,69827.69,0.0,0,69827.69,100,1,1.0,0.0,2026-05-07 15:00:00+00:00,0.0,0.0,0.0,0.0,long,False,False,False,False,112.76,-0.016406527137282745,-0.003724725079815583,,,
CRCL,2026050716,1.0,1,69827.69,0.0,0,69827.69,100,1,1.0,0.0,2026-05-07 16:00:00+00:00,0.0,0.0,0.0,0.0,long,False,False,False,False,110.91,0.013434316112163058,0.022630962041294778,,,
CRCL,2026050717,1.0,1,69827.69,0.0,0,69827.69,100,1,1.0,0.0,2026-05-07 17:00:00+00:00,0.0,0.0,0.0,0.0,long,False,False,False,False,112.4,-0.000533807829181554,,,,
CRCL,2026050718,1.0,1,69827.69,0.0,0,69827.69,100,1,1.0,0.0,2026-05-07 18:00:00+00:00,0.0,0.0,0.0,0.0,long,False,False,False,False,112.34,0.009613672779063442,,,,
CRCL,2026050719,1.0,1,69827.69,0.0,0,69827.69,100,1,1.0,0.0,2026-05-07 19:00:00+00:00,0.0,0.0,0.0,0.0,long,False,False,False,False,113.42,,,,,
CRCL,2026050720,1.0,1,69827.69,0.0,0,69827.69,100,1,1.0,0.0,2026-05-07 20:00:00+00:00,0.0,0.0,0.0,0.0,long,False,False,False,False,,,,,,
CRCL,2026050721,1.0,1,69827.69,0.0,0,69827.69,100,1,1.0,0.0,2026-05-07 21:00:00+00:00,0.0,0.0,0.0,0.0,long,False,False,False,False,,,,,,
CRCL,2026050722,1.0,1,69827.69,0.0,0,69827.69,100,1,1.0,0.0,2026-05-07 22:00:00+00:00,0.0,0.0,0.0,0.0,long,False,False,False,False,,,,,,
CRCL,2026050723,1.0,1,69827.69,0.0,0,69827.69,100,1,1.0,0.0,2026-05-07 23:00:00+00:00,0.0,0.0,0.0,0.0,long,False,False,False,False,,,,,,
CRCL,2026050801,1.0,1,80927.434,0.0,0,80927.434,100,1,1.0,0.0,2026-05-08 01:00:00+00:00,0.0,11099.743999999992,11099.743999999992,0.0,long,True,False,False,False,,,,,,
CRCL,2026050802,1.0,1,80927.434,0.0,0,80927.434,100,1,1.0,0.0,2026-05-08 02:00:00+00:00,0.0,0.0,0.0,0.0,long,False,False,False,False,,,,,,
CRCL,2026050803,1.0,1,80927.434,0.0,0,80927.434,100,1,1.0,0.0,2026-05-08 03:00:00+00:00,0.0,0.0,0.0,0.0,long,False,False,False,False,,,,,,
CRCL,2026050804,1.0,1,80927.434,0.0,0,80927.434,100,1,1.0,0.0,2026-05-08 04:00:00+00:00,0.0,0.0,0.0,0.0,long,False,False,False,False,,,,,,
CRCL,2026050805,1.0,1,80927.434,0.0,0,80927.434,100,1,1.0,0.0,2026-05-08 05:00:00+00:00,0.0,0.0,0.0,0.0,long,False,False,False,False,,,,,,
CRCL,2026050806,1.0,1,80927.434,0.0,0,80927.434,100,1,1.0,0.0,2026-05-08 06:00:00+00:00,0.0,0.0,0.0,0.0,long,False,False,False,False,,,,,,
CRCL,2026050807,1.0,1,80927.434,0.0,0,80927.434,100,1,1.0,0.0,2026-05-08 07:00:00+00:00,0.0,0.0,0.0,0.0,long,False,False,False,False,,,,,,
CRCL,2026050808,1.0,1,80927.434,0.0,0,80927.434,100,1,1.0,0.0,2026-05-08 08:00:00+00:00,0.0,0.0,0.0,0.0,long,False,False,False,False,,,,,,
CRCL,2026050809,1.0,1,80927.434,0.0,0,80927.434,100,1,1.0,0.0,2026-05-08 09:00:00+00:00,0.0,0.0,0.0,0.0,long,False,False,False,False,,,,,,
CRCL,2026050810,1.0,1,80927.434,0.0,0,80927.434,100,1,1.0,0.0,2026-05-08 10:00:00+00:00,0.0,0.0,0.0,0.0,long,False,False,False,False,,,,,,
CRCL,2026050811,1.0,1,80927.434,0.0,0,80927.434,100,1,1.0,0.0,2026-05-08 11:00:00+00:00,0.0,0.0,0.0,0.0,long,False,False,False,False,,,,,,
CRCL,2026050812,1.0,1,80927.434,0.0,0,80927.434,100,1,1.0,0.0,2026-05-08 12:00:00+00:00,0.0,0.0,0.0,0.0,long,False,False,False,False,,,,,,
CRCL,2026050813,1.0,1,80927.434,0.0,0,80927.434,100,1,1.0,0.0,2026-05-08 13:00:00+00:00,0.0,0.0,0.0,0.0,long,False,False,False,False,,,,,,
CRCL,2026050814,1.0,1,80927.434,0.0,0,80927.434,100,1,1.0,0.0,2026-05-08 14:00:00+00:00,0.0,0.0,0.0,0.0,long,False,False,False,False,,,,,,
CRCL,2026050815,1.0,1,80927.434,0.0,0,80927.434,100,1,1.0,0.0,2026-05-08 15:00:00+00:00,0.0,0.0,0.0,0.0,long,False,False,False,False,,,,,,
CRCL,2026050816,1.0,1,80927.434,0.0,0,80927.434,100,1,1.0,0.0,2026-05-08 16:00:00+00:00,0.0,0.0,0.0,0.0,long,False,False,False,False,,,,,,
CRCL,2026050817,1.0,1,80927.434,0.0,0,80927.434,100,1,1.0,0.0,2026-05-08 17:00:00+00:00,0.0,0.0,0.0,0.0,long,False,False,False,False,,,,,,
CRCL,2026050818,1.0,1,80927.434,0.0,0,80927.434,100,1,1.0,0.0,2026-05-08 18:00:00+00:00,0.0,0.0,0.0,0.0,long,False,False,False,False,,,,,,
CRCL,2026050819,1.0,1,80927.434,0.0,0,80927.434,100,1,1.0,0.0,2026-05-08 19:00:00+00:00,0.0,0.0,0.0,0.0,long,False,False,False,False,,,,,,
CRCL,2026050820,1.0,1,80927.434,0.0,0,80927.434,100,1,1.0,0.0,2026-05-08 20:00:00+00:00,0.0,0.0,0.0,0.0,long,False,False,False,False,,,,,,
CRCL,2026050821,1.0,1,80927.434,0.0,0,80927.434,100,1,1.0,0.0,2026-05-08 21:00:00+00:00,0.0,0.0,0.0,0.0,long,False,False,False,False,,,,,,
CRCL,2026050822,1.0,1,80927.434,0.0,0,80927.434,100,1,1.0,0.0,2026-05-08 22:00:00+00:00,0.0,0.0,0.0,0.0,long,False,False,False,False,,,,,,
CRCL,2026050823,1.0,1,80927.434,0.0,0,80927.434,100,1,1.0,0.0,2026-05-08 23:00:00+00:00,0.0,0.0,0.0,0.0,long,False,False,False,False,,,,,,
CRCL,2026050901,1.0,1,80927.434,0.0,0,80927.434,100,1,1.0,0.0,2026-05-09 01:00:00+00:00,0.0,0.0,0.0,0.0,long,False,False,False,False,,,,,,
CRCL,2026050902,1.0,1,80927.434,0.0,0,80927.434,100,1,1.0,0.0,2026-05-09 02:00:00+00:00,0.0,0.0,0.0,0.0,long,False,False,False,False,,,,,,
CRCL,2026050903,1.0,1,80927.434,0.0,0,80927.434,100,1,1.0,0.0,2026-05-09 03:00:00+00:00,0.0,0.0,0.0,0.0,long,False,False,False,False,,,,,,
CRCL,2026050904,1.0,1,80927.434,0.0,0,80927.434,100,1,1.0,0.0,2026-05-09 04:00:00+00:00,0.0,0.0,0.0,0.0,long,False,False,False,False,,,,,,
CRCL,2026050905,1.0,1,80927.434,0.0,0,80927.434,100,1,1.0,0.0,2026-05-09 05:00:00+00:00,0.0,0.0,0.0,0.0,long,False,False,False,False,,,,,,
LDO,2026050804,1.0,1,5738.354000000013,0.0,0,5738.354000000013,100,1,1.0,0.0,2026-05-08 04:00:00+00:00,,,,,long,False,False,False,False,0.3869,0.0018092530369604454,0.00801240630653921,0.021711036443525344,0.033858878263117065,0.05065908503489269
LDO,2026050805,1.0,1,5738.354000000013,0.0,0,5738.354000000013,100,1,1.0,0.0,2026-05-08 05:00:00+00:00,0.0,0.0,0.0,0.0,long,False,False,False,False,0.3876,0.003095975232198178,0.013157894736842035,0.031991744066047545,0.04979360165118685,0.047729618163054655
LDO,2026050806,1.0,1,5738.354000000013,0.0,0,5738.354000000013,100,1,1.0,0.0,2026-05-08 06:00:00+00:00,0.0,0.0,0.0,0.0,long,False,False,False,False,0.3888,0.0030864197530864335,0.007458847736625529,0.03189300411522633,0.060956790123456894,0.04552469135802473
LDO,2026050807,1.0,1,5738.354000000013,0.0,0,5738.354000000013,100,1,1.0,0.0,2026-05-08 07:00:00+00:00,0.0,0.0,0.0,0.0,long,False,False,False,False,0.39,0.00692307692307681,0.013589743589743408,0.02205128205128215,0.04820512820512812,0.03256410256410258
LDO,2026050819,1.0,1,10132.0632,0.0,0,10132.0632,100,1,1.0,0.0,2026-05-08 19:00:00+00:00,0.0,4393.7091999999875,4393.7091999999875,0.0,long,True,False,False,False,0.4088,-0.003669275929549909,-0.0004892367906066397,-0.003669275929549909,-0.014921722113502955,
LDO,2026050820,1.0,1,10132.0632,0.0,0,10132.0632,100,1,1.0,0.0,2026-05-08 20:00:00+00:00,0.0,0.0,0.0,0.0,long,False,False,False,False,0.4073,0.004419346918733247,-0.0019641541861036282,0.004173827645470141,-0.0024551927326295075,
LDO,2026050821,1.0,1,10132.0632,0.0,0,10132.0632,100,1,1.0,0.0,2026-05-08 21:00:00+00:00,0.0,0.0,0.0,0.0,long,False,False,False,False,0.4091,-0.001222195062331899,-0.0031777071620631148,-0.00904424346125654,,
LDO,2026050822,1.0,1,10132.0632,0.0,0,10132.0632,100,1,1.0,0.0,2026-05-08 22:00:00+00:00,0.0,0.0,0.0,0.0,long,False,False,False,False,0.4086,-0.0051395007342145416,-0.003181595692609007,-0.0051395007342145416,,
LDO,2026050823,1.0,1,10132.0632,0.0,0,10132.0632,100,1,1.0,0.0,2026-05-08 23:00:00+00:00,0.0,0.0,0.0,0.0,long,False,False,False,False,0.4065,0.00319803198031976,0.006150061500614923,-0.0009840098400982766,,
LDO,2026050901,1.0,1,10132.0632,0.0,0,10132.0632,100,1,1.0,0.0,2026-05-09 01:00:00+00:00,0.0,0.0,0.0,0.0,long,False,False,False,False,0.4073,0.004173827645470141,-0.0019641541861036282,-0.011293886570095779,,
LDO,2026050902,1.0,1,10132.0632,0.0,0,10132.0632,100,1,1.0,0.0,2026-05-09 02:00:00+00:00,0.0,0.0,0.0,0.0,long,False,False,False,False,0.409,-0.008801955990220045,-0.007090464547677144,-0.0066014669926649505,,
LDO,2026050903,1.0,1,10132.0632,0.0,0,10132.0632,100,1,1.0,0.0,2026-05-09 03:00:00+00:00,0.0,0.0,0.0,0.0,long,False,False,False,False,0.4054,0.002713369511593511,0.002713369511593511,,,
LDO,2026050904,1.0,1,10132.0632,0.0,0,10132.0632,100,1,1.0,0.0,2026-05-09 04:00:00+00:00,0.0,0.0,0.0,0.0,long,False,False,False,False,0.4065,-0.0009840098400982766,-0.009348093480934683,,,
LDO,2026050905,1.0,1,10132.0632,0.0,0,10132.0632,100,1,1.0,0.0,2026-05-09 05:00:00+00:00,0.0,0.0,0.0,0.0,long,False,False,False,False,0.4061,0.0009849790691947025,0.0004924895345972402,,,
ASTER,2026050620,1.0,1,21897.408100000055,0.0,0,21897.408100000055,100,1,1.0,0.0,2026-05-06 20:00:00+00:00,,,,,long,False,False,False,False,0.6737,0.004601454653406556,0.008312305180347312,-0.006234228885260484,-0.0007421701053880181,-0.02211666914056687
ASTER,2026050621,1.0,1,21897.408100000055,0.0,0,21897.408100000055,100,1,1.0,0.0,2026-05-06 21:00:00+00:00,0.0,0.0,0.0,0.0,long,False,False,False,False,0.6768,0.001920803782506031,-0.00310283687943258,-0.013741134751772965,-0.007092198581560183,-0.02703900709219853
ASTER,2026050622,1.0,1,21897.408100000055,0.0,0,21897.408100000055,100,1,1.0,0.0,2026-05-06 22:00:00+00:00,0.0,0.0,0.0,0.0,long,False,False,False,False,0.6781,0.0017696504940274416,-0.010470432089662252,-0.010617902964164538,-0.008553310721132634,-0.026839699159415975
ASTER,2026050623,1.0,1,21897.408100000055,0.0,0,21897.408100000055,100,1,1.0,0.0,2026-05-06 23:00:00+00:00,0.0,0.0,0.0,0.0,long,False,False,False,False,0.6793,-0.00677167672604162,-0.014426615633740703,-0.009127042543795039,-0.006624466362431969,-0.026792286176946845
ASTER,2026050701,1.0,1,21897.408100000055,0.0,0,21897.408100000055,100,1,1.0,0.0,2026-05-07 01:00:00+00:00,0.0,0.0,0.0,0.0,long,False,False,False,False,0.671,-0.0022354694485843263,-0.00014903129657228842,0.008941877794336861,-0.0022354694485843263,-0.0144560357675112
ASTER,2026050702,1.0,1,21897.408100000055,0.0,0,21897.408100000055,100,1,1.0,0.0,2026-05-07 02:00:00+00:00,0.0,0.0,0.0,0.0,long,False,False,False,False,0.6695,-0.0029873039581777006,0.005377147124719928,0.005526512322628907,-0.008065720687079891,-0.009111277072442081
ASTER,2026050703,1.0,1,21897.408100000055,0.0,0,21897.408100000055,100,1,1.0,0.0,2026-05-07 03:00:00+00:00,0.0,0.0,0.0,0.0,long,False,False,False,False,0.6675,0.005093632958801608,0.011685393258427101,0.006741573033707926,-0.010187265917602994,-0.0019475655430710725
ASTER,2026050704,1.0,1,21897.408100000055,0.0,0,21897.408100000055,100,1,1.0,0.0,2026-05-07 04:00:00+00:00,0.0,0.0,0.0,0.0,long,False,False,False,False,0.6709,0.003279177224623675,0.00909226412282016,0.002086749142942157,-0.0216127589804741,-0.010880906245342215
ASTER,2026050705,1.0,1,21897.408100000055,0.0,0,21897.408100000055,100,1,1.0,0.0,2026-05-07 05:00:00+00:00,0.0,0.0,0.0,0.0,long,False,False,False,False,0.6731,0.0032684593671072903,0.00014856633486859394,0.0025256276927647647,-0.017679393849353797,-0.013519536473035165
ASTER,2026050706,1.0,1,23346.53680000008,0.0,0,23346.53680000008,100,1,1.0,0.0,2026-05-07 06:00:00+00:00,0.0,1449.1287000000266,1449.1287000000266,0.0,long,True,False,False,False,0.6753,0.002517399674218934,-0.004886717014660147,-0.00029616466755510995,-0.023100844069302573,-0.0216200207315268
ASTER,2026050707,1.0,1,23346.53680000008,0.0,0,23346.53680000008,100,1,1.0,0.0,2026-05-07 07:00:00+00:00,0.0,0.0,0.0,0.0,long,False,False,False,False,0.677,-0.005612998522895207,-0.006942392909896622,-0.011078286558345751,-0.025406203840472652,-0.020679468242245203
ASTER,2026050708,1.0,1,23346.53680000008,0.0,0,23346.53680000008,100,1,1.0,0.0,2026-05-07 08:00:00+00:00,0.0,0.0,0.0,0.0,long,False,False,False,False,0.6732,-0.0017825311942958333,0.002376708259061111,-0.013517528223410569,-0.021390374331550777,-0.01619132501485443
ASTER,2026050709,1.0,1,23346.53680000008,0.0,0,23346.53680000008,100,1,1.0,0.0,2026-05-07 09:00:00+00:00,0.0,0.0,0.0,0.0,long,False,False,False,False,0.672,0.00044642857142851433,0.004613095238095166,-0.016815476190476297,-0.02008928571428581,-0.01741071428571439
ASTER,2026050710,1.0,1,23346.53680000008,0.0,0,23346.53680000008,100,1,1.0,0.0,2026-05-07 10:00:00+00:00,0.0,0.0,0.0,0.0,long,False,False,False,False,0.6723,0.0037185780157666937,-0.004164807377658786,-0.02365015618027666,-0.018444146958203178,-0.01457682582180575
ASTER,2026050711,1.0,1,23346.53680000008,0.0,0,23346.53680000008,100,1,1.0,0.0,2026-05-07 11:00:00+00:00,0.0,0.0,0.0,0.0,long,False,False,False,False,0.6748,0.00044457617071747,-0.015856550088915178,-0.020154119739181908,-0.020302311796087658,-0.017190278601066922
ASTER,2026050712,1.0,1,24012.33680000009,0.0,0,24012.33680000009,100,1,1.0,0.0,2026-05-07 12:00:00+00:00,0.0,665.8000000000065,665.8000000000065,0.0,long,True,False,False,False,0.6751,-0.008295067397422695,-0.021330173307658296,-0.0228114353429123,-0.021626425714708963,-0.02221893052881052
ASTER,2026050713,1.0,1,24012.33680000009,0.0,0,24012.33680000009,100,1,1.0,0.0,2026-05-07 13:00:00+00:00,0.0,0.0,0.0,0.0,long,False,False,False,False,0.6695,-0.008065720687079891,-0.0195668409260642,-0.014488424197162009,-0.012247946228528761,-0.01329350261389095
ASTER,2026050714,1.0,2,74367.33680000008,0.0,0,74367.33680000008,100,2,1.0,0.0,2026-05-07 14:00:00+00:00,1.0,50354.999999999985,50354.999999999985,0.0,long,True,False,False,False,0.6641,-0.005119710886914763,-0.004366812227074246,-0.007980725794308086,-0.001054058123776569,0.0
ASTER,2026050715,1.0,2,74367.33680000008,0.0,0,74367.33680000008,100,2,1.0,0.0,2026-05-07 15:00:00+00:00,0.0,0.0,0.0,0.0,long,False,False,False,False,0.6607,-0.006508248827001628,-0.001513546238837593,-0.003329801725442727,0.008324504313606873,0.009838050552444466
ASTER,2026050716,1.0,2,74367.33680000008,0.0,0,74367.33680000008,100,2,1.0,0.0,2026-05-07 16:00:00+00:00,0.0,0.0,0.0,0.0,long,False,False,False,False,0.6564,0.007312614259597838,0.005179768433881904,0.005332114564290169,0.010968921389396646,0.01645338208409508
ASTER,2026050717,1.0,2,74367.33680000008,0.0,0,74367.33680000008,100,2,1.0,0.0,2026-05-07 17:00:00+00:00,0.0,0.0,0.0,0.0,long,False,False,False,False,0.6612,-0.002268602540834941,-0.003629764065335661,-0.00015124016938894425,0.004234724742891771,0.021929824561403466
ASTER,2026050718,1.0,2,102662.73680000016,0.0,0,102662.73680000016,100,2,1.0,0.0,2026-05-07 18:00:00+00:00,0.0,28295.40000000008,28295.40000000008,0.0,long,True,False,False,False,0.6597,0.00015158405335768954,-0.0018190086402910532,0.0012126724268606281,0.0015158405335757852,0.02576928907078968
ASTER,2026050719,1.0,2,102662.73680000016,0.0,0,102662.73680000016,100,2,1.0,0.0,2026-05-07 19:00:00+00:00,0.0,0.0,0.0,0.0,long,False,False,False,False,0.6598,-0.0015156107911488137,0.00015156107911495909,0.002273416186723276,0.004849954531676248,0.031524704455895725
ASTER,2026050720,1.0,2,102662.73680000016,0.0,0,102662.73680000016,100,2,1.0,0.0,2026-05-07 20:00:00+00:00,0.0,0.0,0.0,0.0,long,False,False,False,False,0.6588,-0.00045537340619317135,0.003491196114146833,0.006982392228293666,0.005312689738919074,0.03051001821493604
ASTER,2026050721,1.0,2,102662.73680000016,0.0,0,102662.73680000016,100,2,1.0,0.0,2026-05-07 21:00:00+00:00,0.0,0.0,0.0,0.0,long,False,False,False,False,0.6585,0.0021260440394836877,0.0030372057706908873,0.011693242217160282,0.0027334851936218207,0.03705391040242967
ASTER,2026050722,1.0,2,102662.73680000016,0.0,0,102662.73680000016,100,2,1.0,0.0,2026-05-07 22:00:00+00:00,0.0,0.0,0.0,0.0,long,False,False,False,False,0.6599,0.0018184573420214623,0.002121533565691669,0.00560691013789949,0.003939990907713131,0.03591453250492482
ASTER,2026050723,1.0,1,24012.33680000009,0.0,0,24012.33680000009,100,1,1.0,0.0,2026-05-07 23:00:00+00:00,-1.0,-78650.40000000007,-78650.40000000007,0.0,long,False,True,False,False,0.6611,-0.0009075782786266418,0.003479050068068368,0.0043866283466948985,0.0031765239751928576,0.05082438360308572
ASTER,2026050801,1.0,1,24012.33680000009,0.0,0,24012.33680000009,100,1,1.0,0.0,2026-05-08 01:00:00+00:00,0.0,0.0,0.0,0.0,long,False,False,False,False,0.6613,0.0031755632844396864,0.003477997882957773,0.0025706940874037354,-0.0010585210948133028,0.06714048087101165
ASTER,2026050802,1.0,1,24012.33680000009,0.0,0,24012.33680000009,100,1,1.0,0.0,2026-05-08 02:00:00+00:00,0.0,0.0,0.0,0.0,long,False,False,False,False,0.6634,0.004220681338559018,0.0009044317154056625,-0.0016581248115766778,0.0010551703346397545,0.058335845643653794
ASTER,2026050803,1.0,1,24012.33680000009,0.0,0,24012.33680000009,100,1,1.0,0.0,2026-05-08 03:00:00+00:00,0.0,0.0,0.0,0.0,long,False,False,False,False,0.6662,-0.003902731912338697,-0.008255779045331813,-0.00885619933953774,0.001501050735514875,0.053737616331431814
ASTER,2026050804,1.0,1,24012.33680000009,0.0,0,24012.33680000009,100,1,1.0,0.0,2026-05-08 04:00:00+00:00,0.0,0.0,0.0,0.0,long,False,False,False,False,0.6636,0.0006027727546715766,-0.0009041591320071429,-0.0016576250753466137,0.005424954792043524,0.08921036769138047
ASTER,2026050805,1.0,1,24012.33680000009,0.0,0,24012.33680000009,100,1,1.0,0.0,2026-05-08 05:00:00+00:00,0.0,0.0,0.0,0.0,long,False,False,False,False,0.664,-0.004969879518072373,-0.0025602409638554313,-0.001204819277108471,0.017620481927710818,0.08674698795180724
ASTER,2026050806,1.0,1,24012.33680000009,0.0,0,24012.33680000009,100,1,1.0,0.0,2026-05-08 06:00:00+00:00,0.0,0.0,0.0,0.0,long,False,False,False,False,0.6607,0.003481156349326664,-0.0006054184955349706,-0.0009081277433025114,0.02421673982140149,0.08536400787044052
ASTER,2026050807,1.0,1,24012.33680000009,0.0,0,24012.33680000009,100,1,1.0,0.0,2026-05-08 07:00:00+00:00,0.0,0.0,0.0,0.0,long,False,False,False,False,0.663,-0.0010558069381598756,-0.0007541478129714507,-0.0036199095022625416,0.026546003016591158,0.08325791855203613
ASTER,2026050808,1.0,1,24012.33680000009,0.0,0,24012.33680000009,100,1,1.0,0.0,2026-05-08 08:00:00+00:00,0.0,0.0,0.0,0.0,long,False,False,False,False,0.6623,-0.00301977955609245,0.0013589008002417025,0.002717801600483183,0.025064170315566958,0.08138305903669019
ASTER,2026050809,1.0,1,24012.33680000009,0.0,0,24012.33680000009,100,1,1.0,0.0,2026-05-08 09:00:00+00:00,0.0,0.0,0.0,0.0,long,False,False,False,False,0.6603,0.003331818870210501,-0.00030289262456451027,0.010449795547478491,0.034226866575798764,
ASTER,2026050810,1.0,2,56810.75736870082,0.0,0,56810.75736870082,100,2,1.0,0.0,2026-05-08 10:00:00+00:00,1.0,32798.420568700734,32798.420568700734,0.0,long,True,False,False,False,0.6625,0.0010566037735848521,-0.0028679245283018684,0.007094339622641499,0.031849056603773684,
ASTER,2026050811,1.0,2,56810.75736870082,0.0,0,56810.75736870082,100,2,1.0,0.0,2026-05-08 11:00:00+00:00,0.0,0.0,0.0,0.0,long,False,False,False,False,0.6632,-0.0046743063932448425,0.001357056694813119,0.018848009650180853,0.04749698431845584,
ASTER,2026050812,1.0,2,48611.152226525635,0.0,0,48611.152226525635,100,2,1.0,0.0,2026-05-08 12:00:00+00:00,0.0,-8199.605142175184,-8199.605142175184,0.0,long,False,True,False,False,0.6601,0.0007574609907587959,0.010755946068777389,0.025147704893197842,0.06332373882745035,
ASTER,2026050813,1.0,2,52731.62752652565,0.0,0,52731.62752652565,100,2,1.0,0.0,2026-05-08 13:00:00+00:00,0.0,4120.475300000013,4120.475300000013,0.0,long,True,False,False,False,0.6606,0.005298213745080327,0.009990917347865613,0.03027550711474425,0.0682712685437481,
ASTER,2026050814,1.0,2,52731.62752652565,0.0,0,52731.62752652565,100,2,1.0,0.0,2026-05-08 14:00:00+00:00,0.0,0.0,0.0,0.0,long,False,False,False,False,0.6641,0.0046679716910102975,0.017467248908296762,0.022285800331275363,0.05722029814786911,
ASTER,2026050815,1.0,2,56824.82722652567,0.0,0,56824.82722652567,100,2,1.0,0.0,2026-05-08 15:00:00+00:00,0.0,4093.199700000019,4093.199700000019,0.0,long,True,False,False,False,0.6672,0.0,0.014238609112709799,0.023531175059951837,0.05215827338129486,
ASTER,2026050816,1.0,2,56824.82722652567,0.0,0,56824.82722652567,100,2,1.0,0.0,2026-05-08 16:00:00+00:00,0.0,0.0,0.0,0.0,long,False,False,False,False,0.6672,0.012739808153477084,0.020083932853717013,0.024580335731414715,0.08333333333333326,
ASTER,2026050817,1.0,2,56824.82722652567,0.0,0,56824.82722652567,100,2,1.0,0.0,2026-05-08 17:00:00+00:00,0.0,0.0,0.0,0.0,long,False,False,False,False,0.6757,0.0014799467219179796,0.0047358295101376235,0.02811898771644228,0.06792955453603677,
ASTER,2026050818,1.0,2,56824.82722652567,0.0,0,56824.82722652567,100,2,1.0,0.0,2026-05-08 18:00:00+00:00,0.0,0.0,0.0,0.0,long,False,False,False,False,0.6767,0.005763262893453636,0.009162110240874766,0.037239544850007356,0.05970149253731338,
ASTER,2026050819,1.0,2,56824.82722652567,0.0,0,56824.82722652567,100,2,1.0,0.0,2026-05-08 19:00:00+00:00,0.0,0.0,0.0,0.0,long,False,False,False,False,0.6806,-0.002497796062298052,0.004407875404055295,0.03687922421392886,0.055245371730825665,
ASTER,2026050820,1.0,2,56824.82722652567,0.0,0,56824.82722652567,100,2,1.0,0.0,2026-05-08 20:00:00+00:00,0.0,0.0,0.0,0.0,long,False,False,False,False,0.6789,0.005891883929886488,0.02327294152305215,0.03417292679334216,0.05494181764619244,
ASTER,2026050821,1.0,2,56824.82722652567,0.0,0,56824.82722652567,100,2,1.0,0.0,2026-05-08 21:00:00+00:00,0.0,0.0,0.0,0.0,long,False,False,False,False,0.6829,0.0010250402694391703,0.027822521599062844,0.027968955923268535,,
ASTER,2026050822,1.0,2,56824.82722652567,0.0,0,56824.82722652567,100,2,1.0,0.0,2026-05-08 22:00:00+00:00,0.0,0.0,0.0,0.0,long,False,False,False,False,0.6836,0.016237565827969647,0.03232884727911056,0.057343475716793435,,
ASTER,2026050823,1.0,2,52723.26592320997,0.0,0,52723.26592320997,100,2,1.0,0.0,2026-05-08 23:00:00+00:00,0.0,-4101.561303315699,-4101.561303315699,0.0,long,False,True,False,False,0.6947,0.01036418597955957,0.010652080034547318,0.03872175039585435,,
ASTER,2026050901,1.0,2,52723.26592320997,0.0,0,52723.26592320997,100,2,1.0,0.0,2026-05-09 01:00:00+00:00,0.0,0.0,0.0,0.0,long,False,False,False,False,0.7057,-0.00510131784044221,0.024231259742099942,0.017712909168201785,,
ASTER,2026050902,1.0,2,44520.14331657857,0.0,0,44520.14331657857,100,2,1.0,0.0,2026-05-09 02:00:00+00:00,0.0,-8203.122606631398,-8203.122606631398,0.0,long,False,True,False,False,0.7021,-0.00014242985329726565,0.027773821392964138,0.02008260931491246,,
ASTER,2026050903,1.0,2,40418.58201326287,0.0,0,40418.58201326287,100,2,1.0,0.0,2026-05-09 03:00:00+00:00,0.0,-4101.561303315699,-4101.561303315699,0.0,long,False,True,False,False,0.702,0.029629629629629672,0.02150997150997158,,,
ASTER,2026050904,1.0,2,40418.58201326287,0.0,0,40418.58201326287,100,2,1.0,0.0,2026-05-09 04:00:00+00:00,0.0,0.0,0.0,0.0,long,False,False,False,False,0.7228,-0.0016602102933037655,-0.006364139457664675,,,
ASTER,2026050905,1.0,2,36317.02070994717,0.0,0,36317.02070994717,100,2,1.0,0.0,2026-05-09 05:00:00+00:00,0.0,-4101.561303315699,-4101.561303315699,0.0,long,False,True,False,False,0.7216,-0.006236141906873716,-0.007483370288248414,,,
BNB,2026050605,1.0,1,63030.0,0.0,0,63030.0,100,1,1.0,0.0,2026-05-06 05:00:00+00:00,,,,,long,False,False,False,False,634.5,0.001733648542159294,0.018282111899133202,0.027738376674546927,0.021591804570528117,0.019385342789598026
BNB,2026050606,1.0,1,63030.0,0.0,0,63030.0,100,1,1.0,0.0,2026-05-06 06:00:00+00:00,0.0,0.0,0.0,0.0,long,False,False,False,False,635.6,0.0034612964128382107,0.017778477029578355,0.033354310887350413,0.022026431718061623,0.01935179358086847
BNB,2026050607,1.0,1,63030.0,0.0,0,63030.0,100,1,1.0,0.0,2026-05-06 07:00:00+00:00,0.0,0.0,0.0,0.0,long,False,False,False,False,637.8,0.013013483850736973,0.01207275007839459,0.014424584509250549,0.01959862025713388,0.021950454687990062
BNB,2026050608,1.0,1,126061.795,0.0,0,126061.795,100,1,1.0,0.0,2026-05-06 08:00:00+00:00,0.0,63031.795,63031.795,0.0,long,True,False,False,False,646.1,0.001238198421297021,0.009286488159727657,0.0015477480266212762,0.0038693700665530795,0.0071196409224578705
BNB,2026050609,1.0,1,504377.021,0.0,0,504377.021,100,1,1.0,0.0,2026-05-06 09:00:00+00:00,0.0,378315.226,378315.226,0.0,long,True,False,False,False,646.9,-0.002164167568403097,0.015303756376565225,0.002009584170660217,0.004019168341320212,0.0024733343638894123
BNB,2026050610,1.0,1,504377.021,0.0,0,504377.021,100,1,1.0,0.0,2026-05-06 10:00:00+00:00,0.0,0.0,0.0,0.0,long,False,False,False,False,645.5,0.010224632068164263,0.0023237800154918276,0.005731990704880063,0.0017041053446940069,0.0029434546862896482
BNB,2026050611,1.0,1,504377.021,0.0,0,504377.021,100,1,1.0,0.0,2026-05-06 11:00:00+00:00,0.0,0.0,0.0,0.0,long,False,False,False,False,652.1,0.007207483514798163,-0.007667535654040769,-0.005980677810151769,-0.007207483514798385,-0.0065940806624751325
BNB,2026050612,1.0,1,504377.021,0.0,0,504377.021,100,1,1.0,0.0,2026-05-06 12:00:00+00:00,0.0,0.0,0.0,0.0,long,False,False,False,False,656.8,-0.014920828258221608,-0.013093788063337275,-0.010962241169305664,-0.018574908647990163,-0.00974421437271622
BNB,2026050613,1.0,1,504377.021,0.0,0,504377.021,100,1,1.0,0.0,2026-05-06 13:00:00+00:00,0.0,0.0,0.0,0.0,long,False,False,False,False,647.0,0.0001545595054095461,0.0034003091190109025,0.005100463678516132,-0.0035548686244203376,-0.0007727975270479526
BNB,2026050614,1.0,1,504377.021,0.0,0,504377.021,100,1,1.0,0.0,2026-05-06 14:00:00+00:00,0.0,0.0,0.0,0.0,long,False,False,False,False,647.1,0.0016998918250656914,0.0016998918250656914,0.0023180343069078013,-0.005408746716118018,-0.008035852263946874
BNB,2026050615,1.0,1,504377.021,0.0,0,504377.021,100,1,1.0,0.0,2026-05-06 15:00:00+00:00,0.0,0.0,0.0,0.0,long,False,False,False,False,648.2,0.00154273372415914,0.002159827213822796,0.002005553841406993,-0.009256402344955283,-0.009256402344955283
BNB,2026050616,1.0,1,504377.021,0.0,0,504377.021,100,1,1.0,0.0,2026-05-06 16:00:00+00:00,0.0,0.0,0.0,0.0,long,False,False,False,False,649.2,-0.0015403573629081402,0.001694393099198832,-0.00400492914356132,-0.00800985828712264,-0.012168823166974874
BNB,2026050617,1.0,1,504377.021,0.0,0,504377.021,100,1,1.0,0.0,2026-05-06 17:00:00+00:00,0.0,0.0,0.0,0.0,long,False,False,False,False,648.2,0.002159827213822796,0.000617093489663656,-0.001234186979327423,-0.002159827213823018,-0.00755939524838023
BNB,2026050618,1.0,1,504377.021,0.0,0,504377.021,100,1,1.0,0.0,2026-05-06 18:00:00+00:00,0.0,0.0,0.0,0.0,long,False,False,False,False,649.6,0.0010775862068963526,-0.00015394088669951067,-0.0076970443349754225,-0.0026169950738916814,-0.010006157635467972
BNB,2026050713,1.0,1,257880.839,0.0,0,257880.839,100,1,1.0,0.0,2026-05-07 13:00:00+00:00,0.0,-246496.182,-246496.182,0.0,long,False,True,False,False,646.5,-0.00711523588553753,-0.0080433101314773,-0.004949729311678364,-0.01376643464810512,-0.012219644238205651
BNB,2026050714,1.0,1,257880.839,0.0,0,257880.839,100,1,1.0,0.0,2026-05-07 14:00:00+00:00,0.0,0.0,0.0,0.0,long,False,False,False,False,641.9,0.00046736251752621527,0.0021810250817884125,0.001869450070104417,-0.00560835021031314,0.00015578750584199774
BNB,2026050715,1.0,1,257880.839,0.0,0,257880.839,100,1,1.0,0.0,2026-05-07 15:00:00+00:00,0.0,0.0,0.0,0.0,long,False,False,False,False,642.2,-0.0014014325755218326,0.0014014325755216106,0.0,-0.004827156649019004,-0.0023357209592027584
BNB,2026050716,1.0,1,257880.839,0.0,0,257880.839,100,1,1.0,0.0,2026-05-07 16:00:00+00:00,0.0,0.0,0.0,0.0,long,False,False,False,False,641.3,0.003118665211289562,0.003118665211289562,-0.009823795415562109,-0.003118665211289562,0.0018711991267739148
BNB,2026050717,1.0,1,257880.839,0.0,0,257880.839,100,1,1.0,0.0,2026-05-07 17:00:00+00:00,0.0,0.0,0.0,0.0,long,False,False,False,False,643.3,-0.00031089693766506166,-0.00031089693766506166,-0.010415047411782896,-0.008705114254624502,0.0032644178454841466
BNB,2026050718,1.0,1,257880.839,0.0,0,257880.839,100,1,1.0,0.0,2026-05-07 18:00:00+00:00,0.0,0.0,0.0,0.0,long,False,False,False,False,643.1,0.00031099362463060665,-0.001399471310838063,-0.009018815114290257,-0.010573783237443735,0.008552324677344014
BNB,2026050719,1.0,1,257880.839,0.0,0,257880.839,100,1,1.0,0.0,2026-05-07 19:00:00+00:00,0.0,0.0,0.0,0.0,long,False,False,False,False,643.3,-0.00031089693766506166,-0.012902222913104278,-0.008860562723457033,-0.010570495880615538,0.006995181097466219
BNB,2026050720,1.0,1,257880.839,0.0,0,257880.839,100,1,1.0,0.0,2026-05-07 20:00:00+00:00,0.0,0.0,0.0,0.0,long,False,False,False,False,643.1,-0.001399471310838063,-0.010107292800497603,-0.00746384699113678,-0.008241331052713519,0.005131394806406453
BNB,2026050721,1.0,1,257880.839,0.0,0,257880.839,100,1,1.0,0.0,2026-05-07 21:00:00+00:00,0.0,0.0,0.0,0.0,long,False,False,False,False,642.2,-0.011211460604173218,-0.007630021800062448,-0.004827156649019004,-0.006540018685767701,0.008252880722516176
BNB,2026050722,1.0,1,257880.839,0.0,0,257880.839,100,1,1.0,0.0,2026-05-07 22:00:00+00:00,0.0,0.0,0.0,0.0,long,False,False,False,False,635.0,0.0025196850393700565,0.004094488188976397,0.00677165354330711,0.006614173228346454,0.023307086614173134
BNB,2026050817,1.0,1,259712.844,0.0,0,259712.844,100,1,1.0,0.0,2026-05-08 17:00:00+00:00,0.0,1832.0050000000047,1832.0050000000047,0.0,long,True,False,False,False,645.4,0.004958165478772925,0.0015494267121165528,0.005422993492407713,0.010536101642392381,
BNB,2026050818,1.0,1,259712.844,0.0,0,259712.844,100,1,1.0,0.0,2026-05-08 18:00:00+00:00,0.0,0.0,0.0,0.0,long,False,False,False,False,648.6,-0.0012334258402714182,-0.0016959605303731307,0.004162812210915634,0.0038544557508479738,
BNB,2026050819,1.0,1,259712.844,0.0,0,259712.844,100,1,1.0,0.0,2026-05-08 19:00:00+00:00,0.0,0.0,0.0,0.0,long,False,False,False,False,647.8,-0.0021611608521148185,0.003087372645878439,0.009879592466810916,0.0026242667489966287,
BNB,2026050820,1.0,1,259712.844,0.0,0,259712.844,100,1,1.0,0.0,2026-05-08 20:00:00+00:00,0.0,0.0,0.0,0.0,long,False,False,False,False,646.4,0.0017017326732673421,0.0038675742574256766,0.012221534653465316,0.005569306930693019,
BNB,2026050821,1.0,1,259712.844,0.0,0,259712.844,100,1,1.0,0.0,2026-05-08 21:00:00+00:00,0.0,0.0,0.0,0.0,long,False,False,False,False,647.5,0.0035521235521234207,0.005868725868725777,0.009111969111968987,,
BNB,2026050822,1.0,1,259712.844,0.0,0,259712.844,100,1,1.0,0.0,2026-05-08 22:00:00+00:00,0.0,0.0,0.0,0.0,long,False,False,False,False,649.8,-0.0013850415512465242,0.006771314250538785,0.006309633733456499,,
BNB,2026050823,1.0,1,259712.844,0.0,0,259712.844,100,1,1.0,0.0,2026-05-08 23:00:00+00:00,0.0,0.0,0.0,0.0,long,False,False,False,False,648.9,0.003698566805362846,0.00832177531206657,0.005085529357374163,,
BNB,2026050901,1.0,1,259712.844,0.0,0,259712.844,100,1,1.0,0.0,2026-05-09 01:00:00+00:00,0.0,0.0,0.0,0.0,long,False,False,False,False,654.2,0.00015285845307233537,-0.0004585753592174502,-0.007184347294405424,,
BNB,2026050902,1.0,1,259712.844,0.0,0,259712.844,100,1,1.0,0.0,2026-05-09 02:00:00+00:00,0.0,0.0,0.0,0.0,long,False,False,False,False,654.3,-0.0013755158184318717,-0.003209536909674293,-0.006571908910285695,,
BNB,2026050903,1.0,1,259712.844,0.0,0,259712.844,100,1,1.0,0.0,2026-05-09 03:00:00+00:00,0.0,0.0,0.0,0.0,long,False,False,False,False,653.4,0.0007652280379553122,-0.0035200489745943475,,,
BNB,2026050904,1.0,1,259712.844,0.0,0,259712.844,100,1,1.0,0.0,2026-05-09 04:00:00+00:00,0.0,0.0,0.0,0.0,long,False,False,False,False,653.9,-0.0025997858999845525,-0.006728857623489848,,,
BNB,2026050905,1.0,1,259712.844,0.0,0,259712.844,100,1,1.0,0.0,2026-05-09 05:00:00+00:00,0.0,0.0,0.0,0.0,long,False,False,False,False,652.2,-0.0016865992026986465,-0.003373198405397182,,,
PUMP,2026050722,1.0,1,18405.452000014033,0.0,0,18405.452000014033,100,1,1.0,0.0,2026-05-07 22:00:00+00:00,,,,,long,False,False,False,False,0.001976,0.017712550607287714,0.010627530364372584,0.0172064777327936,0.03390688259109331,0.1002024291497976
PUMP,2026050723,1.0,1,18405.452000014033,0.0,0,18405.452000014033,100,1,1.0,0.0,2026-05-07 23:00:00+00:00,0.0,0.0,0.0,0.0,long,False,False,False,False,0.002011,-0.0009945300845352056,-0.004475385380407926,0.010939830929885597,0.016409746394828284,0.07260069617105902
PUMP,2026050820,1.0,1,7902.489000001963,0.0,0,7902.489000001963,100,1,1.0,0.0,2026-05-08 20:00:00+00:00,0.0,-10502.96300001207,-10502.96300001207,0.0,long,False,True,False,False,0.002147,0.011644154634373516,0.004657661853749495,0.010712622263623572,0.01676758267349787,
PUMP,2026050821,1.0,1,7902.489000001963,0.0,0,7902.489000001963,100,1,1.0,0.0,2026-05-08 21:00:00+00:00,0.0,0.0,0.0,0.0,long,False,False,False,False,0.002172,0.0009208103130755596,-0.002302025782688677,0.03268876611418059,,
PUMP,2026050822,1.0,1,7902.489000001963,0.0,0,7902.489000001963,100,1,1.0,0.0,2026-05-08 22:00:00+00:00,0.0,0.0,0.0,0.0,long,False,False,False,False,0.002174,-0.007819687212511583,-0.0050597976080957174,0.017019319227230767,,
PUMP,2026050823,1.0,1,7902.489000001963,0.0,0,7902.489000001963,100,1,1.0,0.0,2026-05-08 23:00:00+00:00,0.0,0.0,0.0,0.0,long,False,False,False,False,0.002157,0.004636068613815603,0.006026889197960017,0.013444598980064892,,
PUMP,2026050901,1.0,1,7902.489000001963,0.0,0,7902.489000001963,100,1,1.0,0.0,2026-05-09 01:00:00+00:00,0.0,0.0,0.0,0.0,long,False,False,False,False,0.002163,0.003236245954692629,0.02219140083217752,0.007859454461396354,,
PUMP,2026050902,1.0,1,7902.489000001963,0.0,0,7902.489000001963,100,1,1.0,0.0,2026-05-09 02:00:00+00:00,0.0,0.0,0.0,0.0,long,False,False,False,False,0.00217,0.033640552995391815,0.007373271889400845,0.005990783410138256,,
PUMP,2026050903,1.0,1,7902.489000001963,0.0,0,7902.489000001963,100,1,1.0,0.0,2026-05-09 03:00:00+00:00,0.0,0.0,0.0,0.0,long,False,False,False,False,0.002243,-0.014266607222470085,-0.028533214444939947,,,
PUMP,2026050904,1.0,1,7902.489000001963,0.0,0,7902.489000001963,100,1,1.0,0.0,2026-05-09 04:00:00+00:00,0.0,0.0,0.0,0.0,long,False,False,False,False,0.002211,-0.011307100859339614,-0.014020805065581121,,,
PUMP,2026050905,1.0,1,7902.489000001963,0.0,0,7902.489000001963,100,1,1.0,0.0,2026-05-09 05:00:00+00:00,0.0,0.0,0.0,0.0,long,False,False,False,False,0.002186,-0.003202195791399798,-0.0013723696248856276,,,
PROS,2026050605,1.0,2,4486.74030949717,0.0,0,4486.74030949717,100,2,1.0,0.0,2026-05-06 05:00:00+00:00,,,,,long,False,False,False,False,0.6306,0.014747859181731604,0.010149064383127016,0.014113542657786082,0.01268633047890888,0.010149064383127016
PROS,2026050606,1.0,2,4486.74030949717,0.0,0,4486.74030949717,100,2,1.0,0.0,2026-05-06 06:00:00+00:00,0.0,0.0,0.0,0.0,long,False,False,False,False,0.6399,-0.002187841850289196,0.009063916236912162,0.00453195811845597,-0.008282544147523052,0.0031254883575557724
PROS,2026050607,1.0,2,4486.74030949717,0.0,0,4486.74030949717,100,2,1.0,0.0,2026-05-06 07:00:00+00:00,0.0,0.0,0.0,0.0,long,False,False,False,False,0.6385,-0.002349256068911454,0.0067345340642130935,-0.004072043852779816,-0.015035238841033638,0.007204385277995273
PROS,2026050608,1.0,2,4486.74030949717,0.0,0,4486.74030949717,100,2,1.0,0.0,2026-05-06 08:00:00+00:00,0.0,0.0,0.0,0.0,long,False,False,False,False,0.637,0.013657770800628022,0.003924646781789498,0.0015698587127157548,0.001098901098901095,0.008006279434850772
PROS,2026050609,1.0,2,4486.74030949717,0.0,0,4486.74030949717,100,2,1.0,0.0,2026-05-06 09:00:00+00:00,0.0,0.0,0.0,0.0,long,False,False,False,False,0.6457,-0.00449124980641169,-0.00449124980641169,-0.0004646120489392169,-0.014867585566052388,-0.006349698002168336
PROS,2026050610,1.0,2,4486.74030949717,0.0,0,4486.74030949717,100,2,1.0,0.0,2026-05-06 10:00:00+00:00,0.0,0.0,0.0,0.0,long,False,False,False,False,0.6428,-0.005133789670193067,-0.010734287492221606,-0.008089607965152568,-0.016179215930305024,-0.002333540759178687
PROS,2026050611,1.0,2,4486.74030949717,0.0,0,4486.74030949717,100,2,1.0,0.0,2026-05-06 11:00:00+00:00,0.0,0.0,0.0,0.0,long,False,False,False,False,0.6395,0.005160281469898553,-0.0023455824863173325,-0.0014073494917904439,-0.003596559812353406,-0.024394057857701212
PROS,2026050612,1.0,2,4486.74030949717,0.0,0,4486.74030949717,100,2,1.0,0.0,2026-05-06 12:00:00+00:00,0.0,0.0,0.0,0.0,long,False,False,False,False,0.6428,-0.010734287492221606,0.004044803982576228,-0.012756689483509609,-0.010889856876166726,-0.02722464219041698
PROS,2026050613,1.0,2,5486.716809497175,0.0,0,5486.716809497175,100,2,1.0,0.0,2026-05-06 13:00:00+00:00,0.0,999.9765000000052,999.9765000000052,0.0,long,True,False,False,False,0.6359,0.003302406038685257,0.0026733763170307956,-0.01100802012895108,0.004717722912407574,-0.03333857524768047
PROS,2026050614,1.0,2,5486.716809497175,0.0,0,5486.716809497175,100,2,1.0,0.0,2026-05-06 14:00:00+00:00,0.0,0.0,0.0,0.0,long,False,False,False,False,0.638,0.011598746081504574,0.0009404388714733258,-0.0004702194357366629,0.00031347962382444194,-0.028840125391849436
PROS,2026050615,1.0,2,5486.716809497175,0.0,0,5486.716809497175,100,2,1.0,0.0,2026-05-06 15:00:00+00:00,0.0,0.0,0.0,0.0,long,False,False,False,False,0.6454,-0.012085528354508823,-0.01673380849085826,-0.014409668422683541,-0.013944840409048642,-0.030368763557483636
PROS,2026050616,1.0,2,5486.716809497175,0.0,0,5486.716809497175,100,2,1.0,0.0,2026-05-06 16:00:00+00:00,0.0,0.0,0.0,0.0,long,False,False,False,False,0.6376,0.0015683814303639743,-0.013644918444165488,-0.008155583437892022,-0.0018820577164365693,-0.00015683814303635302
PROS,2026050617,1.0,2,5486.716809497175,0.0,0,5486.716809497175,100,2,1.0,0.0,2026-05-06 17:00:00+00:00,0.0,0.0,0.0,0.0,long,False,False,False,False,0.6386,-0.006263701847791903,-0.0014093329157530698,-0.0021922956467271826,-0.0025054807391167166,0.008299404948324485
PROS,2026050618,1.0,2,5486.716809497175,0.0,0,5486.716809497175,100,2,1.0,0.0,2026-05-06 18:00:00+00:00,0.0,0.0,0.0,0.0,long,False,False,False,False,0.6346,-0.008982035928143728,0.00236369366530087,0.0018909549322407848,0.011503309171131404,0.017176173967853536
PROS,2026050619,1.0,2,5486.716809497175,0.0,0,5486.716809497175,100,2,1.0,0.0,2026-05-06 19:00:00+00:00,0.0,0.0,0.0,0.0,long,False,False,False,False,0.6289,0.013992685641596392,0.005565272698362156,0.01590077913817778,0.02257910637621241,0.020034981714103894
PROS,2026050620,1.0,2,5486.716809497175,0.0,0,5486.716809497175,100,2,1.0,0.0,2026-05-06 20:00:00+00:00,0.0,0.0,0.0,0.0,long,False,False,False,False,0.6377,-0.0025090167790497997,-0.0007840677434530763,0.0007840677434529653,0.006899796142386672,
PROS,2026050621,1.0,1,4986.627096411101,0.0,0,4986.627096411101,100,1,1.0,0.0,2026-05-06 21:00:00+00:00,-1.0,-500.08971308607397,-500.08971308607397,0.0,long,False,True,False,False,0.6361,-0.005816695488130907,-0.0004716239584970916,0.0004716239584969806,0.008646439239113235,
PROS,2026050622,1.0,1,4986.627096411101,0.0,0,4986.627096411101,100,1,1.0,0.0,2026-05-06 22:00:00+00:00,0.0,0.0,0.0,0.0,long,False,False,False,False,0.6324,0.007590132827324458,0.01027830487033543,0.006325110689437086,0.014073371283997549,
PROS,2026050623,1.0,1,4986.627096411101,0.0,0,4986.627096411101,100,1,1.0,0.0,2026-05-06 23:00:00+00:00,0.0,0.0,0.0,0.0,long,False,False,False,False,0.6372,-0.002197112366603804,0.0015693659761455425,-0.0003138731952291307,-0.020872567482736915,
PROS,2026050701,1.0,1,4986.627096411101,0.0,0,4986.627096411101,100,1,1.0,0.0,2026-05-07 01:00:00+00:00,0.0,0.0,0.0,0.0,long,False,False,False,False,0.6389,-0.0010956331194240665,-0.003912975426514365,0.006573798716543955,-0.03787760212865865,
PROS,2026050702,1.0,1,4986.627096411101,0.0,0,4986.627096411101,100,1,1.0,0.0,2026-05-07 02:00:00+00:00,0.0,0.0,0.0,0.0,long,False,False,False,False,0.6382,-0.0028204324663115843,-0.0018802883108742785,0.006110937010341599,-0.02914446881855215,
PROS,2026050703,1.0,1,4986.627096411101,0.0,0,4986.627096411101,100,1,1.0,0.0,2026-05-07 03:00:00+00:00,0.0,0.0,0.0,0.0,long,False,False,False,False,0.6364,0.0,0.00864236329352619,0.00817096165933373,-0.016656191074795657,
PROS,2026050704,1.0,1,4986.627096411101,0.0,0,4986.627096411101,100,1,1.0,0.0,2026-05-07 04:00:00+00:00,0.0,0.0,0.0,0.0,long,False,False,False,False,0.6364,0.0009428032683846954,0.01052796983029558,0.007699560025141494,0.001728472658705238,
PROS,2026050705,1.0,1,4986.627096411101,0.0,0,4986.627096411101,100,1,1.0,0.0,2026-05-07 05:00:00+00:00,0.0,0.0,0.0,0.0,long,False,False,False,False,0.637,0.007692307692307665,0.008006279434850772,-0.0205651491365777,0.010832025117739397,
PROS,2026050706,1.0,1,4986.627096411101,0.0,0,4986.627096411101,100,1,1.0,0.0,2026-05-07 06:00:00+00:00,0.0,0.0,0.0,0.0,long,False,False,False,False,0.6419,0.001869450070104417,-0.00046736251752621527,-0.025860725969777287,0.005608350210313029,
PROS,2026050707,1.0,1,4986.627096411101,0.0,0,4986.627096411101,100,1,1.0,0.0,2026-05-07 07:00:00+00:00,0.0,0.0,0.0,0.0,long,False,False,False,False,0.6431,-0.0015549681231534773,-0.002798942621676348,-0.04416109469755869,-0.0024879489970456303,
PROS,2026050708,1.0,1,4986.627096411101,0.0,0,4986.627096411101,100,1,1.0,0.0,2026-05-07 08:00:00+00:00,0.0,0.0,0.0,0.0,long,False,False,False,False,0.6421,-0.0007786949073353977,-0.028344494627005168,-0.03504127083008868,,
PROS,2026050709,1.0,1,4986.627096411101,0.0,0,4986.627096411101,100,1,1.0,0.0,2026-05-07 09:00:00+00:00,0.0,0.0,0.0,0.0,long,False,False,False,False,0.6416,-0.00046758104738153783,-0.025405236907730666,-0.02462593516209466,,
PROS,2026050710,1.0,1,4986.627096411101,0.0,0,4986.627096411101,100,1,1.0,0.0,2026-05-07 10:00:00+00:00,0.0,0.0,0.0,0.0,long,False,False,False,False,0.6413,-0.02713238733821921,-0.04147824731015115,-0.005925463901450212,,
PROS,2026050711,1.0,1,4986.627096411101,0.0,0,4986.627096411101,100,1,1.0,0.0,2026-05-07 11:00:00+00:00,0.0,0.0,0.0,0.0,long,False,False,False,False,0.6239,0.002243949350857477,-0.006892130149062314,0.032056419297964434,,
PROS,2026050712,1.0,1,4986.627096411101,0.0,0,4986.627096411101,100,1,1.0,0.0,2026-05-07 12:00:00+00:00,0.0,0.0,0.0,0.0,long,False,False,False,False,0.6253,-0.016951863105709175,0.0007996161842316329,0.032304493842955306,,
PROS,2026050713,1.0,1,4986.627096411101,0.0,0,4986.627096411101,100,1,1.0,0.0,2026-05-07 13:00:00+00:00,0.0,0.0,0.0,0.0,long,False,False,False,False,0.6147,0.007971368147063673,0.03709126403123464,0.04359850333495996,,
PROS,2026050714,1.0,1,4986.627096411101,0.0,0,4986.627096411101,100,1,1.0,0.0,2026-05-07 14:00:00+00:00,0.0,0.0,0.0,0.0,long,False,False,False,False,0.6196,0.010006455777921142,0.0392188508715301,,,
PROS,2026050715,1.0,1,4986.627096411101,0.0,0,4986.627096411101,100,1,1.0,0.0,2026-05-07 15:00:00+00:00,0.0,0.0,0.0,0.0,long,False,False,False,False,0.6258,0.01869606903163934,0.03147970597635008,,,
PROS,2026050716,1.0,1,4986.627096411101,0.0,0,4986.627096411101,100,1,1.0,0.0,2026-05-07 16:00:00+00:00,0.0,0.0,0.0,0.0,long,False,False,False,False,0.6375,0.010039215686274527,0.006274509803921635,,,
PROS,2026050717,1.0,1,4986.627096411101,0.0,0,4986.627096411101,100,1,1.0,0.0,2026-05-07 17:00:00+00:00,0.0,0.0,0.0,0.0,long,False,False,False,False,0.6439,0.0024848578971889967,,,,
PROS,2026050718,1.0,1,4986.627096411101,0.0,0,4986.627096411101,100,1,1.0,0.0,2026-05-07 18:00:00+00:00,0.0,0.0,0.0,0.0,long,False,False,False,False,0.6455,-0.006196746707978318,,,,
PROS,2026050719,1.0,1,4986.627096411101,0.0,0,4986.627096411101,100,1,1.0,0.0,2026-05-07 19:00:00+00:00,0.0,0.0,0.0,0.0,long,False,False,False,False,0.6415,,,,,
PROS,2026050720,1.0,1,9985.716096411106,0.0,0,9985.716096411106,100,1,1.0,0.0,2026-05-07 20:00:00+00:00,0.0,4999.089000000005,4999.089000000005,0.0,long,True,False,False,False,,,,,,
PROS,2026050721,1.0,1,9985.716096411106,0.0,0,9985.716096411106,100,1,1.0,0.0,2026-05-07 21:00:00+00:00,0.0,0.0,0.0,0.0,long,False,False,False,False,,,,,,
PROS,2026050722,1.0,1,15984.992496411112,0.0,0,15984.992496411112,100,1,1.0,0.0,2026-05-07 22:00:00+00:00,0.0,5999.276400000006,5999.276400000006,0.0,long,True,False,False,False,,,,,,
PROS,2026050723,1.0,1,15984.992496411112,0.0,0,15984.992496411112,100,1,1.0,0.0,2026-05-07 23:00:00+00:00,0.0,0.0,0.0,0.0,long,False,False,False,False,,,,,,
PROS,2026050801,1.0,1,2647.18433840683,0.0,0,2647.18433840683,100,1,1.0,0.0,2026-05-08 01:00:00+00:00,0.0,-13337.808158004282,-13337.808158004282,0.0,long,False,True,False,False,,,,,,
PROS,2026050802,1.0,1,2647.18433840683,0.0,0,2647.18433840683,100,1,1.0,0.0,2026-05-08 02:00:00+00:00,0.0,0.0,0.0,0.0,long,False,False,False,False,,,,,,
PROS,2026050803,1.0,1,2647.18433840683,0.0,0,2647.18433840683,100,1,1.0,0.0,2026-05-08 03:00:00+00:00,0.0,0.0,0.0,0.0,long,False,False,False,False,,,,,,
PROS,2026050804,1.0,1,2647.18433840683,0.0,0,2647.18433840683,100,1,1.0,0.0,2026-05-08 04:00:00+00:00,0.0,0.0,0.0,0.0,long,False,False,False,False,,,,,,
PROS,2026050805,1.0,1,2647.18433840683,0.0,0,2647.18433840683,100,1,1.0,0.0,2026-05-08 05:00:00+00:00,0.0,0.0,0.0,0.0,long,False,False,False,False,,,,,,
PROS,2026050806,1.0,1,2647.18433840683,0.0,0,2647.18433840683,100,1,1.0,0.0,2026-05-08 06:00:00+00:00,0.0,0.0,0.0,0.0,long,False,False,False,False,,,,,,
PROS,2026050807,1.0,1,2647.18433840683,0.0,0,2647.18433840683,100,1,1.0,0.0,2026-05-08 07:00:00+00:00,0.0,0.0,0.0,0.0,long,False,False,False,False,,,,,,
PROS,2026050808,1.0,1,2647.18433840683,0.0,0,2647.18433840683,100,1,1.0,0.0,2026-05-08 08:00:00+00:00,0.0,0.0,0.0,0.0,long,False,False,False,False,,,,,,
PROS,2026050809,1.0,1,2647.18433840683,0.0,0,2647.18433840683,100,1,1.0,0.0,2026-05-08 09:00:00+00:00,0.0,0.0,0.0,0.0,long,False,False,False,False,,,,,,
PROS,2026050810,1.0,1,2647.18433840683,0.0,0,2647.18433840683,100,1,1.0,0.0,2026-05-08 10:00:00+00:00,0.0,0.0,0.0,0.0,long,False,False,False,False,,,,,,
PROS,2026050819,1.0,1,8883.69780000003,0.0,0,8883.69780000003,100,1,1.0,0.0,2026-05-08 19:00:00+00:00,0.0,6236.5134615932,6236.5134615932,0.0,long,True,False,False,False,,,,,,
PROS,2026050820,0.3333333333,1,7950.76636636877,0.6666666667,2,9816.629233631287,100,3,0.9049641774,0.0950358226,2026-05-08 20:00:00+00:00,2.0,932.9314336312564,-932.9314336312609,-0.09503582259999999,long,True,False,False,False,,,,,,
PROS,2026050821,1.0,2,11986.995000000052,0.0,0,11986.995000000052,100,2,1.0,0.0,2026-05-08 21:00:00+00:00,-1.0,2170.3657663687645,4036.228633631282,0.09503582259999999,long,True,True,False,False,,,,,,
PROS,2026050822,1.0,2,15222.155900000109,0.0,0,15222.155900000109,100,2,1.0,0.0,2026-05-08 22:00:00+00:00,0.0,3235.160900000057,3235.160900000057,0.0,long,True,False,False,False,,,,,,
PROS,2026050823,1.0,2,17418.441400000178,0.0,0,17418.441400000178,100,2,1.0,0.0,2026-05-08 23:00:00+00:00,0.0,2196.285500000069,2196.285500000069,0.0,long,True,False,False,False,,,,,,
PROS,2026050901,1.0,2,17418.441400000178,0.0,0,17418.441400000178,100,2,1.0,0.0,2026-05-09 01:00:00+00:00,0.0,0.0,0.0,0.0,long,False,False,False,False,,,,,,
PROS,2026050902,1.0,2,17927.480100000183,0.0,0,17927.480100000183,100,2,1.0,0.0,2026-05-09 02:00:00+00:00,0.0,509.0387000000046,509.0387000000046,0.0,long,True,False,False,False,,,,,,
PROS,2026050903,1.0,1,1012.4321000000002,0.0,0,1012.4321000000002,100,1,1.0,0.0,2026-05-09 03:00:00+00:00,-1.0,-16915.04800000018,-16915.04800000018,0.0,long,False,True,False,False,,,,,,
PROS,2026050904,1.0,1,1012.4321000000002,0.0,0,1012.4321000000002,100,1,1.0,0.0,2026-05-09 04:00:00+00:00,0.0,0.0,0.0,0.0,long,False,False,False,False,,,,,,
PROS,2026050905,1.0,1,1012.4321000000002,0.0,0,1012.4321000000002,100,1,1.0,0.0,2026-05-09 05:00:00+00:00,0.0,0.0,0.0,0.0,long,False,False,False,False,,,,,,
NIGHT,2026050605,1.0,1,28300.708000002076,0.0,0,28300.708000002076,100,1,1.0,0.0,2026-05-06 05:00:00+00:00,,,,,long,False,False,False,False,0.03214,0.007778469197261995,0.01742377100186676,0.00995644057249545,-0.016179215930304913,0.0065339141256999245
NIGHT,2026050606,1.0,1,28300.708000002076,0.0,0,28300.708000002076,100,1,1.0,0.0,2026-05-06 06:00:00+00:00,0.0,0.0,0.0,0.0,long,False,False,False,False,0.03239,-0.008335906143871585,0.01451065143562813,-0.005557270762581057,-0.025625192960790466,-0.003704847175054038
NIGHT,2026050607,1.0,1,28300.708000002076,0.0,0,28300.708000002076,100,1,1.0,0.0,2026-05-06 07:00:00+00:00,0.0,0.0,0.0,0.0,long,False,False,False,False,0.03212,0.018057285180572702,0.014321295143212787,-0.006537982565379852,-0.01183063511830651,-0.0006226650062268746
NIGHT,2026050608,1.0,1,28300.708000002076,0.0,0,28300.708000002076,100,1,1.0,0.0,2026-05-06 08:00:00+00:00,0.0,0.0,0.0,0.0,long,False,False,False,False,0.0327,0.004892966360856343,-0.007339449541284293,-0.031192660550458773,-0.028440366972477094,-0.040061162079510715
NIGHT,2026050609,1.0,1,28300.708000002076,0.0,0,28300.708000002076,100,1,1.0,0.0,2026-05-06 09:00:00+00:00,0.0,0.0,0.0,0.0,long,False,False,False,False,0.03286,-0.008520998174071925,-0.0197808886183809,-0.03438831405964693,-0.026171637248934898,-0.04108338405356049
NIGHT,2026050610,1.0,1,28300.708000002076,0.0,0,28300.708000002076,100,1,1.0,0.0,2026-05-06 10:00:00+00:00,0.0,0.0,0.0,0.0,long,False,False,False,False,0.03258,-0.0036832412523019054,-0.020564763658686203,-0.02639656230816456,-0.019643953345610643,-0.038980969920196507
NIGHT,2026050611,1.0,1,28300.708000002076,0.0,0,28300.708000002076,100,1,1.0,0.0,2026-05-06 11:00:00+00:00,0.0,0.0,0.0,0.0,long,False,False,False,False,0.03246,-0.007701786814541034,-0.02402957486136792,-0.025878003696857665,-0.013863216266173928,-0.03203943314849067
NIGHT,2026050612,1.0,1,28300.708000002076,0.0,0,28300.708000002076,100,1,1.0,0.0,2026-05-06 12:00:00+00:00,0.0,0.0,0.0,0.0,long,False,False,False,False,0.03221,-0.009313877677739835,-0.014902204284383824,-0.02018006830176977,-0.005277864017386058,-0.012108040981061774
NIGHT,2026050613,1.0,1,28300.708000002076,0.0,0,28300.708000002076,100,1,1.0,0.0,2026-05-06 13:00:00+00:00,0.0,0.0,0.0,0.0,long,False,False,False,False,0.03191,-0.0072077718583516415,-0.005954246317768863,-0.005327483547477363,-0.004073958006894363,-0.011908492635537393
NIGHT,2026050614,1.0,1,28300.708000002076,0.0,0,28300.708000002076,100,1,1.0,0.0,2026-05-06 14:00:00+00:00,0.0,0.0,0.0,0.0,long,False,False,False,False,0.03168,0.0015782828282828731,-0.0018939393939393367,0.0028409090909091717,0.01104797979797989,-0.00978535353535348
NIGHT,2026050615,1.0,1,28300.708000002076,0.0,0,28300.708000002076,100,1,1.0,0.0,2026-05-06 15:00:00+00:00,0.0,0.0,0.0,0.0,long,False,False,False,False,0.03173,-0.00031515915537361217,-0.005357705641348964,0.008509297195083532,0.007563819728963139,-0.020485345099275132
NIGHT,2026050616,1.0,1,28300.708000002076,0.0,0,28300.708000002076,100,1,1.0,0.0,2026-05-06 16:00:00+00:00,0.0,0.0,0.0,0.0,long,False,False,False,False,0.03172,-0.0031525851197981014,0.0006305170239595537,0.006935687263556201,0.009773013871374747,-0.024590163934426257
NIGHT,2026050617,1.0,1,28300.708000002076,0.0,0,28300.708000002076,100,1,1.0,0.0,2026-05-06 17:00:00+00:00,0.0,0.0,0.0,0.0,long,False,False,False,False,0.03162,-0.0018975332068312811,0.004743833017077703,0.012333965844402162,0.023086654016445163,-0.015812776723592825
NIGHT,2026050618,1.0,1,28300.708000002076,0.0,0,28300.708000002076,100,1,1.0,0.0,2026-05-06 18:00:00+00:00,0.0,0.0,0.0,0.0,long,False,False,False,False,0.03156,0.005703422053231932,0.013941698352344822,0.015209125475285301,0.02249683143219272,-0.010773130544993514
NIGHT,2026050619,1.0,1,28300.708000002076,0.0,0,28300.708000002076,100,1,1.0,0.0,2026-05-06 19:00:00+00:00,0.0,0.0,0.0,0.0,long,False,False,False,False,0.03174,0.000945179584121103,0.006301197227473354,0.001260239445494804,0.011342155009451682,-0.027410207939508324
NIGHT,2026050620,1.0,1,28300.708000002076,0.0,0,28300.708000002076,100,1,1.0,0.0,2026-05-06 20:00:00+00:00,0.0,0.0,0.0,0.0,long,False,False,False,False,0.03177,0.007239534151715521,0.007554296506137703,0.008183821214982734,-0.011960969468051585,-0.025180988353792788
NIGHT,2026050621,1.0,1,28300.708000002076,0.0,0,28300.708000002076,100,1,1.0,0.0,2026-05-06 21:00:00+00:00,0.0,0.0,0.0,0.0,long,False,False,False,False,0.032,-0.00187499999999996,0.0012499999999999734,-0.0009375000000000355,-0.015312499999999951,-0.020937500000000164
NIGHT,2026050622,1.0,1,28300.708000002076,0.0,0,28300.708000002076,100,1,1.0,0.0,2026-05-06 22:00:00+00:00,0.0,0.0,0.0,0.0,long,False,False,False,False,0.03194,0.00219160926737616,-0.0050093926111458575,0.0028177833437694755,-0.019724483406387106,-0.012210394489668208
NIGHT,2026050623,1.0,1,28300.708000002076,0.0,0,28300.708000002076,100,1,1.0,0.0,2026-05-06 23:00:00+00:00,0.0,0.0,0.0,0.0,long,False,False,False,False,0.03201,0.0009372071227742307,0.0006248047485162278,0.01062168072477343,-0.018431740081224612,-0.00031240237425789186
NIGHT,2026050701,1.0,1,28300.708000002076,0.0,0,28300.708000002076,100,1,1.0,0.0,2026-05-07 01:00:00+00:00,0.0,0.0,0.0,0.0,long,False,False,False,False,0.03178,0.00786658275645058,0.00786658275645058,0.010069225928256653,-0.00786658275645058,0.03838892385147896
NIGHT,2026050702,1.0,1,28300.708000002076,0.0,0,28300.708000002076,100,1,1.0,0.0,2026-05-07 02:00:00+00:00,0.0,0.0,0.0,0.0,long,False,False,False,False,0.03203,-0.0018732438339058577,0.009990633780830205,-0.019981267561660965,-0.02060568217296288,0.056821729628473205
NIGHT,2026050703,1.0,1,28300.708000002076,0.0,0,28300.708000002076,100,1,1.0,0.0,2026-05-07 03:00:00+00:00,0.0,0.0,0.0,0.0,long,False,False,False,False,0.03197,0.001876759461995725,0.009383797309978181,-0.014388489208632893,-0.027838598686268368,0.054113231154207186
NIGHT,2026050704,1.0,1,28300.708000002076,0.0,0,28300.708000002076,100,1,1.0,0.0,2026-05-07 04:00:00+00:00,0.0,0.0,0.0,0.0,long,False,False,False,False,0.03203,0.009990633780830205,0.0021854511395564824,-0.022478926006868738,-0.034030596315953954,0.012800499531688825
NIGHT,2026050705,1.0,1,28300.708000002076,0.0,0,28300.708000002076,100,1,1.0,0.0,2026-05-07 05:00:00+00:00,0.0,0.0,0.0,0.0,long,False,False,False,False,0.03235,-0.0024729520865531818,-0.029675425038639736,-0.028748068006182348,-0.038021638330757335,0.03833075734157676
NIGHT,2026050706,1.0,1,28300.708000002076,0.0,0,28300.708000002076,100,1,1.0,0.0,2026-05-07 06:00:00+00:00,0.0,0.0,0.0,0.0,long,False,False,False,False,0.03227,-0.005268050821196302,-0.023551286024171003,-0.013944840409048642,-0.03253796095444683,-0.0034087387666562607
NIGHT,2026050707,1.0,1,28300.708000002076,0.0,0,28300.708000002076,100,1,1.0,0.0,2026-05-07 07:00:00+00:00,0.0,0.0,0.0,0.0,long,False,False,False,False,0.0321,-0.022118380062305154,-0.02461059190031145,-0.01775700934579416,-0.03831775700934559,0.01495327102803734
NIGHT,2026050708,1.0,1,28300.708000002076,0.0,0,28300.708000002076,100,1,1.0,0.0,2026-05-07 08:00:00+00:00,0.0,0.0,0.0,0.0,long,False,False,False,False,0.03139,0.003822873526600823,0.0009557183816499837,-0.0006371455877667298,-0.01338005734310288,0.03695444409047477
NIGHT,2026050709,1.0,1,28300.708000002076,0.0,0,28300.708000002076,100,1,1.0,0.0,2026-05-07 09:00:00+00:00,0.0,0.0,0.0,0.0,long,False,False,False,False,0.03151,-0.0063471913678199154,0.009838146620120503,-0.013646461440812496,-0.0057124722310379905,0.025388765471278774
NIGHT,2026050710,1.0,1,28300.708000002076,0.0,0,28300.708000002076,100,1,1.0,0.0,2026-05-07 10:00:00+00:00,0.0,0.0,0.0,0.0,long,False,False,False,False,0.03131,0.003513254551261502,0.007026509102523226,-0.011817310763334365,0.007665282657298045,0.026509102523155637
NIGHT,2026050711,1.0,1,28300.708000002076,0.0,0,28300.708000002076,100,1,1.0,0.0,2026-05-07 11:00:00+00:00,0.0,0.0,0.0,0.0,long,False,False,False,False,0.03142,0.012730744748567835,-0.001591343093570785,-0.00954805856142582,0.01845957988542346,0.02323360916613626
NIGHT,2026050712,1.0,1,28300.708000002076,0.0,0,28300.708000002076,100,1,1.0,0.0,2026-05-07 12:00:00+00:00,0.0,0.0,0.0,0.0,long,False,False,False,False,0.03182,-0.009113764927718426,-0.023255813953488413,-0.018856065367693242,0.020113136392206243,-0.00628535512256434
NIGHT,2026050713,1.0,1,28300.708000002076,0.0,0,28300.708000002076,100,1,1.0,0.0,2026-05-07 13:00:00+00:00,0.0,0.0,0.0,0.0,long,False,False,False,False,0.03153,-0.005074532191563619,-0.018712337456390893,-0.020932445290199886,0.04662226450999052,0.00666032350142709
NIGHT,2026050714,1.0,1,28300.708000002076,0.0,0,28300.708000002076,100,1,1.0,0.0,2026-05-07 14:00:00+00:00,0.0,0.0,0.0,0.0,long,False,False,False,False,0.03137,-0.00924450111571573,-0.007969397513548082,-0.01275103602167682,0.07905642333439578,0.01944532993305703
NIGHT,2026050715,1.0,1,28300.708000002076,0.0,0,28300.708000002076,100,1,1.0,0.0,2026-05-07 15:00:00+00:00,0.0,0.0,0.0,0.0,long,False,False,False,False,0.03108,-0.0045045045045045695,0.0045045045045044585,0.00804375804375801,0.08429858429858439,0.03249678249678256
NIGHT,2026050716,1.0,1,28300.708000002076,0.0,0,28300.708000002076,100,1,1.0,0.0,2026-05-07 16:00:00+00:00,0.0,0.0,0.0,0.0,long,False,False,False,False,0.03094,0.005817711700064621,-0.002262443438913908,0.019715578539108103,0.04848093083387184,0.07401422107304478
NIGHT,2026050717,1.0,1,28300.708000002076,0.0,0,28300.708000002076,100,1,1.0,0.0,2026-05-07 17:00:00+00:00,0.0,0.0,0.0,0.0,long,False,False,False,False,0.03112,0.0032133676092545027,-0.004820051413881643,0.028277634961439757,0.0793701799485862,0.0526992287917738
NIGHT,2026050718,1.0,1,28300.708000002076,0.0,0,28300.708000002076,100,1,1.0,0.0,2026-05-07 18:00:00+00:00,0.0,0.0,0.0,0.0,long,False,False,False,False,0.03122,-0.011210762331838597,0.003523382447149226,0.03971812940422814,0.030108904548366455,0.054452274183215854
NIGHT,2026050719,1.0,1,28300.708000002076,0.0,0,28300.708000002076,100,1,1.0,0.0,2026-05-07 19:00:00+00:00,0.0,0.0,0.0,0.0,long,False,False,False,False,0.03087,0.0032393909944929966,0.022027858762552643,0.06899902818270154,0.055393586005830775,0.04923874311629417
NIGHT,2026050720,1.0,1,28300.708000002076,0.0,0,28300.708000002076,100,1,1.0,0.0,2026-05-07 20:00:00+00:00,0.0,0.0,0.0,0.0,long,False,False,False,False,0.03097,0.01162415240555359,0.033257991604778825,0.09299321924443005,0.051017113335485975,0.0497255408459798
NIGHT,2026050721,1.0,1,28300.708000002076,0.0,0,28300.708000002076,100,1,1.0,0.0,2026-05-07 21:00:00+00:00,0.0,0.0,0.0,0.0,long,False,False,False,False,0.03133,0.00702202361953419,0.03606766677306106,0.0756463453558891,0.03127992339610608,0.04021704436642204
NIGHT,2026050722,1.0,1,28300.708000002076,0.0,0,28300.708000002076,100,1,1.0,0.0,2026-05-07 22:00:00+00:00,0.0,0.0,0.0,0.0,long,False,False,False,False,0.03155,0.014263074484944571,0.045958795562599075,0.028209191759112295,0.01870047543581621,0.03581616481774952
NIGHT,2026050723,1.0,1,28300.708000002076,0.0,0,28300.708000002076,100,1,1.0,0.0,2026-05-07 23:00:00+00:00,0.0,0.0,0.0,0.0,long,False,False,False,False,0.032,0.014375000000000027,0.05781249999999982,0.04968750000000011,0.004687499999999956,0.013749999999999929
NIGHT,2026050801,1.0,1,28300.708000002076,0.0,0,28300.708000002076,100,1,1.0,0.0,2026-05-08 01:00:00+00:00,0.0,0.0,0.0,0.0,long,False,False,False,False,0.033,0.025757575757575646,-0.01696969696969708,-0.01272727272727281,-0.03818181818181832,-0.00545454545454549
NIGHT,2026050802,1.0,1,28300.708000002076,0.0,0,28300.708000002076,100,1,1.0,0.0,2026-05-08 02:00:00+00:00,0.0,0.0,0.0,0.0,long,False,False,False,False,0.03385,-0.004431314623338234,-0.007680945347119494,-0.03840472673559814,-0.05524372230428354,-0.025406203840472652
NIGHT,2026050803,1.0,1,28300.708000002076,0.0,0,28300.708000002076,100,1,1.0,0.0,2026-05-08 03:00:00+00:00,0.0,0.0,0.0,0.0,long,False,False,False,False,0.0337,-0.037388724035608445,-0.045697329376854556,-0.041246290801187024,-0.04777448071216617,-0.024035608308605294
NIGHT,2026050804,1.0,1,28300.708000002076,0.0,0,28300.708000002076,100,1,1.0,0.0,2026-05-08 04:00:00+00:00,0.0,0.0,0.0,0.0,long,False,False,False,False,0.03244,0.03545006165228126,0.004315659679408279,-0.00924784217016017,0.024352651048088925,0.01356350184956856
NIGHT,2026050805,1.0,1,28300.708000002076,0.0,0,28300.708000002076,100,1,1.0,0.0,2026-05-08 05:00:00+00:00,0.0,0.0,0.0,0.0,long,False,False,False,False,0.03359,-0.04257219410538848,-0.030961595713009826,-0.042869901756475204,-0.024709735040190695,-0.022923489133670705
NIGHT,2026050806,1.0,1,28300.708000002076,0.0,0,28300.708000002076,100,1,1.0,0.0,2026-05-08 06:00:00+00:00,0.0,0.0,0.0,0.0,long,False,False,False,False,0.03216,0.013059701492537323,0.004664179104477473,-0.016791044776119368,0.023631840796019876,0.023631840796019876
NIGHT,2026050807,1.0,1,28300.708000002076,0.0,0,28300.708000002076,100,1,1.0,0.0,2026-05-08 07:00:00+00:00,0.0,0.0,0.0,0.0,long,False,False,False,False,0.03258,-0.0009208103130753376,-0.013505217925107282,-0.025782688766114226,-0.005831798649478026,0.011356660527931384
NIGHT,2026050808,1.0,1,28300.708000002076,0.0,0,28300.708000002076,100,1,1.0,0.0,2026-05-08 08:00:00+00:00,0.0,0.0,0.0,0.0,long,False,False,False,False,0.03255,-0.007373271889401067,-0.012288786482335001,-0.017511520737327202,-0.0012288786482336223,0.01228878648233489
NIGHT,2026050809,1.0,1,28300.708000002076,0.0,0,28300.708000002076,100,1,1.0,0.0,2026-05-08 09:00:00+00:00,0.0,0.0,0.0,0.0,long,False,False,False,False,0.03231,-0.0052615289384090325,-0.02135561745589587,-0.006809037449705957,0.008666047663262288,
NIGHT,2026050810,1.0,1,28300.708000002076,0.0,0,28300.708000002076,100,1,1.0,0.0,2026-05-08 10:00:00+00:00,0.0,0.0,0.0,0.0,long,False,False,False,False,0.03214,0.000311138767890462,-0.012445550715619258,0.03391412570006214,0.016801493466085837,
NIGHT,2026050811,1.0,1,28300.708000002076,0.0,0,28300.708000002076,100,1,1.0,0.0,2026-05-08 11:00:00+00:00,0.0,0.0,0.0,0.0,long,False,False,False,False,0.03215,-0.01648522550544307,-0.005287713841368502,0.018973561430793096,0.009020217729393432,
NIGHT,2026050812,1.0,1,28300.708000002076,0.0,0,28300.708000002076,100,1,1.0,0.0,2026-05-08 12:00:00+00:00,0.0,0.0,0.0,0.0,long,False,False,False,False,0.03162,0.003795066413662118,0.014864010120177129,0.041113219481340835,0.03700189753320671,
NIGHT,2026050813,1.0,2,41664.32400000224,0.0,0,41664.32400000224,100,2,1.0,0.0,2026-05-08 13:00:00+00:00,1.0,13363.616000000166,13363.616000000166,0.0,long,True,False,False,False,0.03174,0.007561436672967936,0.04694391934467568,0.020478890989288123,0.03402646502835549,
NIGHT,2026050814,1.0,1,28300.708000002076,0.0,0,28300.708000002076,100,1,1.0,0.0,2026-05-08 14:00:00+00:00,-1.0,-13363.616000000166,-13363.616000000166,0.0,long,False,True,False,False,0.03198,0.0034396497811131077,0.024390243902438824,0.01657285803627251,0.03158223889931189,
NIGHT,2026050815,1.0,1,28300.708000002076,0.0,0,28300.708000002076,100,1,1.0,0.0,2026-05-08 15:00:00+00:00,0.0,0.0,0.0,0.0,long,False,False,False,False,0.03209,0.03552508569647861,0.025864755375506254,0.015581177937052049,0.024929884699283367,
NIGHT,2026050816,1.0,1,28300.708000002076,0.0,0,28300.708000002076,100,1,1.0,0.0,2026-05-08 16:00:00+00:00,0.0,0.0,0.0,0.0,long,False,False,False,False,0.03323,-0.01414384592235951,-0.025278362925067688,-0.01655130905808011,-0.010532651218778333,
NIGHT,2026050817,1.0,1,28300.708000002076,0.0,0,28300.708000002076,100,1,1.0,0.0,2026-05-08 17:00:00+00:00,0.0,0.0,0.0,0.0,long,False,False,False,False,0.03276,0.004884004884004867,-0.007631257631257604,-0.009768009768009844,0.001831501831502047,
NIGHT,2026050818,1.0,2,41274.04400000248,0.0,0,41274.04400000248,100,2,1.0,0.0,2026-05-08 18:00:00+00:00,1.0,12973.336000000407,12973.336000000407,0.0,long,True,False,False,False,0.03292,-0.016099635479951302,-0.010024301336573394,-0.003948967193195596,0.0,
NIGHT,2026050819,1.0,2,41274.04400000248,0.0,0,41274.04400000248,100,2,1.0,0.0,2026-05-08 19:00:00+00:00,0.0,0.0,0.0,0.0,long,False,False,False,False,0.03239,0.003704847175053816,0.008953380673047295,0.013275702377276932,0.01728928681691877,
NIGHT,2026050820,1.0,2,41274.04400000248,0.0,0,41274.04400000248,100,2,1.0,0.0,2026-05-08 20:00:00+00:00,0.0,0.0,0.0,0.0,long,False,False,False,False,0.03251,0.0024607812980621535,-0.002153183635804412,0.014764687788372921,0.013534297139341733,
NIGHT,2026050821,1.0,2,41274.04400000248,0.0,0,41274.04400000248,100,2,1.0,0.0,2026-05-08 21:00:00+00:00,0.0,0.0,0.0,0.0,long,False,False,False,False,0.03259,0.0027615833077632157,0.006136851795029097,0.009205277692543756,,
NIGHT,2026050822,1.0,2,41274.04400000248,0.0,0,41274.04400000248,100,2,1.0,0.0,2026-05-08 22:00:00+00:00,0.0,0.0,0.0,0.0,long,False,False,False,False,0.03268,-0.007343941248470154,0.004283965728274275,0.006119951040391536,,
NIGHT,2026050823,1.0,2,41274.04400000248,0.0,0,41274.04400000248,100,2,1.0,0.0,2026-05-08 23:00:00+00:00,0.0,0.0,0.0,0.0,long,False,False,False,False,0.03244,0.010789149198520365,0.0169543773119607,0.011713933415536504,,
NIGHT,2026050901,1.0,1,28300.708000002076,0.0,0,28300.708000002076,100,1,1.0,0.0,2026-05-09 01:00:00+00:00,-1.0,-12973.336000000407,-12973.336000000407,0.0,long,False,True,False,False,0.03282,0.005179768433881682,0.001828153564899404,0.0039609993906153385,,
NIGHT,2026050902,1.0,1,28300.708000002076,0.0,0,28300.708000002076,100,1,1.0,0.0,2026-05-09 02:00:00+00:00,0.0,0.0,0.0,0.0,long,False,False,False,False,0.03299,-0.0030312215822975164,-0.005153076689905944,-0.0012124886329190065,,
NIGHT,2026050903,1.0,1,28300.708000002076,0.0,0,28300.708000002076,100,1,1.0,0.0,2026-05-09 03:00:00+00:00,0.0,0.0,0.0,0.0,long,False,False,False,False,0.03289,-0.0003040437823047526,0.0009121313469138137,,,
NIGHT,2026050904,1.0,1,28300.708000002076,0.0,0,28300.708000002076,100,1,1.0,0.0,2026-05-09 04:00:00+00:00,0.0,0.0,0.0,0.0,long,False,False,False,False,0.03288,-0.0018248175182481452,0.0021289537712896323,,,
NIGHT,2026050905,1.0,1,28300.708000002076,0.0,0,28300.708000002076,100,1,1.0,0.0,2026-05-09 05:00:00+00:00,0.0,0.0,0.0,0.0,long,False,False,False,False,0.03282,0.0030469226081655254,0.0039609993906153385,,,
ZBT,2026050605,1.0,1,49999.74200000028,0.0,0,49999.74200000028,100,1,1.0,0.0,2026-05-06 05:00:00+00:00,,,,,long,False,False,False,False,0.18846,-0.010400084898652184,0.0005836782341079871,-0.002546959567016782,-0.009179666772789918,-0.053645335880292744
ZBT,2026050606,1.0,1,49999.74200000028,0.0,0,49999.74200000028,100,1,1.0,0.0,2026-05-06 06:00:00+00:00,0.0,0.0,0.0,0.0,long,False,False,False,False,0.1865,-0.0011796246648793085,0.012064343163538993,-0.0034316353887399176,-0.00857908847184985,-0.0481501340482573
ZBT,2026050607,1.0,1,49999.74200000028,0.0,0,49999.74200000028,100,1,1.0,0.0,2026-05-06 07:00:00+00:00,0.0,0.0,0.0,0.0,long,False,False,False,False,0.18628,0.012293321881039265,0.013474339703672067,-0.003382005582993286,-0.011863860854627428,-0.04412712046381795
ZBT,2026050608,1.0,1,49999.74200000028,0.0,0,49999.74200000028,100,1,1.0,0.0,2026-05-06 08:00:00+00:00,0.0,0.0,0.0,0.0,long,False,False,False,False,0.18857,0.0009545526860053055,-0.0031288115819058104,-0.01405313676618758,-0.018984992310547844,-0.05923529723710019
ZBT,2026050609,1.0,1,89999.58600000059,0.0,0,89999.58600000059,100,1,1.0,0.0,2026-05-06 09:00:00+00:00,0.0,39999.84400000031,39999.84400000031,0.0,long,True,False,False,False,0.18875,0.00021192052980145704,-0.015311258278145723,-0.00831788079470197,-0.018860927152317908,-0.05764238410596023
ZBT,2026050610,1.0,1,89999.58600000059,0.0,0,89999.58600000059,100,1,1.0,0.0,2026-05-06 10:00:00+00:00,0.0,0.0,0.0,0.0,long,False,False,False,False,0.18879,-0.004290481487366993,-0.016632236876953255,-0.011970973038826327,-0.0310397796493459,-0.056411886222787366
ZBT,2026050611,1.0,1,89999.58600000059,0.0,0,89999.58600000059,100,1,1.0,0.0,2026-05-06 11:00:00+00:00,0.0,0.0,0.0,0.0,long,False,False,False,False,0.18798,-0.011277795510160726,-0.010958612618363728,-0.006649643579104136,-0.028247685924034482,-0.04856899670177672
ZBT,2026050612,1.0,1,89999.58600000059,0.0,0,89999.58600000059,100,1,1.0,0.0,2026-05-06 12:00:00+00:00,0.0,0.0,0.0,0.0,long,False,False,False,False,0.18586,-0.0011298827074140982,0.007102119875174839,-0.005165178091036227,-0.022328634456042162,-0.03481114817604647
ZBT,2026050613,1.0,1,89999.58600000059,0.0,0,89999.58600000059,100,1,1.0,0.0,2026-05-06 13:00:00+00:00,0.0,0.0,0.0,0.0,long,False,False,False,False,0.18565,0.0014543495825478647,0.004740102343118835,-0.008510638297872353,-0.03630487476434152,-0.027363318071640164
ZBT,2026050614,1.0,1,89999.58600000059,0.0,0,89999.58600000059,100,1,1.0,0.0,2026-05-06 14:00:00+00:00,0.0,0.0,0.0,0.0,long,False,False,False,False,0.18592,0.006777108433734913,0.004356712564543841,-0.005002151462994875,-0.03512263339070576,-0.02033132530120485
ZBT,2026050615,1.0,1,89999.58600000059,0.0,0,89999.58600000059,100,1,1.0,0.0,2026-05-06 15:00:00+00:00,0.0,0.0,0.0,0.0,long,False,False,False,False,0.18718,-0.0034725932257720915,-0.01218078854578486,-0.010631477721978921,-0.018591729885671593,-0.038305374505823275
ZBT,2026050616,1.0,1,89999.58600000059,0.0,0,89999.58600000059,100,1,1.0,0.0,2026-05-06 16:00:00+00:00,0.0,0.0,0.0,0.0,long,False,False,False,False,0.18653,0.0010722135849461356,-0.013188227094837246,-0.019299844529030108,-0.028788934755803464,-0.03527582694472742
ZBT,2026050617,1.0,1,89999.58600000059,0.0,0,89999.58600000059,100,1,1.0,0.0,2026-05-06 17:00:00+00:00,0.0,0.0,0.0,0.0,long,False,False,False,False,0.18673,-0.009800246344990104,-0.009318267016548032,-0.021742623038611963,-0.044877630803834445,-0.027579928238633422
ZBT,2026050618,1.0,1,89999.58600000059,0.0,0,89999.58600000059,100,1,1.0,0.0,2026-05-06 18:00:00+00:00,0.0,0.0,0.0,0.0,long,False,False,False,False,0.1849,-0.004488912925905919,0.0015684153596537964,-0.017252568956192538,-0.039913466738777714,-0.025365062195781496
ZBT,2026050619,1.0,1,89999.58600000059,0.0,0,89999.58600000059,100,1,1.0,0.0,2026-05-06 19:00:00+00:00,0.0,0.0,0.0,0.0,long,False,False,False,False,0.18407,0.004998098549464647,-0.0061932960286847916,-0.02803281360352039,-0.03265062204596081,-0.02895637529200845
ZBT,2026050620,1.0,1,89999.58600000059,0.0,0,89999.58600000059,100,1,1.0,0.0,2026-05-06 20:00:00+00:00,0.0,0.0,0.0,0.0,long,False,False,False,False,0.18499,0.0010811395210552632,-0.012541218444240165,-0.030271906589545372,-0.041029244824044464,-0.030488134493756314
ZBT,2026050621,1.0,1,89999.58600000059,0.0,0,89999.58600000059,100,1,1.0,0.0,2026-05-06 21:00:00+00:00,0.0,0.0,0.0,0.0,long,False,False,False,False,0.18519,-0.012203682704249652,-0.01879151142070301,-0.008045790809438902,-0.03952697229872015,-0.03671904530482206
ZBT,2026050622,1.0,1,89999.58600000059,0.0,0,89999.58600000059,100,1,1.0,0.0,2026-05-06 22:00:00+00:00,0.0,0.0,0.0,0.0,long,False,False,False,False,0.18293,-0.0014213086973159372,-0.02197561908926915,-0.009675832285573782,-0.02618487946208936,-0.026075548023834272
ZBT,2026050623,1.0,1,89999.58600000059,0.0,0,89999.58600000059,100,1,1.0,0.0,2026-05-06 23:00:00+00:00,0.0,0.0,0.0,0.0,long,False,False,False,False,0.18267,-0.005255378551486278,-0.017955876717578145,-0.023649203481688197,-0.02091202715278917,-0.023156511742486563
ZBT,2026050701,1.0,1,89999.58600000059,0.0,0,89999.58600000059,100,1,1.0,0.0,2026-05-07 01:00:00+00:00,0.0,0.0,0.0,0.0,long,False,False,False,False,0.17891,0.0026829131965790953,0.01257615560896519,-0.0047509921189425874,0.009278408138170047,0.038510983175898295
ZBT,2026050702,1.0,1,89999.58600000059,0.0,0,89999.58600000059,100,1,1.0,0.0,2026-05-07 02:00:00+00:00,0.0,0.0,0.0,0.0,long,False,False,False,False,0.17939,0.024025865432855786,-0.005797424605607837,-0.011093149004961167,0.01532972852444403,0.03127264618986558
ZBT,2026050703,1.0,1,89999.58600000059,0.0,0,89999.58600000059,100,1,1.0,0.0,2026-05-07 03:00:00+00:00,0.0,0.0,0.0,0.0,long,False,False,False,False,0.1837,-0.013826891671203101,-0.033641807294501835,-0.031736526946107846,-0.02008709853021229,0.044692433315187685
ZBT,2026050704,1.0,1,89999.58600000059,0.0,0,89999.58600000059,100,1,1.0,0.0,2026-05-07 04:00:00+00:00,0.0,0.0,0.0,0.0,long,False,False,False,False,0.18116,-0.015511150364318715,-0.017111945241775173,-0.016670346654890644,-0.006679178626628368,0.04818944579377349
ZBT,2026050705,1.0,1,89999.58600000059,0.0,0,89999.58600000059,100,1,1.0,0.0,2026-05-07 05:00:00+00:00,0.0,0.0,0.0,0.0,long,False,False,False,False,0.17835,-0.0046537706756377695,-0.005326604990187889,0.0028034763106252747,0.0181104569666386,0.06178861788617884
ZBT,2026050706,1.0,1,89999.58600000059,0.0,0,89999.58600000059,100,1,1.0,0.0,2026-05-07 06:00:00+00:00,0.0,0.0,0.0,0.0,long,False,False,False,False,0.17752,0.0030419107706172177,0.0019716088328074477,0.010534024335286052,0.015153222172149539,0.07086525461919768
ZBT,2026050707,1.0,1,89999.58600000059,0.0,0,89999.58600000059,100,1,1.0,0.0,2026-05-07 07:00:00+00:00,0.0,0.0,0.0,0.0,long,False,False,False,False,0.17806,-0.003706615747500863,0.0004492867572727377,0.014096372009435143,0.0038189374368191586,0.09350780635740752
ZBT,2026050708,1.0,1,89999.58600000059,0.0,0,89999.58600000059,100,1,1.0,0.0,2026-05-07 08:00:00+00:00,0.0,0.0,0.0,0.0,long,False,False,False,False,0.1774,0.002649379932356144,0.00817361894024815,0.026719278466741825,0.010992108229988862,0.07187147688838791
ZBT,2026050709,1.0,1,122459.58600000116,0.0,0,122459.58600000116,100,1,1.0,0.0,2026-05-07 09:00:00+00:00,0.0,32460.000000000568,32460.000000000568,0.0,long,True,False,False,False,0.17787,0.0015179625569234911,0.008545566987125497,0.012031258784505505,0.0029234834429638923,0.0409287682014956
ZBT,2026050710,1.0,1,122459.58600000116,0.0,0,122459.58600000116,100,1,1.0,0.0,2026-05-07 10:00:00+00:00,0.0,0.0,0.0,0.0,long,False,False,False,False,0.17814,0.003985629280341296,0.013640956551027372,0.010160547883687032,0.00011227124733359517,0.030986864264062053
ZBT,2026050711,1.0,1,122459.58600000116,0.0,0,122459.58600000116,100,1,1.0,0.0,2026-05-07 11:00:00+00:00,0.0,0.0,0.0,0.0,long,False,False,False,False,0.17885,0.003019289907743916,0.018395303326810053,0.015264187866927514,-0.0022924238188427593,0.03416270617836181
ZBT,2026050712,1.0,1,122459.58600000116,0.0,0,122459.58600000116,100,1,1.0,0.0,2026-05-07 12:00:00+00:00,0.0,0.0,0.0,0.0,long,False,False,False,False,0.17939,0.006577847148670601,0.0034561569764202105,0.004571046323652572,0.015608450861251955,0.02881988962595461
ZBT,2026050713,1.0,1,122459.58600000116,0.0,0,122459.58600000116,100,1,1.0,0.0,2026-05-07 13:00:00+00:00,0.0,0.0,0.0,0.0,long,False,False,False,False,0.18057,0.008694689040261272,-0.0034335714681287266,-0.010134573849476691,0.028963836739214655,0.02353657861217262
ZBT,2026050714,1.0,1,122459.58600000116,0.0,0,122459.58600000116,100,1,1.0,0.0,2026-05-07 14:00:00+00:00,0.0,0.0,0.0,0.0,long,False,False,False,False,0.18214,-0.011694301087075809,-0.003074558032282848,-0.015317887339409197,0.01570220709344472,0.012572746239156718
ZBT,2026050715,1.0,1,122459.58600000116,0.0,0,122459.58600000116,100,1,1.0,0.0,2026-05-07 15:00:00+00:00,0.0,0.0,0.0,0.0,long,False,False,False,False,0.18001,-0.00033331481584364386,0.0011110493861452575,-0.008999500027776275,0.06610743847564016,0.020498861174379268
ZBT,2026050716,1.0,1,122459.58600000116,0.0,0,122459.58600000116,100,1,1.0,0.0,2026-05-07 16:00:00+00:00,0.0,0.0,0.0,0.0,long,False,False,False,False,0.17995,0.009058071686579572,-0.006724090025006846,-0.00994720755765488,0.05523756599055285,0.027340928035565426
ZBT,2026050717,1.0,1,122459.58600000116,0.0,0,122459.58600000116,100,1,1.0,0.0,2026-05-07 17:00:00+00:00,0.0,0.0,0.0,0.0,long,False,False,False,False,0.18158,-0.007544883797774959,-0.012281088225575387,-0.01729265337592245,0.042901200572750486,0.025608547196827924
ZBT,2026050718,1.0,1,122459.58600000116,0.0,0,122459.58600000116,100,1,1.0,0.0,2026-05-07 18:00:00+00:00,0.0,0.0,0.0,0.0,long,False,False,False,False,0.18021,-0.008157149991676382,-0.010099328561123277,0.010987181621441522,0.05488041729093829,0.030353476499639376
ZBT,2026050719,1.0,1,122459.58600000116,0.0,0,122459.58600000116,100,1,1.0,0.0,2026-05-07 19:00:00+00:00,0.0,0.0,0.0,0.0,long,False,False,False,False,0.17874,0.0034127783372497333,-0.0032449367796799633,0.03949871321472531,0.08934765581291249,0.03088284659281637
ZBT,2026050720,1.0,1,122459.58600000116,0.0,0,122459.58600000116,100,1,1.0,0.0,2026-05-07 20:00:00+00:00,0.0,0.0,0.0,0.0,long,False,False,False,False,0.17935,-0.005352662391971075,-0.0050738778923893335,0.03150264845274586,0.06021745190967387,0.0291051017563424
ZBT,2026050721,1.0,1,122459.58600000116,0.0,0,122459.58600000116,100,1,1.0,0.0,2026-05-07 21:00:00+00:00,0.0,0.0,0.0,0.0,long,False,False,False,False,0.17839,-0.0012893099388978646,0.021301642468748216,0.07578900162565172,0.03789450081282597,0.03520376702729977
ZBT,2026050722,1.0,1,122459.58600000116,0.0,0,122459.58600000116,100,1,1.0,0.0,2026-05-07 22:00:00+00:00,0.0,0.0,0.0,0.0,long,False,False,False,False,0.17816,0.0015716210148180032,0.042882801975752116,0.06583969465648853,0.030871127076784743,0.03715761113605742
ZBT,2026050723,1.0,1,122459.58600000116,0.0,0,122459.58600000116,100,1,1.0,0.0,2026-05-07 23:00:00+00:00,0.0,0.0,0.0,0.0,long,False,False,False,False,0.17844,0.021015467383994624,0.03676305761040122,0.06125308226854975,0.03653889262497212,0.020679219905850754
ZBT,2026050801,1.0,1,122459.58600000116,0.0,0,122459.58600000116,100,1,1.0,0.0,2026-05-08 01:00:00+00:00,0.0,0.0,0.0,0.0,long,False,False,False,False,0.1858,-0.0043057050592034685,0.02201291711517772,0.04795479009687842,-0.005274488697524116,-0.0027987082884821657
ZBT,2026050802,1.0,1,122459.58600000116,0.0,0,122459.58600000116,100,1,1.0,0.0,2026-05-08 02:00:00+00:00,0.0,0.0,0.0,0.0,long,False,False,False,False,0.185,0.03735135135135126,0.023621621621621625,0.027837837837837887,-0.003081081081080961,0.004108108108108244
ZBT,2026050803,1.0,1,122459.58600000116,0.0,0,122459.58600000116,100,1,1.0,0.0,2026-05-08 03:00:00+00:00,0.0,0.0,0.0,0.0,long,False,False,False,False,0.19191,-0.010525767286748922,-0.009431504350997932,-0.03522484497941736,-0.042780470011984706,-0.04324943984159246
ZBT,2026050804,1.0,1,122459.58600000116,0.0,0,122459.58600000116,100,1,1.0,0.0,2026-05-08 04:00:00+00:00,0.0,0.0,0.0,0.0,long,False,False,False,False,0.18989,-0.002738427510663999,0.025383116541155326,-0.03280846806045612,-0.026436357891410744,-0.030122702617304764
ZBT,2026050805,1.0,1,122459.58600000116,0.0,0,122459.58600000116,100,1,1.0,0.0,2026-05-08 05:00:00+00:00,0.0,0.0,0.0,0.0,long,False,False,False,False,0.18937,0.0038548872577492954,0.004118920631567935,-0.023287743570787334,-0.016581295875798707,-0.03437714527116231
ZBT,2026050806,1.0,1,122459.58600000116,0.0,0,122459.58600000116,100,1,1.0,0.0,2026-05-08 06:00:00+00:00,0.0,0.0,0.0,0.0,long,False,False,False,False,0.1901,0.024250394529195196,-0.026038926880589064,-0.02914255654918463,-0.023250920568121947,-0.042188321935823225
ZBT,2026050807,1.0,1,122459.58600000116,0.0,0,122459.58600000116,100,1,1.0,0.0,2026-05-08 07:00:00+00:00,0.0,0.0,0.0,0.0,long,False,False,False,False,0.19471,-0.023419444301782,-0.0567510656874326,-0.05079348775101422,-0.053669559858250615,-0.06568743259206
ZBT,2026050808,1.0,1,122459.58600000116,0.0,0,122459.58600000116,100,1,1.0,0.0,2026-05-08 08:00:00+00:00,0.0,0.0,0.0,0.0,long,False,False,False,False,0.19015,-0.02629503023928481,-0.02729424138837755,-0.030081514593741754,-0.029345253747041777,-0.040231396266105834
ZBT,2026050809,1.0,1,122459.58600000116,0.0,0,122459.58600000116,100,1,1.0,0.0,2026-05-08 09:00:00+00:00,0.0,0.0,0.0,0.0,long,False,False,False,False,0.18515,-0.008047529030515865,-0.003186605455036462,-0.007831487982716712,-0.002592492573589067,
ZBT,2026050810,1.0,1,122459.58600000116,0.0,0,122459.58600000116,100,1,1.0,0.0,2026-05-08 10:00:00+00:00,0.0,0.0,0.0,0.0,long,False,False,False,False,0.18366,0.007078296852880417,0.0063160187302626625,0.00658826091691167,0.0060982249809431455,
ZBT,2026050811,1.0,1,122459.58600000116,0.0,0,122459.58600000116,100,1,1.0,0.0,2026-05-08 11:00:00+00:00,0.0,0.0,0.0,0.0,long,False,False,False,False,0.18496,-0.0021626297577855835,-0.0028654844290657566,0.00686634948096887,-0.015300605536332279,
ZBT,2026050812,1.0,1,122459.58600000116,0.0,0,122459.58600000116,100,1,1.0,0.0,2026-05-08 12:00:00+00:00,0.0,0.0,0.0,0.0,long,False,False,False,False,0.18456,0.001408755960121466,-0.004659731252709132,0.006068487212830487,0.0016254876462937773,
ZBT,2026050813,1.0,1,122459.58600000116,0.0,0,122459.58600000116,100,1,1.0,0.0,2026-05-08 13:00:00+00:00,0.0,0.0,0.0,0.0,long,False,False,False,False,0.18482,-0.002110161237961261,0.00027053349204630983,-0.0030299751109187367,0.002488908126826006,
ZBT,2026050814,1.0,1,122459.58600000116,0.0,0,122459.58600000116,100,1,1.0,0.0,2026-05-08 14:00:00+00:00,0.0,0.0,0.0,0.0,long,False,False,False,False,0.18443,-0.003958141300222318,0.009759800466301538,0.000759095591823522,0.007211408122322904,
ZBT,2026050815,1.0,1,122459.58600000116,0.0,0,122459.58600000116,100,1,1.0,0.0,2026-05-08 15:00:00+00:00,0.0,0.0,0.0,0.0,long,False,False,False,False,0.1837,0.006369080021774609,0.010778443113772518,0.005280348394120837,-0.0004899292324442861,
ZBT,2026050816,1.0,1,122459.58600000116,0.0,0,122459.58600000116,100,1,1.0,0.0,2026-05-08 16:00:00+00:00,0.0,0.0,0.0,0.0,long,False,False,False,False,0.18487,0.007356520798398769,-0.0032996159463406505,-0.0004868285822470231,-0.0037864445285876736,
ZBT,2026050817,1.0,1,122459.58600000116,0.0,0,122459.58600000116,100,1,1.0,0.0,2026-05-08 17:00:00+00:00,0.0,0.0,0.0,0.0,long,False,False,False,False,0.18623,-0.002953337271116352,-0.008913708854642044,-0.02201578693014028,-0.018095902915749362,
ZBT,2026050818,1.0,1,122459.58600000116,0.0,0,122459.58600000116,100,1,1.0,0.0,2026-05-08 18:00:00+00:00,0.0,0.0,0.0,0.0,long,False,False,False,False,0.18568,-0.007647565704437809,-0.005439465747522632,-0.004416199913830354,-0.01938819474364506,
ZBT,2026050819,1.0,1,120955.65027119342,0.0,0,120955.65027119342,100,1,1.0,0.0,2026-05-08 19:00:00+00:00,0.0,-1503.9357288077445,-1503.9357288077445,0.0,long,False,True,False,False,0.18426,0.001682405296863143,0.0028220992076413154,0.005535656138065725,-0.012699446434386252,
ZBT,2026050820,1.0,1,119483.30162907924,0.0,0,119483.30162907924,100,1,1.0,0.0,2026-05-08 20:00:00+00:00,0.0,-1472.3486421141715,-1472.3486421141715,0.0,long,False,True,False,False,0.18457,0.0005417998591319417,-0.013219916562821843,0.006447418323671128,-0.011215257084033259,
ZBT,2026050821,1.0,1,119483.30162907924,0.0,0,119483.30162907924,100,1,1.0,0.0,2026-05-08 21:00:00+00:00,0.0,0.0,0.0,0.0,long,False,False,False,False,0.18467,0.0005956571181024994,0.001028862294904398,-0.005739968592624711,,
ZBT,2026050822,1.0,1,119483.30162907924,0.0,0,119483.30162907924,100,1,1.0,0.0,2026-05-08 22:00:00+00:00,0.0,0.0,0.0,0.0,long,False,False,False,False,0.18478,-0.014341378937114513,0.002705920554172625,-0.003301223076090487,,
ZBT,2026050823,1.0,1,119483.30162907924,0.0,0,119483.30162907924,100,1,1.0,0.0,2026-05-08 23:00:00+00:00,0.0,0.0,0.0,0.0,long,False,False,False,False,0.18213,0.014989293361884481,0.019930818646022086,0.004008126063800521,,
ZBT,2026050901,1.0,1,119483.30162907924,0.0,0,119483.30162907924,100,1,1.0,0.0,2026-05-09 01:00:00+00:00,0.0,0.0,0.0,0.0,long,False,False,False,False,0.18528,0.002590673575129543,-0.005990932642487068,-0.0181347150259068,,
ZBT,2026050902,1.0,1,119483.30162907924,0.0,0,119483.30162907924,100,1,1.0,0.0,2026-05-09 02:00:00+00:00,0.0,0.0,0.0,0.0,long,False,False,False,False,0.18576,-0.011574074074074181,-0.015611541774332549,-0.017549526270456584,,
ZBT,2026050903,1.0,1,119483.30162907924,0.0,0,119483.30162907924,100,1,1.0,0.0,2026-05-09 03:00:00+00:00,0.0,0.0,0.0,0.0,long,False,False,False,False,0.18361,0.0030499428135721818,-0.008332879472795596,,,
ZBT,2026050904,1.0,1,119483.30162907924,0.0,0,119483.30162907924,100,1,1.0,0.0,2026-05-09 04:00:00+00:00,0.0,0.0,0.0,0.0,long,False,False,False,False,0.18417,-0.007112993429983172,-0.012216973448444413,,,
ZBT,2026050905,1.0,1,119483.30162907924,0.0,0,119483.30162907924,100,1,1.0,0.0,2026-05-09 05:00:00+00:00,0.0,0.0,0.0,0.0,long,False,False,False,False,0.18286,-0.004265558350650789,-0.0019687192387618513,,,
AR,2026050605,1.0,1,983.094,0.0,0,983.094,100,1,1.0,0.0,2026-05-06 05:00:00+00:00,,,,,long,False,False,False,False,2.451,-0.01509587923296607,0.005303957568339346,0.01101591187270512,0.03467972256221952,0.030599755201958345
AR,2026050606,1.0,1,983.094,0.0,0,983.094,100,1,1.0,0.0,2026-05-06 06:00:00+00:00,0.0,0.0,0.0,0.0,long,False,False,False,False,2.414,0.005385252692626352,0.04846727423363717,0.028169014084507005,0.034382767191383445,0.03479701739850882
AR,2026050607,1.0,1,983.094,0.0,0,983.094,100,1,1.0,0.0,2026-05-06 07:00:00+00:00,0.0,0.0,0.0,0.0,long,False,False,False,False,2.427,0.01524515863205611,0.049855789039967124,-0.0024721878862794533,0.027194066749072876,0.030490317264112
AR,2026050608,1.0,1,983.094,0.0,0,983.094,100,1,1.0,0.0,2026-05-06 08:00:00+00:00,0.0,0.0,0.0,0.0,long,False,False,False,False,2.464,0.027191558441558517,0.005681818181818343,0.0024350649350650677,0.008116883116883189,-0.0012175324675325339
AR,2026050609,1.0,1,983.094,0.0,0,983.094,100,1,1.0,0.0,2026-05-06 09:00:00+00:00,0.0,0.0,0.0,0.0,long,False,False,False,False,2.531,0.006716712761754229,-0.019359936783879816,0.012248123271433986,0.003951007506914239,-0.013828526274199948
AR,2026050610,1.0,1,983.094,0.0,0,983.094,100,1,1.0,0.0,2026-05-06 10:00:00+00:00,0.0,0.0,0.0,0.0,long,False,False,False,False,2.548,-0.027472527472527375,-0.04984301412872849,-0.005494505494505586,-0.006279434850863463,-0.02276295133437989
AR,2026050611,1.0,1,983.094,0.0,0,983.094,100,1,1.0,0.0,2026-05-06 11:00:00+00:00,0.0,0.0,0.0,0.0,long,False,False,False,False,2.478,0.0016142050040355294,-0.0032284100080710587,0.023405972558514954,0.05972558514931392,0.0197740112994349
AR,2026050612,1.0,1,983.094,0.0,0,983.094,100,1,1.0,0.0,2026-05-06 12:00:00+00:00,0.0,0.0,0.0,0.0,long,False,False,False,False,2.482,-0.02457695406929916,0.03223207091055591,0.006043513295729053,0.03223207091055591,0.03666398066075738
AR,2026050613,1.0,1,983.094,0.0,0,983.094,100,1,1.0,0.0,2026-05-06 13:00:00+00:00,0.0,0.0,0.0,0.0,long,False,False,False,False,2.421,0.02023957042544411,0.046674927715819825,0.029739776951672958,0.054522924411400275,0.030565881866997158
AR,2026050614,1.0,1,983.094,0.0,0,983.094,100,1,1.0,0.0,2026-05-06 14:00:00+00:00,0.0,0.0,0.0,0.0,long,False,False,False,False,2.47,0.03724696356275281,0.026720647773279316,0.005668016194331882,-0.00445344129554659,-0.005668016194332104
AR,2026050615,1.0,1,983.094,0.0,0,983.094,100,1,1.0,0.0,2026-05-06 15:00:00+00:00,0.0,0.0,0.0,0.0,long,False,False,False,False,2.562,-0.010928961748633892,-0.025370804059328678,-0.008196721311475419,-0.026541764246682087,-0.05737704918032782
AR,2026050616,1.0,1,983.094,0.0,0,983.094,100,1,1.0,0.0,2026-05-06 16:00:00+00:00,0.0,0.0,0.0,0.0,long,False,False,False,False,2.534,0.0007892659826362891,-0.01617995264404104,-0.0007892659826360671,0.017758484609313507,-0.04459352801894234
AR,2026050617,1.0,1,983.094,0.0,0,983.094,100,1,1.0,0.0,2026-05-06 17:00:00+00:00,0.0,0.0,0.0,0.0,long,False,False,False,False,2.536,-0.015378548895899069,-0.02050473186119872,0.03548895899053628,-0.0039432176656152285,-0.036671924290220814
AR,2026050618,1.0,1,983.094,0.0,0,983.094,100,1,1.0,0.0,2026-05-06 18:00:00+00:00,0.0,0.0,0.0,0.0,long,False,False,False,False,2.497,-0.0016019223067681443,0.017621145374449254,0.02603123748498204,0.00040048057669217485,-0.0252302763315978
AR,2026050619,1.0,1,983.094,0.0,0,983.094,100,1,1.0,0.0,2026-05-06 19:00:00+00:00,0.0,0.0,0.0,0.0,long,False,False,False,False,2.493,-0.0036101083032490378,0.01564380264741283,0.024067388688327362,0.003208985158443589,-0.030084235860409092
WIF,2026050611,1.0,1,13003.176200000004,0.0,0,13003.176200000004,100,1,1.0,0.0,2026-05-06 11:00:00+00:00,,,,,long,False,False,False,False,0.2249,-0.007558915073365813,-0.024010671409515294,-0.020898176967541038,-0.01645175633614937,-0.0422409959982214
WIF,2026050614,0.0,0,-270.9800000000001,1.0,1,270.9800000000001,100,1,0.0,1.0,2026-05-06 14:00:00+00:00,0.0,-12732.196200000004,-13274.156200000003,-1.0,short,False,False,True,True,0.2195,-0.0013667425968109104,0.0031890660592255315,0.015945330296127658,-0.010022779043280194,-0.006378132118451063
WIF,2026050823,1.0,1,5750.7582,0.0,0,5750.7582,100,1,1.0,0.0,2026-05-08 23:00:00+00:00,0.0,5479.7782,6021.738200000001,1.0,long,True,False,False,False,0.2255,0.0,0.022172949002217335,0.012860310421285881,,
WIF,2026050901,1.0,1,5750.7582,0.0,0,5750.7582,100,1,1.0,0.0,2026-05-09 01:00:00+00:00,0.0,0.0,0.0,0.0,long,False,False,False,False,0.2257,0.021267168808152492,0.026140894993353925,-0.0008861320336730483,,
WIF,2026050902,1.0,1,5750.7582,0.0,0,5750.7582,100,1,1.0,0.0,2026-05-09 02:00:00+00:00,0.0,0.0,0.0,0.0,long,False,False,False,False,0.2305,0.019522776572667988,-0.009110629067245246,-0.017787418655097698,,
WIF,2026050903,1.0,1,5750.7582,0.0,0,5750.7582,100,1,1.0,0.0,2026-05-09 03:00:00+00:00,0.0,0.0,0.0,0.0,long,False,False,False,False,0.235,-0.014468085106382866,-0.027234042553191395,,,
WIF,2026050904,1.0,1,5750.7582,0.0,0,5750.7582,100,1,1.0,0.0,2026-05-09 04:00:00+00:00,0.0,0.0,0.0,0.0,long,False,False,False,False,0.2316,-0.013816925734024266,-0.026338514680483538,,,
WIF,2026050905,1.0,1,5750.7582,0.0,0,5750.7582,100,1,1.0,0.0,2026-05-09 05:00:00+00:00,0.0,0.0,0.0,0.0,long,False,False,False,False,0.2284,0.0008756567425569628,-0.008756567425569184,,,
ORCL,2026050605,1.0,1,31825.563,0.0,0,31825.563,100,1,1.0,0.0,2026-05-06 05:00:00+00:00,,,,,long,False,False,False,False,183.82,0.0023936459580022884,0.0165379175280167,0.029050157763029105,0.042704819932542604,0.05195299749755211
ORCL,2026050606,1.0,1,31825.563,0.0,0,31825.563,100,1,1.0,0.0,2026-05-06 06:00:00+00:00,0.0,0.0,0.0,0.0,long,False,False,False,False,184.26,0.001193965049386625,0.01340497123629647,0.010040160642570406,0.04613046781721475,0.06425702811244971
ORCL,2026050607,1.0,1,31825.563,0.0,0,31825.563,100,1,1.0,0.0,2026-05-06 07:00:00+00:00,0.0,0.0,0.0,0.0,long,False,False,False,False,184.48,0.012901127493495368,0.017833911535125813,0.004607545533391377,0.056374674761491717,0.06466825672159593
ORCL,2026050608,1.0,1,31825.563,0.0,0,31825.563,100,1,1.0,0.0,2026-05-06 08:00:00+00:00,0.0,0.0,0.0,0.0,long,False,False,False,False,186.86,-0.0006957080166971608,0.012308680295408214,0.006475436155410463,0.03435727282457446,0.056138285347318684
ORCL,2026050609,1.0,1,31825.563,0.0,0,31825.563,100,1,1.0,0.0,2026-05-06 09:00:00+00:00,0.0,0.0,0.0,0.0,long,False,False,False,False,186.73,0.005569538906442517,-0.0033203020403790307,0.029400739034970425,0.02447383923311741,0.059818989985540805
ORCL,2026050610,1.0,1,31825.563,0.0,0,31825.563,100,1,1.0,0.0,2026-05-06 10:00:00+00:00,0.0,0.0,0.0,0.0,long,False,False,False,False,187.77,0.007402673483517086,-0.01299462107897964,0.023539436544708803,0.021568940725355423,0.05016775842786392
ORCL,2026050611,1.0,1,31825.563,0.0,0,31825.563,100,1,1.0,0.0,2026-05-06 11:00:00+00:00,0.0,0.0,0.0,0.0,long,False,False,False,False,189.16,-0.016123916261366,-0.0057623176147176824,0.013269190103615935,0.012529075914569754,0.05994924931275114
ORCL,2026050612,1.0,1,31825.563,0.0,0,31825.563,100,1,1.0,0.0,2026-05-06 12:00:00+00:00,0.0,0.0,0.0,0.0,long,False,False,False,False,186.11,-0.004191069797431668,0.03283004674654766,0.03573155660630789,0.035785288270377746,0.07183923486110344
ORCL,2026050613,1.0,1,31825.563,0.0,0,31825.563,100,1,1.0,0.0,2026-05-06 13:00:00+00:00,0.0,0.0,0.0,0.0,long,False,False,False,False,185.33,0.014784438569038993,0.03701505422759399,0.05152970377165045,0.04041439594237306,0.05606215939135595
ORCL,2026050614,1.0,1,31825.563,0.0,0,31825.563,100,1,1.0,0.0,2026-05-06 14:00:00+00:00,0.0,0.0,0.0,0.0,long,False,False,False,False,188.07,0.022066251927473912,0.019141808900941193,0.027702451214973278,0.02573509863348744,0.05269314616897969
ORCL,2026050615,1.0,1,31825.563,0.0,0,31825.563,100,1,1.0,0.0,2026-05-06 15:00:00+00:00,0.0,0.0,0.0,0.0,long,False,False,False,False,192.22,-0.00015607116845284263,0.0028092810321507233,-0.004786182499219582,0.0035896368744148255,0.01571116429091668
ORCL,2026050616,1.0,1,31825.563,0.0,0,31825.563,100,1,1.0,0.0,2026-05-06 16:00:00+00:00,0.0,0.0,0.0,0.0,long,False,False,False,False,192.19,-0.0027056558613872683,0.013996565898329871,-0.0019251782090640157,0.003590197200686873,0.009886050262760904
ORCL,2026050617,1.0,1,31825.563,0.0,0,31825.563,100,1,1.0,0.0,2026-05-06 17:00:00+00:00,0.0,0.0,0.0,0.0,long,False,False,False,False,191.67,0.005686857619867425,0.008399853915584066,-0.0007304220796159333,0.008869410966765967,0.013878019512704176
ORCL,2026050618,1.0,1,31825.563,0.0,0,31825.563,100,1,1.0,0.0,2026-05-06 18:00:00+00:00,0.0,0.0,0.0,0.0,long,False,False,False,False,192.76,0.010998132392612492,-0.00757418551566702,5.18779829841165e-05,0.01732724631666316,0.00627723594106655
ORCL,2026050619,1.0,1,31825.563,0.0,0,31825.563,100,1,1.0,0.0,2026-05-06 19:00:00+00:00,0.0,0.0,0.0,0.0,long,False,False,False,False,194.88,-0.008210180623973717,-0.015701970443349755,-0.01057060755336614,0.007850985221674822,-0.0008210180623973162
ORCL,2026050620,1.0,1,31825.563,0.0,0,31825.563,100,1,1.0,0.0,2026-05-06 20:00:00+00:00,0.0,0.0,0.0,0.0,long,False,False,False,False,193.28,-0.010244205298013176,-0.0090542218543046,-0.0019143211920530367,0.02105753311258285,0.010347682119205226
ORCL,2026050621,1.0,1,31825.563,0.0,0,31825.563,100,1,1.0,0.0,2026-05-06 21:00:00+00:00,0.0,0.0,0.0,0.0,long,False,False,False,False,191.3,0.0027182435964452356,0.007684265551489711,0.008416100365917334,0.0345007841087297,
ORCL,2026050622,1.0,1,31825.563,0.0,0,31825.563,100,1,1.0,0.0,2026-05-06 22:00:00+00:00,0.0,0.0,0.0,0.0,long,False,False,False,False,191.82,-0.0015118340110520379,0.005213220727765533,0.005526013971431487,0.027994995308101345,
ORCL,2026050623,1.0,1,31825.563,0.0,0,31825.563,100,1,1.0,0.0,2026-05-06 23:00:00+00:00,0.0,0.0,0.0,0.0,long,False,False,False,False,191.53,0.006474181590351513,0.007205137576358878,0.009606850101811837,0.04683339424633215,
ORCL,2026050701,1.0,1,31825.563,0.0,0,31825.563,100,1,1.0,0.0,2026-05-07 01:00:00+00:00,0.0,0.0,0.0,0.0,long,False,False,False,False,192.82,0.00046675656052275194,0.0003111710403485013,0.018618400580852734,0.015039933616844747,
ORCL,2026050702,1.0,1,31825.563,0.0,0,31825.563,100,1,1.0,0.0,2026-05-07 02:00:00+00:00,0.0,0.0,0.0,0.0,long,False,False,False,False,192.91,0.0,0.0023845316468820155,0.023015914156860662,0.02628168576019907,
ORCL,2026050703,1.0,1,31825.563,0.0,0,31825.563,100,1,1.0,0.0,2026-05-07 03:00:00+00:00,0.0,0.0,0.0,0.0,long,False,False,False,False,192.91,-0.00015551293349236328,0.016536208594681412,0.025866984604219656,0.012078171167902108,
ORCL,2026050704,1.0,1,31825.563,0.0,0,31825.563,100,1,1.0,0.0,2026-05-07 04:00:00+00:00,0.0,0.0,0.0,0.0,long,False,False,False,False,192.88,0.002540439651596893,0.018301534632932492,0.02234549979261713,0.006273330568228985,
ORCL,2026050705,1.0,1,31825.563,0.0,0,31825.563,100,1,1.0,0.0,2026-05-07 05:00:00+00:00,0.0,0.0,0.0,0.0,long,False,False,False,False,193.37,0.014118012101153266,0.02058230335625999,0.03687231731912921,0.004964575683922057,
ORCL,2026050706,1.0,1,31825.563,0.0,0,31825.563,100,1,1.0,0.0,2026-05-07 06:00:00+00:00,0.0,0.0,0.0,0.0,long,False,False,False,False,196.1,0.0015808261091279086,0.009178990311065949,0.01723610402855691,-0.010861805201427766,
ORCL,2026050707,1.0,1,31825.563,0.0,0,31825.563,100,1,1.0,0.0,2026-05-07 07:00:00+00:00,0.0,0.0,0.0,0.0,long,False,False,False,False,196.41,0.004785907031210179,0.003971284557812815,-0.003513059416526687,-0.008604449875260878,
ORCL,2026050708,1.0,1,31825.563,0.0,0,31825.563,100,1,1.0,0.0,2026-05-07 08:00:00+00:00,0.0,0.0,0.0,0.0,long,False,False,False,False,197.35,0.0027869267798328323,0.015961489739042323,0.003192297947808509,-0.010488978971370577,
ORCL,2026050709,1.0,1,31825.563,0.0,0,31825.563,100,1,1.0,0.0,2026-05-07 09:00:00+00:00,0.0,0.0,0.0,0.0,long,False,False,False,False,197.9,-0.0035876705406771014,0.00798383021728144,-0.013441131884790236,,
ORCL,2026050710,1.0,1,31825.563,0.0,0,31825.563,100,1,1.0,0.0,2026-05-07 10:00:00+00:00,0.0,0.0,0.0,0.0,long,False,False,False,False,197.19,0.016785841066991214,-0.007454739084132078,-0.015720878340686584,,
ORCL,2026050711,1.0,1,31825.563,0.0,0,31825.563,100,1,1.0,0.0,2026-05-07 11:00:00+00:00,0.0,0.0,0.0,0.0,long,False,False,False,False,200.5,-0.0050872817955113225,-0.012568578553616039,-0.030773067331670734,,
ORCL,2026050712,1.0,1,31825.563,0.0,0,31825.563,100,1,1.0,0.0,2026-05-07 12:00:00+00:00,0.0,0.0,0.0,0.0,long,False,False,False,False,199.48,-0.018849007419290076,-0.021255263685582393,-0.027621816723480963,,
ORCL,2026050713,1.0,1,31825.563,0.0,0,31825.563,100,1,1.0,0.0,2026-05-07 13:00:00+00:00,0.0,0.0,0.0,0.0,long,False,False,False,False,195.72,0.011547108113631577,-0.008328223993460004,-0.005109339873288321,,
ORCL,2026050714,1.0,1,31825.563,0.0,0,31825.563,100,1,1.0,0.0,2026-05-07 14:00:00+00:00,0.0,0.0,0.0,0.0,long,False,False,False,False,197.98,-0.013839781796140982,-0.018436205677341055,-0.01363774118597838,,
ORCL,2026050715,1.0,1,31825.563,0.0,0,31825.563,100,1,1.0,0.0,2026-05-07 15:00:00+00:00,0.0,0.0,0.0,0.0,long,False,False,False,False,195.24,-0.0058901864372055135,-0.006504814587174779,,,
ORCL,2026050716,1.0,1,31825.563,0.0,0,31825.563,100,1,1.0,0.0,2026-05-07 16:00:00+00:00,0.0,0.0,0.0,0.0,long,False,False,False,False,194.09,0.0012365397496008068,0.0032459168427019236,,,
ORCL,2026050717,1.0,1,31825.563,0.0,0,31825.563,100,1,1.0,0.0,2026-05-07 17:00:00+00:00,0.0,0.0,0.0,0.0,long,False,False,False,False,194.33,-0.001852518911130585,0.004888591571038825,,,
ORCL,2026050718,1.0,1,31825.563,0.0,0,31825.563,100,1,1.0,0.0,2026-05-07 18:00:00+00:00,0.0,0.0,0.0,0.0,long,False,False,False,False,193.97,0.0038665773057688924,,,,
ORCL,2026050719,1.0,1,31825.563,0.0,0,31825.563,100,1,1.0,0.0,2026-05-07 19:00:00+00:00,0.0,0.0,0.0,0.0,long,False,False,False,False,194.72,0.002875924404272867,,,,
ORCL,2026050720,1.0,1,31825.563,0.0,0,31825.563,100,1,1.0,0.0,2026-05-07 20:00:00+00:00,0.0,0.0,0.0,0.0,long,False,False,False,False,195.28,,,,,
ORCL,2026050721,1.0,1,31825.563,0.0,0,31825.563,100,1,1.0,0.0,2026-05-07 21:00:00+00:00,0.0,0.0,0.0,0.0,long,False,False,False,False,,,,,,
ORCL,2026050722,1.0,1,31825.563,0.0,0,31825.563,100,1,1.0,0.0,2026-05-07 22:00:00+00:00,0.0,0.0,0.0,0.0,long,False,False,False,False,,,,,,
ORCL,2026050723,1.0,1,31825.563,0.0,0,31825.563,100,1,1.0,0.0,2026-05-07 23:00:00+00:00,0.0,0.0,0.0,0.0,long,False,False,False,False,,,,,,
ORCL,2026050801,1.0,1,31825.563,0.0,0,31825.563,100,1,1.0,0.0,2026-05-08 01:00:00+00:00,0.0,0.0,0.0,0.0,long,False,False,False,False,,,,,,
ORCL,2026050802,1.0,1,31825.563,0.0,0,31825.563,100,1,1.0,0.0,2026-05-08 02:00:00+00:00,0.0,0.0,0.0,0.0,long,False,False,False,False,,,,,,
ORCL,2026050803,1.0,1,31825.563,0.0,0,31825.563,100,1,1.0,0.0,2026-05-08 03:00:00+00:00,0.0,0.0,0.0,0.0,long,False,False,False,False,,,,,,
ORCL,2026050804,1.0,1,31825.563,0.0,0,31825.563,100,1,1.0,0.0,2026-05-08 04:00:00+00:00,0.0,0.0,0.0,0.0,long,False,False,False,False,,,,,,
ORCL,2026050805,1.0,1,31825.563,0.0,0,31825.563,100,1,1.0,0.0,2026-05-08 05:00:00+00:00,0.0,0.0,0.0,0.0,long,False,False,False,False,,,,,,
ORCL,2026050806,1.0,1,31825.563,0.0,0,31825.563,100,1,1.0,0.0,2026-05-08 06:00:00+00:00,0.0,0.0,0.0,0.0,long,False,False,False,False,,,,,,
ORCL,2026050807,1.0,1,31825.563,0.0,0,31825.563,100,1,1.0,0.0,2026-05-08 07:00:00+00:00,0.0,0.0,0.0,0.0,long,False,False,False,False,,,,,,
ORCL,2026050808,1.0,1,31825.563,0.0,0,31825.563,100,1,1.0,0.0,2026-05-08 08:00:00+00:00,0.0,0.0,0.0,0.0,long,False,False,False,False,,,,,,
ORCL,2026050809,1.0,1,31825.563,0.0,0,31825.563,100,1,1.0,0.0,2026-05-08 09:00:00+00:00,0.0,0.0,0.0,0.0,long,False,False,False,False,,,,,,
ORCL,2026050810,1.0,1,31825.563,0.0,0,31825.563,100,1,1.0,0.0,2026-05-08 10:00:00+00:00,0.0,0.0,0.0,0.0,long,False,False,False,False,,,,,,
ORCL,2026050811,1.0,1,31825.563,0.0,0,31825.563,100,1,1.0,0.0,2026-05-08 11:00:00+00:00,0.0,0.0,0.0,0.0,long,False,False,False,False,,,,,,
ORCL,2026050812,1.0,1,31825.563,0.0,0,31825.563,100,1,1.0,0.0,2026-05-08 12:00:00+00:00,0.0,0.0,0.0,0.0,long,False,False,False,False,,,,,,
ORCL,2026050813,1.0,1,31825.563,0.0,0,31825.563,100,1,1.0,0.0,2026-05-08 13:00:00+00:00,0.0,0.0,0.0,0.0,long,False,False,False,False,,,,,,
ORCL,2026050814,1.0,1,31825.563,0.0,0,31825.563,100,1,1.0,0.0,2026-05-08 14:00:00+00:00,0.0,0.0,0.0,0.0,long,False,False,False,False,,,,,,
ORCL,2026050815,1.0,1,31825.563,0.0,0,31825.563,100,1,1.0,0.0,2026-05-08 15:00:00+00:00,0.0,0.0,0.0,0.0,long,False,False,False,False,,,,,,
ORCL,2026050816,1.0,1,31825.563,0.0,0,31825.563,100,1,1.0,0.0,2026-05-08 16:00:00+00:00,0.0,0.0,0.0,0.0,long,False,False,False,False,,,,,,
ORCL,2026050817,1.0,1,31825.563,0.0,0,31825.563,100,1,1.0,0.0,2026-05-08 17:00:00+00:00,0.0,0.0,0.0,0.0,long,False,False,False,False,,,,,,
ORCL,2026050818,1.0,1,31825.563,0.0,0,31825.563,100,1,1.0,0.0,2026-05-08 18:00:00+00:00,0.0,0.0,0.0,0.0,long,False,False,False,False,,,,,,
ORCL,2026050819,1.0,1,31825.563,0.0,0,31825.563,100,1,1.0,0.0,2026-05-08 19:00:00+00:00,0.0,0.0,0.0,0.0,long,False,False,False,False,,,,,,
ORCL,2026050820,1.0,1,31825.563,0.0,0,31825.563,100,1,1.0,0.0,2026-05-08 20:00:00+00:00,0.0,0.0,0.0,0.0,long,False,False,False,False,,,,,,
ORCL,2026050821,1.0,1,31825.563,0.0,0,31825.563,100,1,1.0,0.0,2026-05-08 21:00:00+00:00,0.0,0.0,0.0,0.0,long,False,False,False,False,,,,,,
ORCL,2026050822,1.0,1,31825.563,0.0,0,31825.563,100,1,1.0,0.0,2026-05-08 22:00:00+00:00,0.0,0.0,0.0,0.0,long,False,False,False,False,,,,,,
ORCL,2026050823,1.0,1,31825.563,0.0,0,31825.563,100,1,1.0,0.0,2026-05-08 23:00:00+00:00,0.0,0.0,0.0,0.0,long,False,False,False,False,,,,,,
ORCL,2026050901,1.0,1,31825.563,0.0,0,31825.563,100,1,1.0,0.0,2026-05-09 01:00:00+00:00,0.0,0.0,0.0,0.0,long,False,False,False,False,,,,,,
ORCL,2026050902,1.0,1,31825.563,0.0,0,31825.563,100,1,1.0,0.0,2026-05-09 02:00:00+00:00,0.0,0.0,0.0,0.0,long,False,False,False,False,,,,,,
ORCL,2026050903,1.0,1,31825.563,0.0,0,31825.563,100,1,1.0,0.0,2026-05-09 03:00:00+00:00,0.0,0.0,0.0,0.0,long,False,False,False,False,,,,,,
ORCL,2026050904,1.0,1,31825.563,0.0,0,31825.563,100,1,1.0,0.0,2026-05-09 04:00:00+00:00,0.0,0.0,0.0,0.0,long,False,False,False,False,,,,,,
ORCL,2026050905,1.0,1,31825.563,0.0,0,31825.563,100,1,1.0,0.0,2026-05-09 05:00:00+00:00,0.0,0.0,0.0,0.0,long,False,False,False,False,,,,,,
ENJ,2026050605,1.0,1,6849.130200000033,0.0,0,6849.130200000033,100,1,1.0,0.0,2026-05-06 05:00:00+00:00,,,,,long,False,False,False,False,0.05003,-0.003797721367179596,-0.00199880071956815,-0.000999400359784186,-0.004797121726963782,-0.014591245252848273
ENJ,2026050606,1.0,1,6849.130200000033,0.0,0,6849.130200000033,100,1,1.0,0.0,2026-05-06 06:00:00+00:00,0.0,0.0,0.0,0.0,long,False,False,False,False,0.04984,-0.00020064205457470674,0.008828250401283988,-0.006621187800963213,0.012239165329053003,-0.0012038523274479074
ENJ,2026050607,1.0,1,6849.130200000033,0.0,0,6849.130200000033,100,1,1.0,0.0,2026-05-06 07:00:00+00:00,0.0,0.0,0.0,0.0,long,False,False,False,False,0.04983,0.0020068231988761287,0.003411599438089663,0.004816375677302975,0.04113987557696164,0.00541842263696557
ENJ,2026050608,1.0,1,6849.130200000033,0.0,0,6849.130200000033,100,1,1.0,0.0,2026-05-06 08:00:00+00:00,0.0,0.0,0.0,0.0,long,False,False,False,False,0.04993,0.007009813739234927,0.0010014019627477833,-0.00520729020628885,0.03384738634087725,0.009012617664730493
ENJ,2026050609,1.0,1,6849.130200000033,0.0,0,6849.130200000033,100,1,1.0,0.0,2026-05-06 09:00:00+00:00,0.0,0.0,0.0,0.0,long,False,False,False,False,0.05028,-0.005568814638026942,-0.015314240254574396,0.0065632458233890745,0.019490851233094686,0.007955449482895949
ENJ,2026050610,1.0,1,6849.130200000033,0.0,0,6849.130200000033,100,1,1.0,0.0,2026-05-06 10:00:00+00:00,0.0,0.0,0.0,0.0,long,False,False,False,False,0.05,-0.00040000000000006697,0.0014000000000000679,0.0043999999999999595,0.022199999999999998,0.019199999999999884
ENJ,2026050611,1.0,1,6849.130200000033,0.0,0,6849.130200000033,100,1,1.0,0.0,2026-05-06 11:00:00+00:00,0.0,0.0,0.0,0.0,long,False,False,False,False,0.04998,-0.00940376150460176,-0.006202480992396953,-0.0038015206082432362,0.01680672268907557,0.028611444577831158
ENJ,2026050612,1.0,1,6849.130200000033,0.0,0,6849.130200000033,100,1,1.0,0.0,2026-05-06 12:00:00+00:00,0.0,0.0,0.0,0.0,long,False,False,False,False,0.04951,0.011310846293678178,0.022217733791153327,0.018986063421531085,0.0478691173500303,0.030902847909513254
ENJ,2026050613,1.0,1,6849.130200000033,0.0,0,6849.130200000033,100,1,1.0,0.0,2026-05-06 13:00:00+00:00,0.0,0.0,0.0,0.0,long,False,False,False,False,0.05007,-0.00798881565807874,0.002995805871779389,0.03614939085280611,0.010185739964050367,0.022168963451168366
ENJ,2026050614,1.0,1,6849.130200000033,0.0,0,6849.130200000033,100,1,1.0,0.0,2026-05-06 14:00:00+00:00,0.0,0.0,0.0,0.0,long,False,False,False,False,0.04967,0.018924904368834428,0.0024159452385745794,0.03925911012683714,0.009059794644654673,0.020334205758002932
ENJ,2026050615,1.0,1,6849.130200000033,0.0,0,6849.130200000033,100,1,1.0,0.0,2026-05-06 15:00:00+00:00,0.0,0.0,0.0,0.0,long,False,False,False,False,0.05061,-0.007705986959099076,-0.0031614305473226523,0.012843311598498275,-0.004939735230191644,-0.01027464927879862
ENJ,2026050616,1.0,1,6849.130200000033,0.0,0,6849.130200000033,100,1,1.0,0.0,2026-05-06 16:00:00+00:00,0.0,0.0,0.0,0.0,long,False,False,False,False,0.05022,-0.008562325766626855,0.03305455993628037,0.017722023098367234,-0.01473516527279961,0.005973715651135025
ENJ,2026050617,1.0,1,6849.130200000033,0.0,0,6849.130200000033,100,1,1.0,0.0,2026-05-06 17:00:00+00:00,0.0,0.0,0.0,0.0,long,False,False,False,False,0.04979,0.013255673830086412,0.0367543683470577,0.02068688491664994,-0.009841333601124824,0.01265314320144606
ENJ,2026050618,1.0,1,6849.130200000033,0.0,0,6849.130200000033,100,1,1.0,0.0,2026-05-06 18:00:00+00:00,0.0,0.0,0.0,0.0,long,False,False,False,False,0.05045,0.028344895936570857,0.016055500495540054,0.028344895936570857,-0.013280475718533302,-0.0007928642220019766
ENJ,2026050619,1.0,1,8384.661300000154,0.0,0,8384.661300000154,100,1,1.0,0.0,2026-05-06 19:00:00+00:00,0.0,1535.5311000001211,1535.5311000001211,0.0,long,True,False,False,False,0.05188,-0.005011565150347064,-0.014841942945258313,-0.025057825751734875,-0.03430994602929849,-0.04202004626060141
ENJ,2026050620,1.0,1,8384.661300000154,0.0,0,8384.661300000154,100,1,1.0,0.0,2026-05-06 20:00:00+00:00,0.0,0.0,0.0,0.0,long,False,False,False,False,0.05162,-0.006974041069352954,-0.015497869043006651,-0.0290585044556374,-0.024021697016660126,-0.03777605579232857
ENJ,2026050621,1.0,1,8384.661300000154,0.0,0,8384.661300000154,100,1,1.0,0.0,2026-05-06 21:00:00+00:00,0.0,0.0,0.0,0.0,long,False,False,False,False,0.05126,-0.002926258291065076,0.012095200936402595,-0.0175575497463909,-0.011314865392118567,-0.0357003511509949
ENJ,2026050622,1.0,1,8384.661300000154,0.0,0,8384.661300000154,100,1,1.0,0.0,2026-05-06 22:00:00+00:00,0.0,0.0,0.0,0.0,long,False,False,False,False,0.05111,-0.005674036392095627,-0.010369790647622779,-0.031891997652122805,-0.00293484640970465,-0.03443553120720022
ENJ,2026050623,1.0,1,8384.661300000154,0.0,0,8384.661300000154,100,1,1.0,0.0,2026-05-06 23:00:00+00:00,0.0,0.0,0.0,0.0,long,False,False,False,False,0.05082,0.02085792994883917,-0.01377410468319562,-0.029909484454939017,0.011609602518693363,-0.01967729240456506
ENJ,2026050701,1.0,1,8384.661300000154,0.0,0,8384.661300000154,100,1,1.0,0.0,2026-05-07 01:00:00+00:00,0.0,0.0,0.0,0.0,long,False,False,False,False,0.05058,-0.00909450375642551,-0.02174772637406086,-0.009489916963226541,0.011862396204033177,0.004151838671411667
ENJ,2026050702,1.0,1,8384.661300000154,0.0,0,8384.661300000154,100,1,1.0,0.0,2026-05-07 02:00:00+00:00,0.0,0.0,0.0,0.0,long,False,False,False,False,0.05012,0.004788507581803714,-0.016360734237829244,0.0051875498802873565,0.011173184357541999,0.01416600159616932
ENJ,2026050703,1.0,1,8384.661300000154,0.0,0,8384.661300000154,100,1,1.0,0.0,2026-05-07 03:00:00+00:00,0.0,0.0,0.0,0.0,long,False,False,False,False,0.05036,-0.017474185861795055,-0.01151707704527416,0.006354249404289192,-0.0053613979348688945,0.006949960285941081
ENJ,2026050704,1.0,1,8384.661300000154,0.0,0,8384.661300000154,100,1,1.0,0.0,2026-05-07 04:00:00+00:00,0.0,0.0,0.0,0.0,long,False,False,False,False,0.04948,-0.003637833468068008,0.012530315278900472,0.029911075181891622,0.021018593371058936,0.029102667744543176
ENJ,2026050705,1.0,1,8384.661300000154,0.0,0,8384.661300000154,100,1,1.0,0.0,2026-05-07 05:00:00+00:00,0.0,0.0,0.0,0.0,long,False,False,False,False,0.0493,0.009736308316430131,0.02190669371196763,0.04279918864097354,0.022718052738336825,0.024543610547667294
ENJ,2026050706,1.0,1,8384.661300000154,0.0,0,8384.661300000154,100,1,1.0,0.0,2026-05-07 06:00:00+00:00,0.0,0.0,0.0,0.0,long,False,False,False,False,0.04978,0.006428284451587052,0.01807955002008854,0.02531137002812378,0.012655685014062001,0.01627159501807962
ENJ,2026050707,1.0,1,8384.661300000154,0.0,0,8384.661300000154,100,1,1.0,0.0,2026-05-07 07:00:00+00:00,0.0,0.0,0.0,0.0,long,False,False,False,False,0.0501,0.005588822355289569,0.01716566866267466,0.021556886227545036,-0.007984031936127733,-0.0025948103792414745
ENJ,2026050708,1.0,1,8384.661300000154,0.0,0,8384.661300000154,100,1,1.0,0.0,2026-05-07 08:00:00+00:00,0.0,0.0,0.0,0.0,long,False,False,False,False,0.05038,0.005954743946010366,0.020444620881302056,0.005954743946010366,-0.014092894005557799,-0.007145692735212372
ENJ,2026050709,1.0,1,8384.661300000154,0.0,0,8384.661300000154,100,1,1.0,0.0,2026-05-07 09:00:00+00:00,0.0,0.0,0.0,0.0,long,False,False,False,False,0.05068,0.0055248618784529135,0.00710339384372527,-0.01164167324388321,-0.02466456195737965,-0.015982636148382134
ENJ,2026050710,1.0,1,8384.661300000154,0.0,0,8384.661300000154,100,1,1.0,0.0,2026-05-07 10:00:00+00:00,0.0,0.0,0.0,0.0,long,False,False,False,False,0.05096,0.008830455259026593,0.004317111459968714,-0.008634222919937096,-0.03159340659340659,-0.022370486656200894
ENJ,2026050711,1.0,1,8384.661300000154,0.0,0,8384.661300000154,100,1,1.0,0.0,2026-05-07 11:00:00+00:00,0.0,0.0,0.0,0.0,long,False,False,False,False,0.05141,-0.007197043376774848,-0.014199572067690958,-0.019256953900019358,-0.030927835051546282,-0.029955261622252483
ENJ,2026050712,1.0,1,8384.661300000154,0.0,0,8384.661300000154,100,1,1.0,0.0,2026-05-07 12:00:00+00:00,0.0,0.0,0.0,0.0,long,False,False,False,False,0.05104,0.002742946708463867,-0.018612852664576796,-0.012343260188087735,-0.01626175548589348,-0.022531347962382542
ENJ,2026050713,1.0,1,8384.661300000154,0.0,0,8384.661300000154,100,1,1.0,0.0,2026-05-07 13:00:00+00:00,0.0,0.0,0.0,0.0,long,False,False,False,False,0.05118,-0.009769441187964079,-0.01289566236811257,-0.028917545916373633,-0.007620164126612039,-0.02794060179757718
ENJ,2026050714,1.0,1,8384.661300000154,0.0,0,8384.661300000154,100,1,1.0,0.0,2026-05-07 14:00:00+00:00,0.0,0.0,0.0,0.0,long,False,False,False,False,0.05068,-0.01164167324388321,-0.005130228887134991,-0.019928966061562803,0.0029597474348854735,-0.013812154696132728
ENJ,2026050715,1.0,1,8384.661300000154,0.0,0,8384.661300000154,100,1,1.0,0.0,2026-05-07 15:00:00+00:00,0.0,0.0,0.0,0.0,long,False,False,False,False,0.05009,0.008584547813934806,0.006388500698742305,-0.013176282691155894,0.012377720103813106,-0.0017967658215212179
ENJ,2026050716,1.0,1,8384.661300000154,0.0,0,8384.661300000154,100,1,1.0,0.0,2026-05-07 16:00:00+00:00,0.0,0.0,0.0,0.0,long,False,False,False,False,0.05052,-0.001979414093428389,-0.01623119556611241,-0.02315914489311177,0.007917656373713333,-0.006136183689627983
ENJ,2026050717,1.0,1,8384.661300000154,0.0,0,8384.661300000154,100,1,1.0,0.0,2026-05-07 17:00:00+00:00,0.0,0.0,0.0,0.0,long,False,False,False,False,0.05042,-0.00019833399444657562,-0.014875049583498612,-0.011900039666798867,0.0017850059500197357,-0.0009916699722333222
ENJ,2026050718,1.0,1,8384.661300000154,0.0,0,8384.661300000154,100,1,1.0,0.0,2026-05-07 18:00:00+00:00,0.0,0.0,0.0,0.0,long,False,False,False,False,0.05041,-0.014084507042253613,-0.019440587185082348,-0.003967466772465844,0.003570720095219304,0.00079349335449308
ENJ,2026050719,1.0,1,8384.661300000154,0.0,0,8384.661300000154,100,1,1.0,0.0,2026-05-07 19:00:00+00:00,0.0,0.0,0.0,0.0,long,False,False,False,False,0.0497,-0.0006036217303823088,-0.007042253521126862,0.021931589537223406,0.005432595573440668,0.01046277665995965
ENJ,2026050720,1.0,1,8384.661300000154,0.0,0,8384.661300000154,100,1,1.0,0.0,2026-05-07 20:00:00+00:00,0.0,0.0,0.0,0.0,long,False,False,False,False,0.04967,-0.004831890477149159,0.0030199315482182243,0.023354137306221157,0.007046506945842523,0.010066438494060748
ENJ,2026050721,1.0,1,8384.661300000154,0.0,0,8384.661300000154,100,1,1.0,0.0,2026-05-07 21:00:00+00:00,0.0,0.0,0.0,0.0,long,False,False,False,False,0.04943,-0.0016184503338054768,0.015779890754602288,0.025895205340886074,0.008901476835929456,0.022658304673275342
ENJ,2026050722,1.0,1,8384.661300000154,0.0,0,8384.661300000154,100,1,1.0,0.0,2026-05-07 22:00:00+00:00,0.0,0.0,0.0,0.0,long,False,False,False,False,0.04935,0.009523809523809712,0.02917933130699102,0.03181357649442762,0.009523809523809712,0.025531914893617058
ENJ,2026050723,1.0,1,8384.661300000154,0.0,0,8384.661300000154,100,1,1.0,0.0,2026-05-07 23:00:00+00:00,0.0,0.0,0.0,0.0,long,False,False,False,False,0.04982,0.007828181453231497,0.02027298273785627,0.01384985949417894,0.0010036130068244997,0.010437575270975552
ENJ,2026050801,1.0,1,8384.661300000154,0.0,0,8384.661300000154,100,1,1.0,0.0,2026-05-08 01:00:00+00:00,0.0,0.0,0.0,0.0,long,False,False,False,False,0.05079,0.0007875566056310124,0.0025595589683007347,-0.016144910415436087,-0.020476471746406766,-0.000984445757038821
ENJ,2026050802,1.0,1,8384.661300000154,0.0,0,8384.661300000154,100,1,1.0,0.0,2026-05-08 02:00:00+00:00,0.0,0.0,0.0,0.0,long,False,False,False,False,0.05083,-0.002360810544953851,-0.006295494786543343,-0.015935471178437854,-0.016722408026755953,0.003737950029510273
ENJ,2026050803,1.0,1,8384.661300000154,0.0,0,8384.661300000154,100,1,1.0,0.0,2026-05-08 03:00:00+00:00,0.0,0.0,0.0,0.0,long,False,False,False,False,0.05071,0.004141195030566092,-0.0023663971603232747,-0.01656478012226381,-0.014001183198580125,0.0007887990534412026
ENJ,2026050804,1.0,1,8384.661300000154,0.0,0,8384.661300000154,100,1,1.0,0.0,2026-05-08 04:00:00+00:00,0.0,0.0,0.0,0.0,long,False,False,False,False,0.05092,-0.008051846032992915,-0.018656716417910446,-0.02160251374705413,-0.013943440691280506,-0.0029457973291436845
ENJ,2026050805,1.0,1,8384.661300000154,0.0,0,8384.661300000154,100,1,1.0,0.0,2026-05-08 05:00:00+00:00,0.0,0.0,0.0,0.0,long,False,False,False,False,0.05051,0.0015838447832112745,-0.009701049297168862,-0.012670758265689974,-0.002771728370619675,0.00673134032864775
ENJ,2026050806,1.0,1,8384.661300000154,0.0,0,8384.661300000154,100,1,1.0,0.0,2026-05-08 06:00:00+00:00,0.0,0.0,0.0,0.0,long,False,False,False,False,0.05059,-0.01225538644000801,-0.014232061672267315,-0.013836726625815476,-0.0027673453251630953,0.008499703498715094
ENJ,2026050807,1.0,1,8384.661300000154,0.0,0,8384.661300000154,100,1,1.0,0.0,2026-05-08 07:00:00+00:00,0.0,0.0,0.0,0.0,long,False,False,False,False,0.04997,0.0010006003602160973,-0.003001801080648292,-0.0044026415849509615,0.005003001801080709,0.019611767060236263
ENJ,2026050808,1.0,1,8384.661300000154,0.0,0,8384.661300000154,100,1,1.0,0.0,2026-05-08 08:00:00+00:00,0.0,0.0,0.0,0.0,long,False,False,False,False,0.05002,-0.0029988004798081613,-0.0029988004798081613,-0.000799680127948954,0.0029988004798080503,0.026989204318272675
ENJ,2026050809,1.0,1,8384.661300000154,0.0,0,8384.661300000154,100,1,1.0,0.0,2026-05-08 09:00:00+00:00,0.0,0.0,0.0,0.0,long,False,False,False,False,0.04987,-0.0010026067776217618,0.0004010427110487935,0.002606777621816825,0.01363545217565676,
ENJ,2026050810,1.0,1,8384.661300000154,0.0,0,8384.661300000154,100,1,1.0,0.0,2026-05-08 10:00:00+00:00,0.0,0.0,0.0,0.0,long,False,False,False,False,0.04982,0.0010036130068244997,-0.0014050582095543884,0.007828181453231497,0.01585708550782816,
ENJ,2026050811,1.0,1,8384.661300000154,0.0,0,8384.661300000154,100,1,1.0,0.0,2026-05-08 11:00:00+00:00,0.0,0.0,0.0,0.0,long,False,False,False,False,0.04987,0.0004010427110487935,0.0022057349107680313,0.010026067776218284,0.009424503709645204,
ENJ,2026050812,1.0,1,8384.661300000154,0.0,0,8384.661300000154,100,1,1.0,0.0,2026-05-08 12:00:00+00:00,0.0,0.0,0.0,0.0,long,False,False,False,False,0.04989,-0.002806173581880067,0.002204850671477354,0.011224694327520712,0.016636600521146683,
ENJ,2026050813,1.0,1,8384.661300000154,0.0,0,8384.661300000154,100,1,1.0,0.0,2026-05-08 13:00:00+00:00,0.0,0.0,0.0,0.0,long,False,False,False,False,0.04975,0.004623115577889303,0.009246231155778828,0.009447236180904595,0.019899497487437134,
ENJ,2026050814,1.0,1,8384.661300000154,0.0,0,8384.661300000154,100,1,1.0,0.0,2026-05-08 14:00:00+00:00,0.0,0.0,0.0,0.0,long,False,False,False,False,0.04998,0.0004001600640257674,0.007803121248499467,0.0038015206082433473,0.020808323329331913,
ENJ,2026050815,1.0,1,8384.661300000154,0.0,0,8384.661300000154,100,1,1.0,0.0,2026-05-08 15:00:00+00:00,0.0,0.0,0.0,0.0,long,False,False,False,False,0.05,0.0041999999999999815,0.008999999999999897,0.010999999999999899,0.014999999999999902,
ENJ,2026050816,1.0,1,8384.661300000154,0.0,0,8384.661300000154,100,1,1.0,0.0,2026-05-08 16:00:00+00:00,0.0,0.0,0.0,0.0,long,False,False,False,False,0.05021,0.003186616211910076,0.00019916351324433812,0.007966540529775079,0.011153156741684933,
ENJ,2026050817,1.0,1,9530.932000000188,0.0,0,9530.932000000188,100,1,1.0,0.0,2026-05-08 17:00:00+00:00,0.0,1146.2707000000337,1146.2707000000337,0.0,long,True,False,False,False,0.05037,0.001588246972404228,-0.003970617431010459,-0.0005955926146514745,0.009529481834425368,
ENJ,2026050818,1.0,1,9530.932000000188,0.0,0,9530.932000000188,100,1,1.0,0.0,2026-05-08 18:00:00+00:00,0.0,0.0,0.0,0.0,long,False,False,False,False,0.05045,-0.004558969276511449,0.001982160555004775,0.005351833498513425,0.011298315163528194,
ENJ,2026050819,1.0,1,9530.932000000188,0.0,0,9530.932000000188,100,1,1.0,0.0,2026-05-08 19:00:00+00:00,0.0,0.0,0.0,0.0,long,False,False,False,False,0.05022,-0.000995619275189208,0.0077658303464755996,0.010354440461967318,0.01453604141776177,
ENJ,2026050820,1.0,1,9530.932000000188,0.0,0,9530.932000000188,100,1,1.0,0.0,2026-05-08 20:00:00+00:00,0.0,0.0,0.0,0.0,long,False,False,False,False,0.05017,0.007574247558301828,0.003388479170819192,0.01694239585409618,0.023918676499900426,
ENJ,2026050821,1.0,1,9530.932000000188,0.0,0,9530.932000000188,100,1,1.0,0.0,2026-05-08 21:00:00+00:00,0.0,0.0,0.0,0.0,long,False,False,False,False,0.05055,0.001186943620178127,0.0033630069238379523,0.003956478733927016,,
ENJ,2026050822,1.0,1,9530.932000000188,0.0,0,9530.932000000188,100,1,1.0,0.0,2026-05-08 22:00:00+00:00,0.0,0.0,0.0,0.0,long,False,False,False,False,0.05061,-0.005334914048606976,0.002568662319699655,0.0031614305473226523,,
ENJ,2026050823,1.0,1,9530.932000000188,0.0,0,9530.932000000188,100,1,1.0,0.0,2026-05-08 23:00:00+00:00,0.0,0.0,0.0,0.0,long,False,False,False,False,0.05034,0.007548669050456924,0.013508144616606987,0.01013110846245513,,
ENJ,2026050901,1.0,1,9530.932000000188,0.0,0,9530.932000000188,100,1,1.0,0.0,2026-05-09 01:00:00+00:00,0.0,0.0,0.0,0.0,long,False,False,False,False,0.05074,0.005518328734726019,0.0005912495072921686,0.004138746551044514,,
ENJ,2026050902,1.0,1,9530.932000000188,0.0,0,9530.932000000188,100,1,1.0,0.0,2026-05-09 02:00:00+00:00,0.0,0.0,0.0,0.0,long,False,False,False,False,0.05102,-0.0052920423363387314,-0.0033320266562133494,0.006860054880438948,,
ENJ,2026050903,1.0,1,9530.932000000188,0.0,0,9530.932000000188,100,1,1.0,0.0,2026-05-09 03:00:00+00:00,0.0,0.0,0.0,0.0,long,False,False,False,False,0.05075,0.00039408866995072067,0.005320197044335062,,,
ENJ,2026050904,1.0,1,9530.932000000188,0.0,0,9530.932000000188,100,1,1.0,0.0,2026-05-09 04:00:00+00:00,0.0,0.0,0.0,0.0,long,False,False,False,False,0.05077,0.0015757337010045003,0.003545400827260181,,,
ENJ,2026050905,1.0,1,9530.932000000188,0.0,0,9530.932000000188,100,1,1.0,0.0,2026-05-09 05:00:00+00:00,0.0,0.0,0.0,0.0,long,False,False,False,False,0.05085,0.0033431661750247255,0.010226155358898703,,,
MU,2026050605,0.0,0,-11042.8952,1.0,2,11042.8952,100,2,0.0,1.0,2026-05-06 05:00:00+00:00,,,,,short,False,False,False,False,680.82,-0.004435827384624558,0.00918010634235178,-0.0032020210922124592,-0.03904115625275406,-0.02003466408154886
MU,2026050606,0.0,0,-11042.8952,1.0,2,11042.8952,100,2,0.0,1.0,2026-05-06 06:00:00+00:00,0.0,0.0,0.0,0.0,short,False,False,False,False,677.8,-0.0014753614635585333,0.000575390970787959,-0.007185010327530272,-0.0277515491295367,-0.013086456181764516
MU,2026050607,0.0,0,-11042.8952,1.0,2,11042.8952,100,2,0.0,1.0,2026-05-06 07:00:00+00:00,0.0,0.0,0.0,0.0,short,False,False,False,False,676.8,0.01517434988179689,0.0028368794326241176,-0.04004137115839235,-0.013002364066193817,-0.0099290780141843
MU,2026050608,0.0,0,-11042.8952,1.0,2,11042.8952,100,2,0.0,1.0,2026-05-06 08:00:00+00:00,0.0,0.0,0.0,0.0,short,False,False,False,False,687.07,-0.012924447290669105,-0.01226949219147988,-0.04417308280087917,-0.036284512495087906,-0.0387005690832084
MU,2026050609,0.0,0,-11042.8952,1.0,2,11042.8952,100,2,0.0,1.0,2026-05-06 09:00:00+00:00,0.0,0.0,0.0,0.0,short,False,False,False,False,678.19,0.0007814919122959285,-0.0077559386012771014,-0.026703431191848925,-0.033073327533582164,-0.03684808092127578
MU,2026050610,0.0,0,-11042.8952,1.0,2,11042.8952,100,2,0.0,1.0,2026-05-06 10:00:00+00:00,0.0,0.0,0.0,0.0,short,False,False,False,False,678.72,-0.0001178689297501867,-0.04275695426685522,-0.03653936822253667,-0.028273809523809645,-0.0356700848656295
MU,2026050611,0.0,0,-11042.8952,1.0,2,11042.8952,100,2,0.0,1.0,2026-05-06 11:00:00+00:00,0.0,0.0,0.0,0.0,short,False,False,False,False,678.64,-0.00841388659672293,-0.032299893905457955,-0.03595426146410463,-0.028129788989744275,-0.034819639278557135
MU,2026050612,0.0,0,-11042.8952,1.0,2,11042.8952,100,2,0.0,1.0,2026-05-06 12:00:00+00:00,0.0,0.0,0.0,0.0,short,False,False,False,False,672.93,-0.034520678228047386,-0.019095596867430342,-0.020715379014161872,-0.023256505134263583,-0.027878085387781804
MU,2026050613,0.0,0,-11042.8952,1.0,2,11042.8952,100,2,0.0,1.0,2026-05-06 13:00:00+00:00,0.0,0.0,0.0,0.0,short,False,False,False,False,649.7,0.010804986917038573,0.00649530552562716,0.028166846236724608,0.01622287209481299,0.01720794212713561
MU,2026050614,0.0,0,-11042.8952,1.0,2,11042.8952,100,2,0.0,1.0,2026-05-06 14:00:00+00:00,0.0,0.0,0.0,0.0,short,False,False,False,False,656.72,0.00511633572907777,-0.0037763430381289043,0.00825313680107187,0.004629065659641718,0.01929284931173103
MU,2026050615,0.0,0,-11042.8952,1.0,2,11042.8952,100,2,0.0,1.0,2026-05-06 15:00:00+00:00,0.0,0.0,0.0,0.0,short,False,False,False,False,660.08,-0.00933220215731434,-0.0016513149921222325,-0.0065446612531815385,0.0004999394012845659,-0.015785965337534957
MU,2026050616,0.0,0,-11042.8952,1.0,2,11042.8952,100,2,0.0,1.0,2026-05-06 16:00:00+00:00,0.0,0.0,0.0,0.0,short,False,False,False,False,653.92,0.0004893564962076269,0.021531685833129588,0.0085790310741376,0.006973330070956685,-0.008640200636163442
MU,2026050617,0.0,0,-11042.8952,1.0,2,11042.8952,100,2,0.0,1.0,2026-05-06 17:00:00+00:00,0.0,0.0,0.0,0.0,short,False,False,False,False,654.24,0.007260332599657637,0.012075079481535855,0.008116287600880234,0.019778674492540782,-0.010271460014673606
MU,2026050618,0.0,0,-11042.8952,1.0,2,11042.8952,100,2,0.0,1.0,2026-05-06 18:00:00+00:00,0.0,0.0,0.0,0.0,short,False,False,False,False,658.99,0.013672438125009512,-0.004901440082550557,-0.0025948800437033404,0.015083688675093576,-0.028786476274298534
MU,2026050619,0.0,0,-11042.8952,1.0,2,11042.8952,100,2,0.0,1.0,2026-05-06 19:00:00+00:00,0.0,0.0,0.0,0.0,short,False,False,False,False,668.0,-0.008772455089820386,-0.012679640718562868,-0.011616766467065887,0.003113772455089814,-0.030643712574850324
MU,2026050620,0.0,0,-11042.8952,1.0,2,11042.8952,100,2,0.0,1.0,2026-05-06 20:00:00+00:00,0.0,0.0,0.0,0.0,short,False,False,False,False,662.14,-0.009635424532576153,-0.00391155948892985,-0.0035944060168544567,-0.0025070226840244736,
MU,2026050621,0.5,1,-9047.8952,1.0,2,13037.8952,100,2,0.1530154959,0.8469845041,2026-05-06 21:00:00+00:00,0.0,1995.0,1995.0,0.1530154959,short,False,False,True,True,655.76,0.005749054532145914,0.0023179211906794173,0.007091008905697249,-0.003903867268512773,
MU,2026050622,0.5,1,-9043.3952,1.0,2,13042.3952,100,2,0.1533077298,0.8466922702,2026-05-06 22:00:00+00:00,0.0,4.5,4.5,0.00029223389999999405,short,False,False,True,True,659.53,3.0324625111877168e-05,0.001076524191469641,-0.0015920428183705537,-0.007611480903067291,
MU,2026050623,0.0,0,-64.656,1.0,1,64.656,100,1,0.0,1.0,2026-05-06 23:00:00+00:00,-1.0,-12977.7392,8978.7392,-0.1533077298,short,False,False,False,True,659.55,-0.0034417405806989043,0.00031839890834661766,0.011568493669926516,-0.00688348116139792,
MU,2026050701,0.0,0,-64.656,1.0,1,64.656,100,1,0.0,1.0,2026-05-07 01:00:00+00:00,0.0,0.0,0.0,0.0,short,False,False,False,False,660.24,-0.0007270083605961375,-0.0026656973221859115,0.01490367139222104,0.000969344480794776,
MU,2026050702,0.0,0,-64.656,1.0,1,64.656,100,1,0.0,1.0,2026-05-07 02:00:00+00:00,0.0,0.0,0.0,0.0,short,False,False,False,False,659.76,0.0009852067418454347,0.011246513883836462,0.001091305929428854,0.01459621680611134,
MU,2026050703,0.0,0,-64.656,1.0,1,64.656,100,1,0.0,1.0,2026-05-07 03:00:00+00:00,0.0,0.0,0.0,0.0,short,False,False,False,False,660.41,-0.0029224269771808142,0.012901076603927919,-0.01091746036553043,-0.01627776684181037,
MU,2026050704,0.0,0,-64.656,1.0,1,64.656,100,1,0.0,1.0,2026-05-07 04:00:00+00:00,0.0,0.0,0.0,0.0,short,False,False,False,False,658.48,0.013212246385615245,0.017616328514153734,-0.006029036569068169,-0.01550540639047504,
MU,2026050705,0.0,0,-64.656,1.0,1,64.656,100,1,0.0,1.0,2026-05-07 05:00:00+00:00,0.0,0.0,0.0,0.0,short,False,False,False,False,667.18,0.002622980305164946,-0.010042267454060227,-0.0182409544650618,-0.029467310171168104,
MU,2026050706,0.0,0,-64.656,1.0,1,64.656,100,1,0.0,1.0,2026-05-07 06:00:00+00:00,0.0,0.0,0.0,0.0,short,False,False,False,False,668.93,0.0017191634401210187,-0.023515166011391142,-0.022065089022767714,-0.04321827395990607,
MU,2026050707,0.0,0,-64.656,1.0,1,64.656,100,1,0.0,1.0,2026-05-07 07:00:00+00:00,0.0,0.0,0.0,0.0,short,False,False,False,False,670.08,-0.014326647564469996,-0.023236031518624745,-0.013729703915950409,-0.033652698185291374,
MU,2026050708,0.0,0,-64.656,1.0,1,64.656,100,1,0.0,1.0,2026-05-07 08:00:00+00:00,0.0,0.0,0.0,0.0,short,False,False,False,False,660.48,-0.011022286821705363,-0.008281855620155043,0.013490188953488413,,
MU,2026050709,0.0,0,-64.656,1.0,1,64.656,100,1,0.0,1.0,2026-05-07 09:00:00+00:00,0.0,0.0,0.0,0.0,short,False,False,False,False,653.2,0.002005511328842635,0.001484996938150518,-0.005419473361910732,,
MU,2026050710,0.0,0,-64.656,1.0,1,64.656,100,1,0.0,1.0,2026-05-07 10:00:00+00:00,0.0,0.0,0.0,0.0,short,False,False,False,False,654.51,0.0007639302684450122,0.009732471619990468,-0.009533849750194778,,
MU,2026050711,0.0,0,-64.656,1.0,1,64.656,100,1,0.0,1.0,2026-05-07 11:00:00+00:00,0.0,0.0,0.0,0.0,short,False,False,False,False,655.01,-0.0012824231691119792,0.021953863299796872,-0.011434939924581333,,
MU,2026050712,0.0,0,-64.656,1.0,1,64.656,100,1,0.0,1.0,2026-05-07 12:00:00+00:00,0.0,0.0,0.0,0.0,short,False,False,False,False,654.17,0.010257272574407228,-0.006894232386077004,-0.02163046302948768,,
MU,2026050713,0.0,0,-64.656,1.0,1,64.656,100,1,0.0,1.0,2026-05-07 13:00:00+00:00,0.0,0.0,0.0,0.0,short,False,False,False,False,660.88,0.012876770366783585,-0.01908061977968767,-0.020200338942016782,,
MU,2026050714,0.0,0,-64.656,1.0,1,64.656,100,1,0.0,1.0,2026-05-07 14:00:00+00:00,0.0,0.0,0.0,0.0,short,False,False,False,False,669.39,-0.02947459627421989,-0.03267153677228518,,,
MU,2026050715,0.0,0,-64.656,1.0,1,64.656,100,1,0.0,1.0,2026-05-07 15:00:00+00:00,0.0,0.0,0.0,0.0,short,False,False,False,False,649.66,-0.0021395807037527526,-0.014838530923867888,,,
MU,2026050716,0.0,0,-64.656,1.0,1,64.656,100,1,0.0,1.0,2026-05-07 16:00:00+00:00,0.0,0.0,0.0,0.0,short,False,False,False,False,648.27,-0.001156925355176086,-0.00114149968377375,,,
MU,2026050717,0.0,0,-64.656,1.0,1,64.656,100,1,0.0,1.0,2026-05-07 17:00:00+00:00,0.0,0.0,0.0,0.0,short,False,False,False,False,647.52,-0.011582653817642674,,,,
MU,2026050718,0.0,0,-64.656,1.0,1,64.656,100,1,0.0,1.0,2026-05-07 18:00:00+00:00,0.0,0.0,0.0,0.0,short,False,False,False,False,640.02,0.01173400831224014,,,,
MU,2026050719,0.0,0,-64.656,1.0,1,64.656,100,1,0.0,1.0,2026-05-07 19:00:00+00:00,0.0,0.0,0.0,0.0,short,False,False,False,False,647.53,,,,,
MU,2026050720,0.0,0,-64.656,1.0,1,64.656,100,1,0.0,1.0,2026-05-07 20:00:00+00:00,0.0,0.0,0.0,0.0,short,False,False,False,False,,,,,,
MU,2026050721,0.0,0,-64.656,1.0,1,64.656,100,1,0.0,1.0,2026-05-07 21:00:00+00:00,0.0,0.0,0.0,0.0,short,False,False,False,False,,,,,,
MU,2026050722,0.0,0,-64.656,1.0,1,64.656,100,1,0.0,1.0,2026-05-07 22:00:00+00:00,0.0,0.0,0.0,0.0,short,False,False,False,False,,,,,,
MU,2026050723,0.0,0,-64.656,1.0,1,64.656,100,1,0.0,1.0,2026-05-07 23:00:00+00:00,0.0,0.0,0.0,0.0,short,False,False,False,False,,,,,,
MU,2026050801,0.0,0,-64.656,1.0,1,64.656,100,1,0.0,1.0,2026-05-08 01:00:00+00:00,0.0,0.0,0.0,0.0,short,False,False,False,False,,,,,,
MU,2026050802,0.0,0,-64.656,1.0,1,64.656,100,1,0.0,1.0,2026-05-08 02:00:00+00:00,0.0,0.0,0.0,0.0,short,False,False,False,False,,,,,,
MU,2026050803,0.0,0,-64.656,1.0,1,64.656,100,1,0.0,1.0,2026-05-08 03:00:00+00:00,0.0,0.0,0.0,0.0,short,False,False,False,False,,,,,,
MU,2026050804,0.0,0,-64.656,1.0,1,64.656,100,1,0.0,1.0,2026-05-08 04:00:00+00:00,0.0,0.0,0.0,0.0,short,False,False,False,False,,,,,,
MU,2026050805,0.0,0,-64.656,1.0,1,64.656,100,1,0.0,1.0,2026-05-08 05:00:00+00:00,0.0,0.0,0.0,0.0,short,False,False,False,False,,,,,,
MU,2026050806,0.0,0,-64.656,1.0,1,64.656,100,1,0.0,1.0,2026-05-08 06:00:00+00:00,0.0,0.0,0.0,0.0,short,False,False,False,False,,,,,,
MU,2026050807,0.0,0,-64.656,1.0,1,64.656,100,1,0.0,1.0,2026-05-08 07:00:00+00:00,0.0,0.0,0.0,0.0,short,False,False,False,False,,,,,,
MU,2026050808,0.0,0,-64.656,1.0,1,64.656,100,1,0.0,1.0,2026-05-08 08:00:00+00:00,0.0,0.0,0.0,0.0,short,False,False,False,False,,,,,,
MU,2026050809,0.0,0,-64.656,1.0,1,64.656,100,1,0.0,1.0,2026-05-08 09:00:00+00:00,0.0,0.0,0.0,0.0,short,False,False,False,False,,,,,,
MU,2026050810,0.0,0,-64.656,1.0,1,64.656,100,1,0.0,1.0,2026-05-08 10:00:00+00:00,0.0,0.0,0.0,0.0,short,False,False,False,False,,,,,,
MU,2026050811,0.0,0,-64.656,1.0,1,64.656,100,1,0.0,1.0,2026-05-08 11:00:00+00:00,0.0,0.0,0.0,0.0,short,False,False,False,False,,,,,,
MU,2026050812,0.0,0,-64.656,1.0,1,64.656,100,1,0.0,1.0,2026-05-08 12:00:00+00:00,0.0,0.0,0.0,0.0,short,False,False,False,False,,,,,,
MU,2026050813,0.0,0,-64.656,1.0,1,64.656,100,1,0.0,1.0,2026-05-08 13:00:00+00:00,0.0,0.0,0.0,0.0,short,False,False,False,False,,,,,,
MU,2026050814,0.0,0,-64.656,1.0,1,64.656,100,1,0.0,1.0,2026-05-08 14:00:00+00:00,0.0,0.0,0.0,0.0,short,False,False,False,False,,,,,,
MU,2026050815,0.0,0,-64.656,1.0,1,64.656,100,1,0.0,1.0,2026-05-08 15:00:00+00:00,0.0,0.0,0.0,0.0,short,False,False,False,False,,,,,,
MU,2026050816,0.0,0,-64.656,1.0,1,64.656,100,1,0.0,1.0,2026-05-08 16:00:00+00:00,0.0,0.0,0.0,0.0,short,False,False,False,False,,,,,,
MU,2026050817,0.0,0,-64.656,1.0,1,64.656,100,1,0.0,1.0,2026-05-08 17:00:00+00:00,0.0,0.0,0.0,0.0,short,False,False,False,False,,,,,,
MU,2026050818,0.0,0,-64.656,1.0,1,64.656,100,1,0.0,1.0,2026-05-08 18:00:00+00:00,0.0,0.0,0.0,0.0,short,False,False,False,False,,,,,,
MU,2026050819,0.0,0,-64.656,1.0,1,64.656,100,1,0.0,1.0,2026-05-08 19:00:00+00:00,0.0,0.0,0.0,0.0,short,False,False,False,False,,,,,,
MU,2026050820,0.0,0,-64.656,1.0,1,64.656,100,1,0.0,1.0,2026-05-08 20:00:00+00:00,0.0,0.0,0.0,0.0,short,False,False,False,False,,,,,,
MU,2026050821,0.0,0,-64.656,1.0,1,64.656,100,1,0.0,1.0,2026-05-08 21:00:00+00:00,0.0,0.0,0.0,0.0,short,False,False,False,False,,,,,,
MU,2026050822,0.5,1,4935.7429,0.5,1,5065.0549,100,2,0.9872348866,0.0127651134,2026-05-08 22:00:00+00:00,1.0,5000.3989,5000.3989,0.9872348866,long,True,False,False,False,,,,,,
MU,2026050823,0.0,0,-64.656,1.0,1,64.656,100,1,0.0,1.0,2026-05-08 23:00:00+00:00,-1.0,-5000.3989,-5000.3989,-0.9872348866,short,False,False,True,True,,,,,,
MU,2026050901,0.0,0,-64.656,1.0,1,64.656,100,1,0.0,1.0,2026-05-09 01:00:00+00:00,0.0,0.0,0.0,0.0,short,False,False,False,False,,,,,,
MU,2026050902,0.0,0,-64.656,1.0,1,64.656,100,1,0.0,1.0,2026-05-09 02:00:00+00:00,0.0,0.0,0.0,0.0,short,False,False,False,False,,,,,,
MU,2026050903,0.0,0,-64.656,1.0,1,64.656,100,1,0.0,1.0,2026-05-09 03:00:00+00:00,0.0,0.0,0.0,0.0,short,False,False,False,False,,,,,,
MU,2026050904,0.0,0,-64.656,1.0,1,64.656,100,1,0.0,1.0,2026-05-09 04:00:00+00:00,0.0,0.0,0.0,0.0,short,False,False,False,False,,,,,,
MU,2026050905,0.0,0,-64.656,1.0,1,64.656,100,1,0.0,1.0,2026-05-09 05:00:00+00:00,0.0,0.0,0.0,0.0,short,False,False,False,False,,,,,,
SUI,2026050801,1.0,1,45632.1972,0.0,0,45632.1972,100,1,1.0,0.0,2026-05-08 01:00:00+00:00,,,,,long,False,False,False,False,0.9624,0.00041562759767233004,0.001974231088944345,0.005195344970906124,0.016105569409808673,0.12562344139650872
SUI,2026050802,1.0,1,45632.1972,0.0,0,45632.1972,100,1,1.0,0.0,2026-05-08 02:00:00+00:00,0.0,0.0,0.0,0.0,long,False,False,False,False,0.9628,0.0005193186539260708,0.00010386373078530298,0.010697964270876659,0.047777316161196515,0.13772330702118807
SUI,2026050803,1.0,1,45632.1972,0.0,0,45632.1972,100,1,1.0,0.0,2026-05-08 03:00:00+00:00,0.0,0.0,0.0,0.0,long,False,False,False,False,0.9633,0.0010380982040900655,-0.0014533374857261805,0.014429565036852443,0.03944773175542404,0.12342987646631376
SUI,2026050804,1.0,1,45632.1972,0.0,0,45632.1972,100,1,1.0,0.0,2026-05-08 04:00:00+00:00,0.0,0.0,0.0,0.0,long,False,False,False,False,0.9643,-0.0014518303432542456,0.0032147671886342266,0.017940474955926655,0.04127346261536857,0.12568702685886124
SUI,2026050805,1.0,1,45632.1972,0.0,0,45632.1972,100,1,1.0,0.0,2026-05-08 05:00:00+00:00,0.0,0.0,0.0,0.0,long,False,False,False,False,0.9629,-0.0010385294423096436,0.010593000311558853,0.01993976529234609,0.06376570775781487,0.1176653858136878
SUI,2026050806,1.0,1,45632.1972,0.0,0,45632.1972,100,1,1.0,0.0,2026-05-08 06:00:00+00:00,0.0,0.0,0.0,0.0,long,False,False,False,False,0.9619,0.005717850088366783,0.015906019336729305,0.0178812766399834,0.06289635097203461,0.11622829815989211
SUI,2026050807,1.0,1,45632.1972,0.0,0,45632.1972,100,1,1.0,0.0,2026-05-08 07:00:00+00:00,0.0,0.0,0.0,0.0,long,False,False,False,False,0.9674,0.005892081868926979,0.01467851974364276,0.010853835021707559,0.05830059954517264,0.1077113913582799
SUI,2026050808,1.0,1,45632.1972,0.0,0,45632.1972,100,1,1.0,0.0,2026-05-08 08:00:00+00:00,0.0,0.0,0.0,0.0,long,False,False,False,False,0.9731,0.004213338814099243,0.009248792518754545,0.03668687699105955,0.04912136471071826,0.1058472921590794
SUI,2026050823,1.0,1,8503.6523,0.0,0,8503.6523,100,1,1.0,0.0,2026-05-08 23:00:00+00:00,0.0,-37128.5449,-37128.5449,0.0,long,False,True,False,False,1.0213,0.061196514246548483,0.07255458729070785,0.05375501811416816,,
SUI,2026050901,1.0,1,8503.6523,0.0,0,8503.6523,100,1,1.0,0.0,2026-05-09 01:00:00+00:00,0.0,0.0,0.0,0.0,long,False,False,False,False,1.0833,0.011169574448444575,0.002030831717898973,-0.010800332317917327,,
SUI,2026050902,1.0,1,8503.6523,0.0,0,8503.6523,100,1,1.0,0.0,2026-05-09 02:00:00+00:00,0.0,0.0,0.0,0.0,long,False,False,False,False,1.0954,-0.012050392550666311,-0.01752784371006011,-0.017619134562716687,,
SUI,2026050903,1.0,1,8503.6523,0.0,0,8503.6523,100,1,1.0,0.0,2026-05-09 03:00:00+00:00,0.0,0.0,0.0,0.0,long,False,False,False,False,1.0822,0.0030493439290333324,-0.007854370726298243,,,
SUI,2026050904,1.0,1,8503.6523,0.0,0,8503.6523,100,1,1.0,0.0,2026-05-09 04:00:00+00:00,0.0,0.0,0.0,0.0,long,False,False,False,False,1.0855,-0.00856748042376776,-0.012805158912943204,,,
SUI,2026050905,1.0,1,8503.6523,0.0,0,8503.6523,100,1,1.0,0.0,2026-05-09 05:00:00+00:00,0.0,0.0,0.0,0.0,long,False,False,False,False,1.0762,-0.00232298829213895,-9.291953168555356e-05,,,
STRK,2026050818,0.0,0,-335.2680800000001,1.0,1,335.2680800000001,100,1,0.0,1.0,2026-05-08 18:00:00+00:00,,,,,short,False,False,False,False,0.05675,-0.001585903083700435,-0.0019383259911893713,-0.02431718061674004,0.10325991189427297,
STRK,2026050819,0.5,1,93886.03887000153,0.5,1,97357.83887000155,100,2,0.9821699,0.0178301,2026-05-08 19:00:00+00:00,1.0,97022.57079000155,94221.30695000153,0.9821699,long,True,False,False,False,0.05666,0.03988704553476885,-0.005471231909636498,-0.02047299682315573,0.032650900105894776,
STRK,2026050820,0.0,0,-80.61225000000032,1.0,1,80.61225000000032,100,1,0.0,1.0,2026-05-08 20:00:00+00:00,-1.0,-97277.22662000154,-93966.65112000154,-0.9821699,short,False,False,True,True,0.05892,-0.03869653767820769,-0.048540393754243016,-0.06636116768499656,-0.026306856754921948,
STRK,2026050821,0.0,0,-40.30612500000016,1.0,1,40.30612500000016,100,1,0.0,1.0,2026-05-08 21:00:00+00:00,0.0,-40.30612500000016,40.30612500000016,0.0,short,False,False,False,True,0.05664,-0.005120056497175285,-0.022422316384180796,-0.0031779661016949623,,
STRK,2026050901,0.0,0,-15064.290050000192,1.0,1,15064.290050000192,100,1,0.0,1.0,2026-05-09 01:00:00+00:00,0.0,15023.983925000191,-15023.983925000191,0.0,short,False,False,True,False,0.0555,-0.008828828828828739,0.032252252252252145,0.054234234234234124,,
STRK,2026050902,0.0,0,-15064.290050000192,1.0,1,15064.290050000192,100,1,0.0,1.0,2026-05-09 02:00:00+00:00,0.0,0.0,0.0,0.0,short,False,False,False,False,0.05501,0.026358843846573388,0.03508453008543899,0.04290129067442283,,
STRK,2026050903,0.0,0,-15064.290050000192,1.0,1,15064.290050000192,100,1,0.0,1.0,2026-05-09 03:00:00+00:00,0.0,0.0,0.0,0.0,short,False,False,False,False,0.05646,0.014700673042862267,0.10892667375132836,,,
STRK,2026050904,0.0,0,-15064.290050000192,1.0,1,15064.290050000192,100,1,0.0,1.0,2026-05-09 04:00:00+00:00,0.0,0.0,0.0,0.0,short,False,False,False,False,0.05729,-0.006109268633269438,0.021295164950253076,,,
STRK,2026050905,0.0,0,-15064.290050000192,1.0,1,15064.290050000192,100,1,0.0,1.0,2026-05-09 05:00:00+00:00,0.0,0.0,0.0,0.0,short,False,False,False,False,0.05694,0.09957850368809273,0.007551808921671954,,,
AAVE,2026050605,1.0,1,118524.13461223476,0.0,0,118524.13461223476,100,1,1.0,0.0,2026-05-06 05:00:00+00:00,,,,,long,False,False,False,False,93.78,0.000639795265515053,0.021326508850501247,0.019833653230965975,-0.005438259756877839,-0.005864789933887837
AAVE,2026050606,1.0,1,118525.96944880472,0.0,0,118525.96944880472,100,1,1.0,0.0,2026-05-06 06:00:00+00:00,0.0,1.8348365699639544,1.8348365699639544,0.0,long,True,False,False,False,93.84,0.005754475703324768,0.024403239556692213,0.01577152600170484,-0.007992327365728857,-0.0038363171355498826
AAVE,2026050607,1.0,1,118686.37429269176,0.0,0,118686.37429269176,100,1,1.0,0.0,2026-05-06 07:00:00+00:00,0.0,160.4048438870377,160.4048438870377,0.0,long,True,False,False,False,94.38,0.014833651197287523,0.016740834922652992,-0.01504556050010597,-0.00815850815850816,-0.0032845941936850975
AAVE,2026050608,1.0,1,118686.98772218444,0.0,0,118686.98772218444,100,1,1.0,0.0,2026-05-06 08:00:00+00:00,0.0,0.6134294926741859,0.6134294926741859,0.0,long,True,False,False,False,95.78,0.003654207558989375,-0.0014616830235957279,-0.027771977448319052,-0.019628314888285647,-0.019941532679056184
AAVE,2026050609,1.0,1,305614.6647649384,0.0,0,305614.6647649384,100,1,1.0,0.0,2026-05-06 09:00:00+00:00,0.0,186927.67704275396,186927.67704275396,0.0,long,True,False,False,False,96.13,-0.0017684385727660956,-0.00842608967023828,-0.028190991365858675,-0.017892437324456445,-0.02995942993862477
AAVE,2026050610,1.0,1,305459.11477819964,0.0,0,305459.11477819964,100,1,1.0,0.0,2026-05-06 10:00:00+00:00,0.0,-155.5499867387698,-155.5499867387698,0.0,long,False,True,False,False,95.96,-0.0033347228011670893,-0.03126302626094202,-0.02813672363484776,-0.023864110045852316,-0.024593580658607728
AAVE,2026050611,1.0,1,305689.3164045413,0.0,0,305689.3164045413,100,1,1.0,0.0,2026-05-06 11:00:00+00:00,0.0,230.20162634167355,230.20162634167355,0.0,long,True,False,False,False,95.64,-0.003345880384776345,-0.026348808030112858,-0.024780426599749106,-0.014219991635299079,-0.01955248849853619
AAVE,2026050612,1.0,1,305463.36003088305,0.0,0,305463.36003088305,100,1,1.0,0.0,2026-05-06 12:00:00+00:00,0.0,-225.95637365826406,-225.95637365826406,0.0,long,False,True,False,False,95.32,-0.02475870751154008,-0.019932857742341548,-0.023394880402853424,-0.022450692404532013,-0.011225346202266007
AAVE,2026050613,1.0,1,305919.51803088305,0.0,0,305919.51803088305,100,1,1.0,0.0,2026-05-06 13:00:00+00:00,0.0,456.1579999999958,456.1579999999958,0.0,long,True,False,False,False,92.96,0.001721170395869276,0.003227194492254837,0.006992254733218628,0.001075731497418353,-0.0005378657487090654
AAVE,2026050614,1.0,1,361773.91670632776,0.0,0,361773.91670632776,100,1,1.0,0.0,2026-05-06 14:00:00+00:00,0.0,55854.39867544471,55854.39867544471,0.0,long,True,False,False,False,93.12,0.003221649484536071,0.0016108247422679245,0.008376288659793785,-0.004188144329896892,-0.008913230240549797
AAVE,2026050615,1.0,1,493264.13910632784,0.0,0,493264.13910632784,100,1,1.0,0.0,2026-05-06 15:00:00+00:00,0.0,131490.2224000001,131490.2224000001,0.0,long,True,False,False,False,93.42,-0.0017126953543138423,-0.0035324341682723137,0.010597302504816941,-0.014236780132733884,-0.01166773710126312
AAVE,2026050616,1.0,1,492882.51734842313,0.0,0,492882.51734842313,100,1,1.0,0.0,2026-05-06 16:00:00+00:00,0.0,-381.6217579047079,-381.6217579047079,0.0,long,False,True,False,False,93.26,0.00010722710701260851,0.0037529487454428523,0.004396311387518725,-0.0048252198155693815,-0.011580527557366493
AAVE,2026050617,1.0,1,492260.0663258213,0.0,0,492260.0663258213,100,1,1.0,0.0,2026-05-06 17:00:00+00:00,0.0,-622.451022601861,-622.451022601861,0.0,long,False,True,False,False,93.27,-0.0019298809906721504,0.006754583467353026,0.010828776669883133,-0.0004288624423715026,-0.0058968585826095765
AAVE,2026050618,1.0,1,492111.11449566454,0.0,0,492111.11449566454,100,1,1.0,0.0,2026-05-06 18:00:00+00:00,0.0,-148.95183015672956,-148.95183015672956,0.0,long,False,True,False,False,93.09,0.0055859920507035365,0.014179825974862892,0.0009668063164680607,0.004189494038027819,-0.004834031582339748
AAVE,2026050619,1.0,1,24049.853287251084,0.0,0,24049.853287251084,100,1,1.0,0.0,2026-05-06 19:00:00+00:00,0.0,-468061.26120841346,-468061.26120841346,0.0,long,False,True,False,False,93.61,0.0030979596196987202,0.0006409571626964095,-0.005875440658049347,0.004914004914004844,-0.012285012285012331
AAVE,2026050620,1.0,1,24516.259287251083,0.0,0,24516.259287251083,100,1,1.0,0.0,2026-05-06 20:00:00+00:00,0.0,466.40599999999904,466.40599999999904,0.0,long,True,False,False,False,93.9,0.005431309904153192,0.004046858359957328,-0.012460063897763551,-0.00031948881789134465,-0.020021299254526226
AAVE,2026050621,1.0,1,24521.848594818952,0.0,0,24521.848594818952,100,1,1.0,0.0,2026-05-06 21:00:00+00:00,0.0,5.589307567868673,5.589307567868673,0.0,long,True,False,False,False,94.41,-0.007838152738057325,-0.013028280902446676,-0.024573668043639363,-0.012286834021819737,-0.026586166719627102
AAVE,2026050622,1.0,1,26133.553257679687,0.0,0,26133.553257679687,100,1,1.0,0.0,2026-05-06 22:00:00+00:00,0.0,1611.704662860735,1611.704662860735,0.0,long,True,False,False,False,93.67,0.006512223764278735,-0.006512223764278846,-0.009181167929966927,-0.0007473043663926981,-0.017081242660403673
AAVE,2026050623,1.0,1,25904.93100339701,0.0,0,25904.93100339701,100,1,1.0,0.0,2026-05-06 23:00:00+00:00,0.0,-228.6222542826763,-228.6222542826763,0.0,long,False,True,False,False,94.28,-0.011667373780229084,-0.016440390326686427,-0.01113703860840043,-0.005409418752651773,-0.020258803563852346
AAVE,2026050701,1.0,1,25906.26516593049,0.0,0,25906.26516593049,100,1,1.0,0.0,2026-05-07 01:00:00+00:00,0.0,1.3341625334796845,1.3341625334796845,0.0,long,True,False,False,False,93.06,-0.0035460992907800915,-0.0026864388566516517,0.010853212980872495,-0.001611863313990991,-0.0067698259187620735
AAVE,2026050702,1.0,1,25906.26516593049,0.0,0,25906.26516593049,100,1,1.0,0.0,2026-05-07 02:00:00+00:00,0.0,0.0,0.0,0.0,long,False,False,False,False,92.73,-0.006901757791437535,0.005391998274560494,0.01229375606599814,-0.004744958481613271,-0.002803839102771488
AAVE,2026050703,1.0,1,26133.063165930493,0.0,0,26133.063165930493,100,1,1.0,0.0,2026-05-07 03:00:00+00:00,0.0,226.7980000000025,226.7980000000025,0.0,long,True,False,False,False,92.09,0.007818438484091583,0.01509392985123248,0.012596373113258785,0.002606146161363787,0.004995113475947388
AAVE,2026050704,1.0,1,25679.931598812313,0.0,0,25679.931598812313,100,1,1.0,0.0,2026-05-07 04:00:00+00:00,0.0,-453.1315671181801,-453.1315671181801,0.0,long,False,True,False,False,92.81,0.004525374420859762,0.013576123262579287,0.008512013791617257,-0.006788061631289644,-0.001723952160327502
AAVE,2026050705,1.0,1,25681.87181525322,0.0,0,25681.87181525322,100,1,1.0,0.0,2026-05-07 05:00:00+00:00,0.0,1.940216440907534,1.940216440907534,0.0,long,True,False,False,False,93.23,0.0026815402767350616,0.006864743108441429,0.005792126997747449,-0.0054703421645393435,-0.006542958275233324
AAVE,2026050706,1.0,1,25228.706012322808,0.0,0,25228.706012322808,100,1,1.0,0.0,2026-05-07 06:00:00+00:00,0.0,-453.1658029304126,-453.1658029304126,0.0,long,False,True,False,False,93.48,0.006311510483525851,-0.00246041934103558,0.008237056054771097,-0.00898587933247752,-0.008878904578519475
AAVE,2026050707,1.0,1,25686.57201232281,0.0,0,25686.57201232281,100,1,1.0,0.0,2026-05-07 07:00:00+00:00,0.0,457.8660000000018,457.8660000000018,0.0,long,True,False,False,False,94.07,-0.002126076326140036,-0.004996279366429213,-0.012331242691612565,-0.017114914425427896,-0.01658339534389275
AAVE,2026050708,1.0,1,25460.957298415513,0.0,0,25460.957298415513,100,1,1.0,0.0,2026-05-07 08:00:00+00:00,0.0,-225.6147139072964,-225.6147139072964,0.0,long,False,True,False,False,93.87,-0.00660487908810059,-0.0010653030787259876,-0.01683178864386914,-0.019708106956429217,-0.015340364333652934
AAVE,2026050709,1.0,1,25917.253447477,0.0,0,25917.253447477,100,1,1.0,0.0,2026-05-07 09:00:00+00:00,0.0,456.2961490614871,456.2961490614871,0.0,long,True,False,False,False,93.25,0.0037533512064342744,0.01072386058981234,-0.009865951742627388,-0.014477211796246614,-0.009973190348525507
AAVE,2026050710,1.0,1,25915.987011397112,0.0,0,25915.987011397112,100,1,1.0,0.0,2026-05-07 10:00:00+00:00,0.0,-1.2664360798880807,-1.2664360798880807,0.0,long,False,True,False,False,93.6,0.0018162393162393098,-0.007371794871794846,-0.015170940170940006,-0.0163461538461539,-0.008012820512820484
AAVE,2026050711,1.0,1,26368.029011158247,0.0,0,26368.029011158247,100,1,1.0,0.0,2026-05-07 11:00:00+00:00,0.0,452.04199976113523,452.04199976113523,0.0,long,True,False,False,False,93.77,0.0051189079663005455,-0.01578329956275981,-0.011197611176282374,-0.014930148235043128,-0.012477338167857566
AAVE,2026050712,1.0,1,491304.1536111584,0.0,0,491304.1536111584,100,1,1.0,0.0,2026-05-07 12:00:00+00:00,0.0,464936.12460000016,464936.12460000016,0.0,long,True,False,False,False,94.25,-0.014217506631299726,-0.020371352785145902,-0.017082228116710896,-0.01931034482758609,-0.01931034482758609
AAVE,2026050713,1.0,1,491077.5288193617,0.0,0,491077.5288193617,100,1,1.0,0.0,2026-05-07 13:00:00+00:00,0.0,-226.62479179672664,-226.62479179672664,0.0,long,False,True,False,False,92.91,-0.006673124529114061,-0.00785706597782787,-0.0048433968356473844,-0.0051662899580238175,-0.004305241631686441
AAVE,2026050714,1.0,1,490850.904027565,0.0,0,490850.904027565,100,1,1.0,0.0,2026-05-07 14:00:00+00:00,0.0,-226.62479179672664,-226.62479179672664,0.0,long,False,True,False,False,92.29,0.00043341640481076027,0.004659226351717338,-0.002925560732473853,0.0019503738216490873,0.01246072163831391
AAVE,2026050715,1.0,1,490623.6101470291,0.0,0,490623.6101470291,100,1,1.0,0.0,2026-05-07 15:00:00+00:00,0.0,-227.29388053587172,-227.29388053587172,0.0,long,False,True,False,False,92.33,-0.001624607386548127,0.0033575219321997363,-0.0046572078414381934,0.002382757500270838,0.013971623524315024
AAVE,2026050716,1.0,1,490170.3722664933,0.0,0,490170.3722664933,100,1,1.0,0.0,2026-05-07 16:00:00+00:00,0.0,-453.2378805358312,-453.2378805358312,0.0,long,False,True,False,False,92.18,0.005858103710132179,0.0030375352571054837,-0.0011933174224345588,0.005098719895855863,0.01985246257322637
AAVE,2026050717,1.0,1,490173.1133262254,0.0,0,490173.1133262254,100,1,1.0,0.0,2026-05-07 17:00:00+00:00,0.0,2.7410597320995294,2.7410597320995294,0.0,long,True,False,False,False,92.72,-0.0008628127696289623,-0.007549611734253725,-0.0037748058671267515,-0.0010785159620362306,0.019305435720448738
AAVE,2026050718,1.0,1,490629.27132622537,0.0,0,490629.27132622537,100,1,1.0,0.0,2026-05-07 18:00:00+00:00,0.0,456.1579999999958,456.1579999999958,0.0,long,True,False,False,False,92.64,-0.0019430051813472682,-0.007987910189982683,-0.002266839378238239,0.0001079447322971383,0.02990069084628666
AAVE,2026050719,1.0,1,490402.7301794659,0.0,0,490402.7301794659,100,1,1.0,0.0,2026-05-07 19:00:00+00:00,0.0,-226.54114675946767,-226.54114675946767,0.0,long,False,True,False,False,92.46,-0.0047588146225394645,-0.004218040233614495,-0.0003244646333547818,0.0005407743889249694,0.029742591390871764
AAVE,2026050720,1.0,1,490404.5666060862,0.0,0,490404.5666060862,100,1,1.0,0.0,2026-05-07 20:00:00+00:00,0.0,1.836426620313432,1.836426620313432,0.0,long,True,False,False,False,92.02,-0.001304064333840338,0.003803520973701513,0.00489024125190185,0.0044555531406216264,0.03618778526407307
AAVE,2026050721,1.0,1,490177.88083050464,0.0,0,490177.88083050464,100,1,1.0,0.0,2026-05-07 21:00:00+00:00,0.0,-226.68577558157267,-226.68577558157267,0.0,long,False,True,False,False,91.9,0.0018498367791075498,0.005767138193688792,0.007072905331882318,0.004570184983677672,0.040043525571273
AAVE,2026050722,1.0,1,490860.83683050465,0.0,0,490860.83683050465,100,1,1.0,0.0,2026-05-07 22:00:00+00:00,0.0,682.9560000000056,682.9560000000056,0.0,long,True,False,False,False,92.07,0.00325839035516462,0.003910068426197677,0.006299554686651554,0.008471814923427745,0.041272944498751185
AAVE,2026050723,1.0,1,26598.488771759698,0.0,0,26598.488771759698,100,1,1.0,0.0,2026-05-07 23:00:00+00:00,0.0,-464262.348058745,-464262.348058745,0.0,long,False,True,False,False,92.37,0.0006495615459565229,0.0010826025765939828,0.00270650644148529,0.002489985926166449,0.037025008119519365
AAVE,2026050809,1.0,1,553358.7510000002,0.0,0,553358.7510000002,100,1,1.0,0.0,2026-05-08 09:00:00+00:00,0.0,526760.2622282405,526760.2622282405,0.0,long,True,False,False,False,92.32,0.005740901213171501,0.0011915077989603784,0.014081455805892595,0.03531195840554591,
AAVE,2026050810,1.0,1,830579.0254000003,0.0,0,830579.0254000003,100,1,1.0,0.0,2026-05-08 10:00:00+00:00,0.0,277220.2744000001,277220.2744000001,0.0,long,True,False,False,False,92.85,-0.002692514808831481,-0.0036618201400107075,0.012493268712977956,0.03252557889068397,
AAVE,2026050811,1.0,1,830579.0254000003,0.0,0,830579.0254000003,100,1,1.0,0.0,2026-05-08 11:00:00+00:00,0.0,0.0,0.0,0.0,long,False,False,False,False,92.6,-0.0018358531317492766,0.009071274298056098,0.020626349892008733,0.03444924406047534,
AAVE,2026050812,1.0,1,830579.0254000003,0.0,0,830579.0254000003,100,1,1.0,0.0,2026-05-08 12:00:00+00:00,0.0,0.0,0.0,0.0,long,False,False,False,False,92.43,0.0008655198528615404,0.012874607811316663,0.032240614519095434,0.0485773017418587,
AAVE,2026050813,1.0,1,830579.0254000003,0.0,0,830579.0254000003,100,1,1.0,0.0,2026-05-08 13:00:00+00:00,0.0,0.0,0.0,0.0,long,False,False,False,False,92.51,0.01005296724678395,0.016214463301264637,0.02918603394227648,0.06961409577342992,
AAVE,2026050814,1.0,1,830579.0254000003,0.0,0,830579.0254000003,100,1,1.0,0.0,2026-05-08 14:00:00+00:00,0.0,0.0,0.0,0.0,long,False,False,False,False,93.44,0.001926369863013866,0.011451198630137105,0.02044092465753411,0.05393835616438358,
AAVE,2026050815,1.0,1,830579.0254000003,0.0,0,830579.0254000003,100,1,1.0,0.0,2026-05-08 15:00:00+00:00,0.0,0.0,0.0,0.0,long,False,False,False,False,93.62,0.00416577654347372,0.01911984618671214,0.020935697500533923,0.04518265327921367,
AAVE,2026050816,1.0,1,830579.0254000003,0.0,0,830579.0254000003,100,1,1.0,0.0,2026-05-08 16:00:00+00:00,0.0,0.0,0.0,0.0,long,False,False,False,False,94.01,0.005318583129454213,0.0127645995106902,0.019785129241570054,0.03925114349537284,
AAVE,2026050817,1.0,1,830579.0254000003,0.0,0,830579.0254000003,100,1,1.0,0.0,2026-05-08 17:00:00+00:00,0.0,0.0,0.0,0.0,long,False,False,False,False,94.51,0.009522801819913163,0.008887948365252196,0.013543540366098838,0.02888583218706997,
AAVE,2026050818,1.0,1,830579.0254000003,0.0,0,830579.0254000003,100,1,1.0,0.0,2026-05-08 18:00:00+00:00,0.0,0.0,0.0,0.0,long,False,False,False,False,95.41,-0.00209621632952528,0.0017817838800964214,0.015826433287915442,0.019285190231632,
AAVE,2026050819,1.0,1,830579.0254000003,0.0,0,830579.0254000003,100,1,1.0,0.0,2026-05-08 19:00:00+00:00,0.0,0.0,0.0,0.0,long,False,False,False,False,95.21,0.0014704337779645194,0.006932044953261274,0.039281588068480255,0.013969120890662934,
AAVE,2026050820,1.0,1,830579.0254000003,0.0,0,830579.0254000003,100,1,1.0,0.0,2026-05-08 20:00:00+00:00,0.0,0.0,0.0,0.0,long,False,False,False,False,95.35,0.002412165705296232,0.004614577871001613,0.03282642894598853,0.016046145778709997,
AAVE,2026050821,1.0,1,830579.0254000003,0.0,0,830579.0254000003,100,1,1.0,0.0,2026-05-08 21:00:00+00:00,0.0,0.0,0.0,0.0,long,False,False,False,False,95.58,0.00303410755388156,0.014019669386901024,0.023749738439003965,,
AAVE,2026050822,1.0,1,830579.0254000003,0.0,0,830579.0254000003,100,1,1.0,0.0,2026-05-08 22:00:00+00:00,0.0,0.0,0.0,0.0,long,False,False,False,False,95.87,-0.0008344633357671993,0.032126838427036564,0.019088348805674338,,
AAVE,2026050823,1.0,1,830579.0254000003,0.0,0,830579.0254000003,100,1,1.0,0.0,2026-05-08 23:00:00+00:00,0.0,0.0,0.0,0.0,long,False,False,False,False,95.79,0.011796638480008337,0.02808226328426766,0.015137279465497366,,
AAVE,2026050901,1.0,1,830579.0254000003,0.0,0,830579.0254000003,100,1,1.0,0.0,2026-05-09 01:00:00+00:00,0.0,0.0,0.0,0.0,long,False,False,False,False,98.95,-0.004749873673572491,-0.01263264274886311,-0.02435573521980794,,
AAVE,2026050902,1.0,1,830579.0254000003,0.0,0,830579.0254000003,100,1,1.0,0.0,2026-05-09 02:00:00+00:00,0.0,0.0,0.0,0.0,long,False,False,False,False,98.48,-0.006397238017871731,-0.012591389114541163,-0.01624695369618201,,
AAVE,2026050903,1.0,1,830579.0254000003,0.0,0,830579.0254000003,100,1,1.0,0.0,2026-05-09 03:00:00+00:00,0.0,0.0,0.0,0.0,long,False,False,False,False,97.85,-0.0015329586101174852,-0.006131834440470052,,,
AAVE,2026050904,1.0,1,830579.0254000003,0.0,0,830579.0254000003,100,1,1.0,0.0,2026-05-09 04:00:00+00:00,0.0,0.0,0.0,0.0,long,False,False,False,False,97.7,-0.004708290685772831,-0.011873080859774787,,,
AAVE,2026050905,1.0,1,830579.0254000003,0.0,0,830579.0254000003,100,1,1.0,0.0,2026-05-09 05:00:00+00:00,0.0,0.0,0.0,0.0,long,False,False,False,False,97.24,0.00010283833813251597,-0.0037021801727683545,,,
NEAR,2026050605,1.0,1,49999.012000000024,0.0,0,49999.012000000024,100,1,1.0,0.0,2026-05-06 05:00:00+00:00,,,,,long,False,False,False,False,1.322,-0.0007564296520424785,0.07715582450832059,0.11951588502269272,0.13993948562783642,0.1361573373676248
NEAR,2026050606,1.0,1,49999.012000000024,0.0,0,49999.012000000024,100,1,1.0,0.0,2026-05-06 06:00:00+00:00,0.0,0.0,0.0,0.0,long,False,False,False,False,1.321,0.027252081756245383,0.06661619984859968,0.13323239969719913,0.13323239969719913,0.15442846328538984
NEAR,2026050607,1.0,1,49999.012000000024,0.0,0,49999.012000000024,100,1,1.0,0.0,2026-05-06 07:00:00+00:00,0.0,0.0,0.0,0.0,long,False,False,False,False,1.357,0.04937361827560793,0.06190125276344882,0.07811348563006648,0.10759027266027998,0.10759027266027998
NEAR,2026050608,1.0,1,49999.012000000024,0.0,0,49999.012000000024,100,1,1.0,0.0,2026-05-06 08:00:00+00:00,0.0,0.0,0.0,0.0,long,False,False,False,False,1.424,-0.010533707865168496,0.0393258426966292,0.03160112359550582,0.06390449438202239,0.03581460674157322
NEAR,2026050609,1.0,1,49999.012000000024,0.0,0,49999.012000000024,100,1,1.0,0.0,2026-05-06 09:00:00+00:00,0.0,0.0,0.0,0.0,long,False,False,False,False,1.409,0.022711142654364913,0.06245564229950329,0.07026259758694109,0.08232789212207225,0.045422285308729604
NEAR,2026050610,1.0,1,49999.012000000024,0.0,0,49999.012000000024,100,1,1.0,0.0,2026-05-06 10:00:00+00:00,0.0,0.0,0.0,0.0,long,False,False,False,False,1.441,0.02706453851492019,0.01526717557251911,0.05343511450381677,0.03192227619708543,0.02359472588480216
NEAR,2026050611,1.0,1,49999.012000000024,0.0,0,49999.012000000024,100,1,1.0,0.0,2026-05-06 11:00:00+00:00,0.0,0.0,0.0,0.0,long,False,False,False,False,1.48,0.011486486486486536,-0.007432432432432412,0.018243243243243112,0.00540540540540535,-0.004729729729729626
NEAR,2026050612,1.0,1,49999.012000000024,0.0,0,49999.012000000024,100,1,1.0,0.0,2026-05-06 12:00:00+00:00,0.0,0.0,0.0,0.0,long,False,False,False,False,1.497,-0.022712090848363453,0.007348029392117539,0.0,-0.004008016032064132,-0.0006680026720107257
NEAR,2026050613,1.0,1,49999.012000000024,0.0,0,49999.012000000024,100,1,1.0,0.0,2026-05-06 13:00:00+00:00,0.0,0.0,0.0,0.0,long,False,False,False,False,1.463,0.004101161995898828,0.03759398496240607,0.027341079972658777,0.004101161995898828,0.021872863978127155
NEAR,2026050614,1.0,1,49999.012000000024,0.0,0,49999.012000000024,100,1,1.0,0.0,2026-05-06 14:00:00+00:00,0.0,0.0,0.0,0.0,long,False,False,False,False,1.469,0.026548672566371723,0.025867937372362038,0.031313818924438186,0.010211027910142834,0.006126616746085611
NEAR,2026050615,1.0,1,49999.012000000024,0.0,0,49999.012000000024,100,1,1.0,0.0,2026-05-06 15:00:00+00:00,0.0,0.0,0.0,0.0,long,False,False,False,False,1.508,0.006631299734747964,-0.007294429708222694,0.011273209549071517,-0.01458885941644561,-0.01657824933687002
NEAR,2026050616,1.0,1,49999.012000000024,0.0,0,49999.012000000024,100,1,1.0,0.0,2026-05-06 16:00:00+00:00,0.0,0.0,0.0,0.0,long,False,False,False,False,1.518,-0.007246376811594235,-0.00988142292490124,-0.020421607378129036,-0.01910408432147559,-0.027009222661396493
NEAR,2026050617,1.0,1,49999.012000000024,0.0,0,49999.012000000024,100,1,1.0,0.0,2026-05-06 17:00:00+00:00,0.0,0.0,0.0,0.0,long,False,False,False,False,1.507,-0.006635700066356831,0.005308560053085554,-0.012607830126078245,-0.0033178500331784155,-0.013271400132713884
NEAR,2026050618,1.0,1,49999.012000000024,0.0,0,49999.012000000024,100,1,1.0,0.0,2026-05-06 18:00:00+00:00,0.0,0.0,0.0,0.0,long,False,False,False,False,1.497,0.00400801603206391,0.01870407481629921,-0.004008016032064132,0.01870407481629921,-0.01870407481629932
NEAR,2026050619,1.0,1,49999.012000000024,0.0,0,49999.012000000024,100,1,1.0,0.0,2026-05-06 19:00:00+00:00,0.0,0.0,0.0,0.0,long,False,False,False,False,1.503,0.007984031936127733,-0.01064537591483683,-0.02262142381902843,0.0,-0.029274783765801615
NEAR,2026050620,1.0,1,49999.012000000024,0.0,0,49999.012000000024,100,1,1.0,0.0,2026-05-06 20:00:00+00:00,0.0,0.0,0.0,0.0,long,False,False,False,False,1.515,0.0066006600660066805,-0.017821782178217727,-0.020462046204620443,-0.026402640264026278,-0.038943894389438904
NEAR,2026050621,1.0,1,49999.012000000024,0.0,0,49999.012000000024,100,1,1.0,0.0,2026-05-06 21:00:00+00:00,0.0,0.0,0.0,0.0,long,False,False,False,False,1.525,-0.02491803278688509,-0.02229508196721297,-0.025573770491803205,-0.03409836065573757,-0.04393442622950816
NEAR,2026050622,1.0,1,49999.012000000024,0.0,0,49999.012000000024,100,1,1.0,0.0,2026-05-06 22:00:00+00:00,0.0,0.0,0.0,0.0,long,False,False,False,False,1.487,0.0006724949562877391,-0.012104909213180859,0.0013449899125757003,-0.00806993947545398,-0.01748486886348355
NEAR,2026050623,1.0,1,49999.012000000024,0.0,0,49999.012000000024,100,1,1.0,0.0,2026-05-06 23:00:00+00:00,0.0,0.0,0.0,0.0,long,False,False,False,False,1.488,0.0020161290322582293,-0.0026881720430107503,0.009408602150537737,-0.010080645161290258,-0.012096774193548376
NEAR,2026050701,1.0,1,49999.012000000024,0.0,0,49999.012000000024,100,1,1.0,0.0,2026-05-07 01:00:00+00:00,0.0,0.0,0.0,0.0,long,False,False,False,False,1.469,0.010211027910142834,0.013614703880190593,0.023144996596323963,0.017699115044247815,0.0
NEAR,2026050702,1.0,1,49999.012000000024,0.0,0,49999.012000000024,100,1,1.0,0.0,2026-05-07 02:00:00+00:00,0.0,0.0,0.0,0.0,long,False,False,False,False,1.484,0.0013477088948787852,0.0121293800539084,-0.006064690026954089,-0.0040431266846361336,-0.0040431266846361336
NEAR,2026050703,1.0,1,49999.012000000024,0.0,0,49999.012000000024,100,1,1.0,0.0,2026-05-07 03:00:00+00:00,0.0,0.0,0.0,0.0,long,False,False,False,False,1.486,0.0020188425302827273,0.026244952893674345,-0.008748317631224745,-0.0020188425302826163,-0.003364737550470953
NEAR,2026050704,1.0,1,49999.012000000024,0.0,0,49999.012000000024,100,1,1.0,0.0,2026-05-07 04:00:00+00:00,0.0,0.0,0.0,0.0,long,False,False,False,False,1.489,0.008730691739422314,0.009402283411685586,-0.009402283411685697,-0.008059100067159153,-0.006715916722632609
NEAR,2026050705,1.0,1,49999.012000000024,0.0,0,49999.012000000024,100,1,1.0,0.0,2026-05-07 05:00:00+00:00,0.0,0.0,0.0,0.0,long,False,False,False,False,1.502,0.015312916111850816,-0.01797603195739006,-0.01930758988015968,-0.009986684420772218,-0.011984021304926817
NEAR,2026050706,1.0,1,49999.012000000024,0.0,0,49999.012000000024,100,1,1.0,0.0,2026-05-07 06:00:00+00:00,0.0,0.0,0.0,0.0,long,False,False,False,False,1.525,-0.01442622950819672,-0.03409836065573757,-0.019016393442622848,-0.03672131147540969,-0.02229508196721297
NEAR,2026050707,1.0,1,49999.012000000024,0.0,0,49999.012000000024,100,1,1.0,0.0,2026-05-07 07:00:00+00:00,0.0,0.0,0.0,0.0,long,False,False,False,False,1.503,-0.018629407850964563,-0.018629407850964563,-0.005322687957418304,-0.029274783765801615,0.019294743845642115
NEAR,2026050708,1.0,1,49999.012000000024,0.0,0,49999.012000000024,100,1,1.0,0.0,2026-05-07 08:00:00+00:00,0.0,0.0,0.0,0.0,long,False,False,False,False,1.475,-0.0013559322033898091,-0.0013559322033898091,0.0020338983050847137,-0.01288135593220352,0.04677966101694908
NEAR,2026050709,1.0,1,49999.012000000024,0.0,0,49999.012000000024,100,1,1.0,0.0,2026-05-07 09:00:00+00:00,0.0,0.0,0.0,0.0,long,False,False,False,False,1.473,0.0013577732518670338,0.015614392396469778,0.006788866259334725,-0.010183299389002087,0.0570264765784112
NEAR,2026050710,1.0,1,49999.012000000024,0.0,0,49999.012000000024,100,1,1.0,0.0,2026-05-07 10:00:00+00:00,0.0,0.0,0.0,0.0,long,False,False,False,False,1.475,-0.0013559322033898091,0.013559322033898313,0.0013559322033898091,-0.009491525423728775,0.05355932203389835
NEAR,2026050711,1.0,1,49999.012000000024,0.0,0,49999.012000000024,100,1,1.0,0.0,2026-05-07 11:00:00+00:00,0.0,0.0,0.0,0.0,long,False,False,False,False,1.473,0.015614392396469778,0.0033944331296673624,0.00950441276306857,-0.0020366598778004397,0.05159538357094351
NEAR,2026050712,1.0,1,49999.012000000024,0.0,0,49999.012000000024,100,1,1.0,0.0,2026-05-07 12:00:00+00:00,0.0,0.0,0.0,0.0,long,False,False,False,False,1.496,-0.0006684491978609097,-0.008689839572192493,-0.018048128342245895,-0.016711229946523964,0.03074866310160429
NEAR,2026050713,1.0,1,49999.012000000024,0.0,0,49999.012000000024,100,1,1.0,0.0,2026-05-07 13:00:00+00:00,0.0,0.0,0.0,0.0,long,False,False,False,False,1.495,-0.011371237458194017,-0.012040133779264273,-0.024080267558528434,-0.017391304347826098,0.028762541806020003
NEAR,2026050714,1.0,1,49999.012000000024,0.0,0,49999.012000000024,100,1,1.0,0.0,2026-05-07 14:00:00+00:00,0.0,0.0,0.0,0.0,long,False,False,False,False,1.478,0.003382949932341006,0.006089309878213989,-0.014884979702300405,0.0,0.06427604871447912
NEAR,2026050715,1.0,1,49999.012000000024,0.0,0,49999.012000000024,100,1,1.0,0.0,2026-05-07 15:00:00+00:00,0.0,0.0,0.0,0.0,long,False,False,False,False,1.483,-0.004045853000674282,-0.009440323668240103,-0.01685772083614301,-0.0013486176668914274,0.059339177343223026
NEAR,2026050716,1.0,1,49999.012000000024,0.0,0,49999.012000000024,100,1,1.0,0.0,2026-05-07 16:00:00+00:00,0.0,0.0,0.0,0.0,long,False,False,False,False,1.477,0.00677048070413,-0.012186865267433955,-0.010832769126608022,0.0013540961408260443,0.06364251861882186
NEAR,2026050717,1.0,1,49999.012000000024,0.0,0,49999.012000000024,100,1,1.0,0.0,2026-05-07 17:00:00+00:00,0.0,0.0,0.0,0.0,long,False,False,False,False,1.487,-0.012104909213180859,-0.0208473436449228,-0.01143241425689312,-0.0020174848688635505,0.03698722259583054
NEAR,2026050718,1.0,1,49999.012000000024,0.0,0,49999.012000000024,100,1,1.0,0.0,2026-05-07 18:00:00+00:00,0.0,0.0,0.0,0.0,long,False,False,False,False,1.469,-0.006807351940095296,-0.0074880871341048705,0.001361470388019148,0.014976174268209741,0.06126616746085767
NEAR,2026050719,1.0,1,49999.012000000024,0.0,0,49999.012000000024,100,1,1.0,0.0,2026-05-07 19:00:00+00:00,0.0,0.0,0.0,0.0,long,False,False,False,False,1.459,-0.0020562028786841324,0.001370801919122755,0.006854009595613331,0.05003427004797811,0.07607950651130913
NEAR,2026050720,1.0,1,49999.012000000024,0.0,0,49999.012000000024,100,1,1.0,0.0,2026-05-07 20:00:00+00:00,0.0,0.0,0.0,0.0,long,False,False,False,False,1.456,0.0013736263736263687,0.009615384615384581,0.015109890109890056,0.06043956043956045,0.08379120879120894
NEAR,2026050721,1.0,1,49999.012000000024,0.0,0,49999.012000000024,100,1,1.0,0.0,2026-05-07 21:00:00+00:00,0.0,0.0,0.0,0.0,long,False,False,False,False,1.458,0.002057613168724437,0.008916323731138709,0.01577503429355298,0.06790123456790131,0.094650205761317
NEAR,2026050722,1.0,1,49999.012000000024,0.0,0,49999.012000000024,100,1,1.0,0.0,2026-05-07 22:00:00+00:00,0.0,0.0,0.0,0.0,long,False,False,False,False,1.461,0.006160164271047153,0.005475701574264136,0.012320328542094527,0.06365503080082124,0.09034907597535935
NEAR,2026050723,1.0,1,49999.012000000024,0.0,0,49999.012000000024,100,1,1.0,0.0,2026-05-07 23:00:00+00:00,0.0,0.0,0.0,0.0,long,False,False,False,False,1.47,0.0006802721088436936,0.0054421768707482165,0.00952380952380949,0.05374149659863936,0.08571428571428585
NEAR,2026050801,1.0,1,49999.012000000024,0.0,0,49999.012000000024,100,1,1.0,0.0,2026-05-08 01:00:00+00:00,0.0,0.0,0.0,0.0,long,False,False,False,False,1.469,0.006126616746085611,0.006807351940095296,0.04288631722260039,0.04697072838665761,0.08373042886317217
NEAR,2026050802,1.0,1,49999.012000000024,0.0,0,49999.012000000024,100,1,1.0,0.0,2026-05-08 02:00:00+00:00,0.0,0.0,0.0,0.0,long,False,False,False,False,1.478,0.002029769959404737,0.004059539918809252,0.044654939106901326,0.06427604871447912,0.07780784844384292
NEAR,2026050803,1.0,1,49999.012000000024,0.0,0,49999.012000000024,100,1,1.0,0.0,2026-05-08 03:00:00+00:00,0.0,0.0,0.0,0.0,long,False,False,False,False,1.481,-0.0013504388926400823,0.006752194463200523,0.051316677920324016,0.060769750168804704,0.07224848075624579
NEAR,2026050804,1.0,1,49999.012000000024,0.0,0,49999.012000000024,100,1,1.0,0.0,2026-05-08 04:00:00+00:00,0.0,0.0,0.0,0.0,long,False,False,False,False,1.479,0.0033806626098713544,0.03583502366463831,0.05070993914807298,0.06220419202163607,0.06828938471940504
NEAR,2026050805,1.0,1,49999.012000000024,0.0,0,49999.012000000024,100,1,1.0,0.0,2026-05-08 05:00:00+00:00,0.0,0.0,0.0,0.0,long,False,False,False,False,1.484,0.004716981132075526,0.040431266846361114,0.043800539083557855,0.03908355795148255,0.06469002695417791
NEAR,2026050806,1.0,1,49999.012000000024,0.0,0,49999.012000000024,100,1,1.0,0.0,2026-05-08 06:00:00+00:00,0.0,0.0,0.0,0.0,long,False,False,False,False,1.491,0.02749832327297108,0.044265593561368055,0.03420523138832987,0.0456069751844399,0.06371562709590872
NEAR,2026050807,1.0,1,49999.012000000024,0.0,0,49999.012000000024,100,1,1.0,0.0,2026-05-08 07:00:00+00:00,0.0,0.0,0.0,0.0,long,False,False,False,False,1.532,0.007832898172323688,0.01436031331592691,0.003916449086161844,0.024804177545691974,0.026762402088772896
NEAR,2026050808,1.0,1,49999.012000000024,0.0,0,49999.012000000024,100,1,1.0,0.0,2026-05-08 08:00:00+00:00,0.0,0.0,0.0,0.0,long,False,False,False,False,1.544,0.008419689119171014,0.0032383419689119286,0.018782383419688964,0.022020725388601115,0.01943005181347157
NEAR,2026050809,1.0,1,49999.012000000024,0.0,0,49999.012000000024,100,1,1.0,0.0,2026-05-08 09:00:00+00:00,0.0,0.0,0.0,0.0,long,False,False,False,False,1.557,-0.0019267822736029894,-0.009633911368015391,0.008991650610147728,0.025048169556840083,
NEAR,2026050810,1.0,1,49999.012000000024,0.0,0,49999.012000000024,100,1,1.0,0.0,2026-05-08 10:00:00+00:00,0.0,0.0,0.0,0.0,long,False,False,False,False,1.554,-0.003217503217503248,-0.01029601029601035,0.010939510939510955,0.025096525096525157,
NEAR,2026050811,1.0,1,49999.012000000024,0.0,0,49999.012000000024,100,1,1.0,0.0,2026-05-08 11:00:00+00:00,0.0,0.0,0.0,0.0,long,False,False,False,False,1.549,-0.004519044544867623,0.015493867010974771,-0.004519044544867623,0.030342156229825834,
NEAR,2026050812,1.0,1,49999.012000000024,0.0,0,49999.012000000024,100,1,1.0,0.0,2026-05-08 12:00:00+00:00,0.0,0.0,0.0,0.0,long,False,False,False,False,1.542,-0.0025940337224383825,0.018806744487678273,0.011024643320363126,0.03242542153048,
NEAR,2026050813,1.0,1,49999.012000000024,0.0,0,49999.012000000024,100,1,1.0,0.0,2026-05-08 13:00:00+00:00,0.0,0.0,0.0,0.0,long,False,False,False,False,1.538,0.022756827048114436,0.021456436931079237,0.02080624187256186,0.03511053315994794,
NEAR,2026050814,1.0,1,49999.012000000024,0.0,0,49999.012000000024,100,1,1.0,0.0,2026-05-08 14:00:00+00:00,0.0,0.0,0.0,0.0,long,False,False,False,False,1.573,-0.0012714558169103496,-0.019707565162110585,0.0031786395422759295,0.012714558169103718,
NEAR,2026050815,1.0,1,49999.012000000024,0.0,0,49999.012000000024,100,1,1.0,0.0,2026-05-08 15:00:00+00:00,0.0,0.0,0.0,0.0,long,False,False,False,False,1.571,0.0,-0.007638446849140723,0.01591343093570985,0.010821133036282626,
NEAR,2026050816,1.0,1,49999.012000000024,0.0,0,49999.012000000024,100,1,1.0,0.0,2026-05-08 16:00:00+00:00,0.0,0.0,0.0,0.0,long,False,False,False,False,1.571,-0.01845957988542324,-0.0006365372374282918,0.01400381922342464,0.005728835136855626,
NEAR,2026050817,1.0,1,49999.012000000024,0.0,0,49999.012000000024,100,1,1.0,0.0,2026-05-08 17:00:00+00:00,0.0,0.0,0.0,0.0,long,False,False,False,False,1.542,0.011024643320363126,0.023346303501945442,0.035019455252918386,0.024643320363164634,
NEAR,2026050818,1.0,1,49999.012000000024,0.0,0,49999.012000000024,100,1,1.0,0.0,2026-05-08 18:00:00+00:00,0.0,0.0,0.0,0.0,long,False,False,False,False,1.559,0.007055805003207238,0.023733162283515075,0.021167415009621715,0.017318794098781343,
NEAR,2026050819,1.0,1,49999.012000000024,0.0,0,49999.012000000024,100,1,1.0,0.0,2026-05-08 19:00:00+00:00,0.0,0.0,0.0,0.0,long,False,False,False,False,1.57,0.005095541401273884,0.014649681528662306,0.014012738853503182,0.0019108280254775956,
NEAR,2026050820,1.0,1,49999.012000000024,0.0,0,49999.012000000024,100,1,1.0,0.0,2026-05-08 20:00:00+00:00,0.0,0.0,0.0,0.0,long,False,False,False,False,1.578,0.011406844106463865,0.011406844106463865,0.009505703422053147,-0.0025348542458808465,
NEAR,2026050821,1.0,1,49999.012000000024,0.0,0,49999.012000000024,100,1,1.0,0.0,2026-05-08 21:00:00+00:00,0.0,0.0,0.0,0.0,long,False,False,False,False,1.596,-0.00187969924812037,-0.0025062656641604564,-0.005012531328320802,,
NEAR,2026050822,1.0,1,49999.012000000024,0.0,0,49999.012000000024,100,1,1.0,0.0,2026-05-08 22:00:00+00:00,0.0,0.0,0.0,0.0,long,False,False,False,False,1.593,0.0018832391713747842,-0.0006277463904581504,-0.008160703075957287,,
NEAR,2026050823,1.0,1,49999.012000000024,0.0,0,49999.012000000024,100,1,1.0,0.0,2026-05-08 23:00:00+00:00,0.0,0.0,0.0,0.0,long,False,False,False,False,1.596,-0.0025062656641604564,-0.00187969924812037,-0.010025062656641603,,
NEAR,2026050901,1.0,1,49999.012000000024,0.0,0,49999.012000000024,100,1,1.0,0.0,2026-05-09 01:00:00+00:00,0.0,0.0,0.0,0.0,long,False,False,False,False,1.592,0.0006281407035175768,-0.007537688442211032,-0.011934673366834292,,
NEAR,2026050902,1.0,1,49999.012000000024,0.0,0,49999.012000000024,100,1,1.0,0.0,2026-05-09 02:00:00+00:00,0.0,0.0,0.0,0.0,long,False,False,False,False,1.593,-0.003138731952291196,-0.008160703075957287,-0.011927181418706745,,
NEAR,2026050903,1.0,1,49999.012000000024,0.0,0,49999.012000000024,100,1,1.0,0.0,2026-05-09 03:00:00+00:00,0.0,0.0,0.0,0.0,long,False,False,False,False,1.588,-0.005037783375314908,-0.0012594458438287548,,,
NEAR,2026050904,1.0,1,49999.012000000024,0.0,0,49999.012000000024,100,1,1.0,0.0,2026-05-09 04:00:00+00:00,0.0,0.0,0.0,0.0,long,False,False,False,False,1.58,0.0,-0.004430379746835467,,,
NEAR,2026050905,1.0,1,49999.012000000024,0.0,0,49999.012000000024,100,1,1.0,0.0,2026-05-09 05:00:00+00:00,0.0,0.0,0.0,0.0,long,False,False,False,False,1.58,0.0037974683544304,-0.0037974683544304,,,
EWY,2026050605,1.0,1,291061.9001,0.0,0,291061.9001,100,1,1.0,0.0,2026-05-06 05:00:00+00:00,,,,,long,False,False,False,False,179.87,-0.0047812308889754185,0.01156390726635892,0.01562239395118703,0.005893145049202131,0.014010118418857909
EWY,2026050606,1.0,1,291061.9001,0.0,0,291061.9001,100,1,1.0,0.0,2026-05-06 06:00:00+00:00,0.0,0.0,0.0,0.0,long,False,False,False,False,179.01,0.0036869448634153645,0.016982291492095625,0.01201050220658062,0.015920898273839468,0.02161890397184507
EWY,2026050607,1.0,1,384309.9071,0.0,0,384309.9071,100,1,1.0,0.0,2026-05-06 07:00:00+00:00,0.0,93248.00699999998,93248.00699999998,0.0,long,True,False,False,False,179.67,0.012689931541158828,0.02543552067679644,0.0018367006177992806,0.013190849891467682,0.022708298547336803
EWY,2026050608,1.0,1,384309.9071,0.0,0,384309.9071,100,1,1.0,0.0,2026-05-06 08:00:00+00:00,0.0,0.0,0.0,0.0,long,False,False,False,False,181.95,0.0005496015388843922,0.004012091233855486,-0.011816433086012545,-0.001538884308876054,0.0032426490794175145
EWY,2026050609,1.0,1,384309.9071,0.0,0,384309.9071,100,1,1.0,0.0,2026-05-06 09:00:00+00:00,0.0,0.0,0.0,0.0,long,False,False,False,False,182.05,0.012029662180719658,-0.00488876682230166,-0.006097226036803183,-0.008788794287283852,-0.0043943971436418705
EWY,2026050610,1.0,1,384309.9071,0.0,0,384309.9071,100,1,1.0,0.0,2026-05-06 10:00:00+00:00,0.0,0.0,0.0,0.0,long,False,False,False,False,184.24,-0.0084672166739036,-0.023013460703430355,-0.021493703864524538,-0.016011723838471603,-0.01427485887972213
EWY,2026050611,1.0,1,384309.9071,0.0,0,384309.9071,100,1,1.0,0.0,2026-05-06 11:00:00+00:00,0.0,0.0,0.0,0.0,long,False,False,False,False,182.68,-0.008320560543026101,-0.015765272607838776,-0.009579592730457609,-0.0036128749726297427,-0.004433982920954649
EWY,2026050612,1.0,1,384309.9071,0.0,0,384309.9071,100,1,1.0,0.0,2026-05-06 12:00:00+00:00,0.0,0.0,0.0,0.0,long,False,False,False,False,181.16,-0.006403179509825496,-0.001214396113932481,0.003863987635239763,-0.017608743652020253,0.004195186575402854
EWY,2026050613,1.0,1,384309.9071,0.0,0,384309.9071,100,1,1.0,0.0,2026-05-06 13:00:00+00:00,0.0,0.0,0.0,0.0,long,False,False,False,False,180.0,-0.0011111111111110628,0.0015555555555555323,0.011333333333333195,0.0005555555555554204,0.004944444444444418
EWY,2026050614,1.0,1,384309.9071,0.0,0,384309.9071,100,1,1.0,0.0,2026-05-06 14:00:00+00:00,0.0,0.0,0.0,0.0,long,False,False,False,False,179.8,0.006340378197997598,0.006284760845383763,0.010400444938820863,0.0018909899888763793,0.009844271412680738
EWY,2026050615,1.0,1,384309.9071,0.0,0,384309.9071,100,1,1.0,0.0,2026-05-06 15:00:00+00:00,0.0,0.0,0.0,0.0,long,False,False,False,False,180.94,-0.0036476179949154197,0.0050845584171550495,-0.0027080800265282257,-0.005913562506908332,-0.009948049077042165
EWY,2026050616,1.0,1,384309.9071,0.0,0,384309.9071,100,1,1.0,0.0,2026-05-06 16:00:00+00:00,0.0,0.0,0.0,0.0,long,False,False,False,False,180.28,0.003605502551586426,0.009762591524295594,0.005602396272464949,-0.0017195473707566356,-0.01242511648546707
EWY,2026050617,1.0,1,384309.9071,0.0,0,384309.9071,100,1,1.0,0.0,2026-05-06 17:00:00+00:00,0.0,0.0,0.0,0.0,long,False,False,False,False,180.93,0.0051401094345879805,0.004089979550102152,0.006024429337312842,0.008069419112363807,-0.01597302824296698
EWY,2026050618,1.0,1,384309.9071,0.0,0,384309.9071,100,1,1.0,0.0,2026-05-06 18:00:00+00:00,0.0,0.0,0.0,0.0,long,False,False,False,False,181.86,0.0009897723523588642,-0.007753216760145287,-0.02139008028153533,0.0056087099967006004,-0.022599802045529582
EWY,2026050619,1.0,1,384309.9071,0.0,0,384309.9071,100,1,1.0,0.0,2026-05-06 19:00:00+00:00,0.0,0.0,0.0,0.0,long,False,False,False,False,182.04,-0.002032520325203291,-0.004119973632168761,-0.01065699846187651,0.009393539881344726,-0.028455284552845406
EWY,2026050620,1.0,1,384309.9071,0.0,0,384309.9071,100,1,1.0,0.0,2026-05-06 20:00:00+00:00,0.0,0.0,0.0,0.0,long,False,False,False,False,181.67,-0.0067154731105850685,0.0019265701546762326,-0.008421863819012554,0.004788902955909169,-0.02190785490174485
EWY,2026050621,1.0,1,384309.9071,0.0,0,384309.9071,100,1,1.0,0.0,2026-05-06 21:00:00+00:00,0.0,0.0,0.0,0.0,long,False,False,False,False,180.45,0.004655029093931784,-0.013743419229703457,-0.0032141867553338033,0.0044333610418398894,
EWY,2026050622,1.0,1,384309.9071,0.0,0,384309.9071,100,1,1.0,0.0,2026-05-06 22:00:00+00:00,0.0,0.0,0.0,0.0,long,False,False,False,False,181.29,0.004026697556401393,-0.006564068619339114,-0.007281151745821557,0.0017651276959569362,
EWY,2026050623,1.0,1,384309.9071,0.0,0,384309.9071,100,1,1.0,0.0,2026-05-06 23:00:00+00:00,0.0,0.0,0.0,0.0,long,False,False,False,False,182.02,-0.022250302164597335,-0.01032853532578848,0.002032743654543312,-0.0008240852653554898,
EWY,2026050701,1.0,1,384309.9071,0.0,0,384309.9071,100,1,1.0,0.0,2026-05-07 01:00:00+00:00,0.0,0.0,0.0,0.0,long,False,False,False,False,180.1,0.0002220988339811658,-0.0007218212104386224,0.020266518600777328,0.004386451971127192,
EWY,2026050702,1.0,1,384309.9071,0.0,0,384309.9071,100,1,1.0,0.0,2026-05-07 02:00:00+00:00,0.0,0.0,0.0,0.0,long,False,False,False,False,180.14,-0.001498834240035385,0.012490285333629503,0.013322971022537988,0.007938270234262301,
EWY,2026050703,1.0,1,384309.9071,0.0,0,384309.9071,100,1,1.0,0.0,2026-05-07 03:00:00+00:00,0.0,0.0,0.0,0.0,long,False,False,False,False,179.87,0.0005559570801134672,0.016734308111413743,0.007672207705565093,-0.004058486684828,
EWY,2026050704,1.0,1,384309.9071,0.0,0,384309.9071,100,1,1.0,0.0,2026-05-07 04:00:00+00:00,0.0,0.0,0.0,0.0,long,False,False,False,False,179.97,0.013446685558704097,0.02100350058343059,0.009112629882758405,-0.010724009557148473,
EWY,2026050705,1.0,1,384309.9071,0.0,0,384309.9071,100,1,1.0,0.0,2026-05-07 05:00:00+00:00,0.0,0.0,0.0,0.0,long,False,False,False,False,182.39,0.0026865507977411607,0.0008224135095125096,-0.0028510334996435516,-0.023849991775864887,
EWY,2026050706,1.0,1,384309.9071,0.0,0,384309.9071,100,1,1.0,0.0,2026-05-07 06:00:00+00:00,0.0,0.0,0.0,0.0,long,False,False,False,False,182.88,0.004757217847769057,-0.00891294838145229,-0.005249343832021025,-0.028051181102362155,
EWY,2026050707,1.0,1,384309.9071,0.0,0,384309.9071,100,1,1.0,0.0,2026-05-07 07:00:00+00:00,0.0,0.0,0.0,0.0,long,False,False,False,False,183.75,-0.00658503401360544,-0.011646258503401286,-0.015564625850340241,-0.03749659863945576,
EWY,2026050708,1.0,1,384309.9071,0.0,0,384309.9071,100,1,1.0,0.0,2026-05-07 08:00:00+00:00,0.0,0.0,0.0,0.0,long,False,False,False,False,182.54,-0.0070669442314013065,-0.0036704283992549103,-0.005313903801906439,-0.026569519009532083,
EWY,2026050709,1.0,1,384309.9071,0.0,0,384309.9071,100,1,1.0,0.0,2026-05-07 09:00:00+00:00,0.0,0.0,0.0,0.0,long,False,False,False,False,181.25,0.001986206896551712,0.003696551724137853,-0.011641379310344924,,
EWY,2026050710,1.0,1,384309.9071,0.0,0,384309.9071,100,1,1.0,0.0,2026-05-07 10:00:00+00:00,0.0,0.0,0.0,0.0,long,False,False,False,False,181.61,0.0014316392269146938,-0.003964539397610434,-0.019657507846484346,,
EWY,2026050711,1.0,1,384309.9071,0.0,0,384309.9071,100,1,1.0,0.0,2026-05-07 11:00:00+00:00,0.0,0.0,0.0,0.0,long,False,False,False,False,181.87,0.0002749216473303395,-0.0016495298839831474,-0.021058998185517153,,
EWY,2026050712,1.0,1,384309.9071,0.0,0,384309.9071,100,1,1.0,0.0,2026-05-07 12:00:00+00:00,0.0,0.0,0.0,0.0,long,False,False,False,False,181.92,-0.0056618293755497096,-0.01528144239226037,-0.022922163588390387,,
EWY,2026050713,1.0,1,384309.9071,0.0,0,384309.9071,100,1,1.0,0.0,2026-05-07 13:00:00+00:00,0.0,0.0,0.0,0.0,long,False,False,False,False,180.89,0.0037591906683620557,-0.01575543147769365,-0.022278732931615752,,
EWY,2026050714,1.0,1,384309.9071,0.0,0,384309.9071,100,1,1.0,0.0,2026-05-07 14:00:00+00:00,0.0,0.0,0.0,0.0,long,False,False,False,False,181.57,-0.013383268161039852,-0.019441537698959066,-0.021369168915569725,,
EWY,2026050715,1.0,1,384309.9071,0.0,0,384309.9071,100,1,1.0,0.0,2026-05-07 15:00:00+00:00,0.0,0.0,0.0,0.0,long,False,False,False,False,179.14,-0.006140448810985744,-0.007759294406609274,,,
EWY,2026050716,1.0,1,384309.9071,0.0,0,384309.9071,100,1,1.0,0.0,2026-05-07 16:00:00+00:00,0.0,0.0,0.0,0.0,long,False,False,False,False,178.04,0.0,-0.006627724106942123,,,
EWY,2026050717,1.0,1,384309.9071,0.0,0,384309.9071,100,1,1.0,0.0,2026-05-07 17:00:00+00:00,0.0,0.0,0.0,0.0,long,False,False,False,False,178.04,-0.0016288474500112393,-0.0019658503707031816,,,
EWY,2026050718,1.0,1,384309.9071,0.0,0,384309.9071,100,1,1.0,0.0,2026-05-07 18:00:00+00:00,0.0,0.0,0.0,0.0,long,False,False,False,False,177.75,-0.005007032348804397,,,,
EWY,2026050719,1.0,1,384309.9071,0.0,0,384309.9071,100,1,1.0,0.0,2026-05-07 19:00:00+00:00,0.0,0.0,0.0,0.0,long,False,False,False,False,176.86,0.004692977496324691,,,,
EWY,2026050720,1.0,1,384309.9071,0.0,0,384309.9071,100,1,1.0,0.0,2026-05-07 20:00:00+00:00,0.0,0.0,0.0,0.0,long,False,False,False,False,177.69,,,,,
EWY,2026050721,1.0,1,384309.9071,0.0,0,384309.9071,100,1,1.0,0.0,2026-05-07 21:00:00+00:00,0.0,0.0,0.0,0.0,long,False,False,False,False,,,,,,
EWY,2026050722,1.0,1,384309.9071,0.0,0,384309.9071,100,1,1.0,0.0,2026-05-07 22:00:00+00:00,0.0,0.0,0.0,0.0,long,False,False,False,False,,,,,,
EWY,2026050723,1.0,1,384309.9071,0.0,0,384309.9071,100,1,1.0,0.0,2026-05-07 23:00:00+00:00,0.0,0.0,0.0,0.0,long,False,False,False,False,,,,,,
EWY,2026050801,1.0,1,384309.9071,0.0,0,384309.9071,100,1,1.0,0.0,2026-05-08 01:00:00+00:00,0.0,0.0,0.0,0.0,long,False,False,False,False,,,,,,
EWY,2026050802,1.0,1,384309.9071,0.0,0,384309.9071,100,1,1.0,0.0,2026-05-08 02:00:00+00:00,0.0,0.0,0.0,0.0,long,False,False,False,False,,,,,,
EWY,2026050803,1.0,1,384309.9071,0.0,0,384309.9071,100,1,1.0,0.0,2026-05-08 03:00:00+00:00,0.0,0.0,0.0,0.0,long,False,False,False,False,,,,,,
EWY,2026050804,1.0,1,384309.9071,0.0,0,384309.9071,100,1,1.0,0.0,2026-05-08 04:00:00+00:00,0.0,0.0,0.0,0.0,long,False,False,False,False,,,,,,
EWY,2026050805,1.0,1,384309.9071,0.0,0,384309.9071,100,1,1.0,0.0,2026-05-08 05:00:00+00:00,0.0,0.0,0.0,0.0,long,False,False,False,False,,,,,,
EWY,2026050806,1.0,1,384309.9071,0.0,0,384309.9071,100,1,1.0,0.0,2026-05-08 06:00:00+00:00,0.0,0.0,0.0,0.0,long,False,False,False,False,,,,,,
EWY,2026050807,1.0,1,384309.9071,0.0,0,384309.9071,100,1,1.0,0.0,2026-05-08 07:00:00+00:00,0.0,0.0,0.0,0.0,long,False,False,False,False,,,,,,
EWY,2026050808,1.0,1,384309.9071,0.0,0,384309.9071,100,1,1.0,0.0,2026-05-08 08:00:00+00:00,0.0,0.0,0.0,0.0,long,False,False,False,False,,,,,,
EWY,2026050809,1.0,1,384309.9071,0.0,0,384309.9071,100,1,1.0,0.0,2026-05-08 09:00:00+00:00,0.0,0.0,0.0,0.0,long,False,False,False,False,,,,,,
EWY,2026050810,1.0,1,384309.9071,0.0,0,384309.9071,100,1,1.0,0.0,2026-05-08 10:00:00+00:00,0.0,0.0,0.0,0.0,long,False,False,False,False,,,,,,
EWY,2026050811,1.0,1,384309.9071,0.0,0,384309.9071,100,1,1.0,0.0,2026-05-08 11:00:00+00:00,0.0,0.0,0.0,0.0,long,False,False,False,False,,,,,,
EWY,2026050812,1.0,1,384309.9071,0.0,0,384309.9071,100,1,1.0,0.0,2026-05-08 12:00:00+00:00,0.0,0.0,0.0,0.0,long,False,False,False,False,,,,,,
EWY,2026050813,1.0,1,384309.9071,0.0,0,384309.9071,100,1,1.0,0.0,2026-05-08 13:00:00+00:00,0.0,0.0,0.0,0.0,long,False,False,False,False,,,,,,
EWY,2026050814,1.0,1,384309.9071,0.0,0,384309.9071,100,1,1.0,0.0,2026-05-08 14:00:00+00:00,0.0,0.0,0.0,0.0,long,False,False,False,False,,,,,,
EWY,2026050815,1.0,1,384309.9071,0.0,0,384309.9071,100,1,1.0,0.0,2026-05-08 15:00:00+00:00,0.0,0.0,0.0,0.0,long,False,False,False,False,,,,,,
EWY,2026050816,1.0,1,384309.9071,0.0,0,384309.9071,100,1,1.0,0.0,2026-05-08 16:00:00+00:00,0.0,0.0,0.0,0.0,long,False,False,False,False,,,,,,
EWY,2026050817,1.0,1,382760.52923244954,0.0,0,382760.52923244954,100,1,1.0,0.0,2026-05-08 17:00:00+00:00,0.0,-1549.3778675504727,-1549.3778675504727,0.0,long,False,True,False,False,,,,,,
EWY,2026050818,1.0,1,369843.26358417026,0.0,0,369843.26358417026,100,1,1.0,0.0,2026-05-08 18:00:00+00:00,0.0,-12917.26564827928,-12917.26564827928,0.0,long,False,True,False,False,,,,,,
EWY,2026050819,1.0,1,369843.26358417026,0.0,0,369843.26358417026,100,1,1.0,0.0,2026-05-08 19:00:00+00:00,0.0,0.0,0.0,0.0,long,False,False,False,False,,,,,,
EWY,2026050820,1.0,1,369843.26358417026,0.0,0,369843.26358417026,100,1,1.0,0.0,2026-05-08 20:00:00+00:00,0.0,0.0,0.0,0.0,long,False,False,False,False,,,,,,
EWY,2026050821,1.0,1,369843.26358417026,0.0,0,369843.26358417026,100,1,1.0,0.0,2026-05-08 21:00:00+00:00,0.0,0.0,0.0,0.0,long,False,False,False,False,,,,,,
ADA,2026050607,1.0,1,3831.902,0.0,0,3831.902,100,1,1.0,0.0,2026-05-06 07:00:00+00:00,,,,,long,False,False,False,False,0.2648,0.02681268882175214,0.0226586102719033,0.0011329305135951984,0.00566465256797577,0.013217522658610203
ADA,2026050608,1.0,1,3831.902,0.0,0,3831.902,100,1,1.0,0.0,2026-05-06 08:00:00+00:00,0.0,0.0,0.0,0.0,long,False,False,False,False,0.2719,0.0033100404560499896,-0.0007355645457888249,-0.02280250091945557,-0.020963589554983342,-0.015079073188672298
ADA,2026050609,1.0,1,8104.014000000003,0.0,0,8104.014000000003,100,1,1.0,0.0,2026-05-06 09:00:00+00:00,0.0,4272.112000000003,4272.112000000003,0.0,long,True,False,False,False,0.2728,-0.007331378299120228,-0.003665689149560114,-0.019428152492668493,-0.01576246334310838,-0.021994134897360684
ADA,2026050610,1.0,1,6098.924084516131,0.0,0,6098.924084516131,100,1,1.0,0.0,2026-05-06 10:00:00+00:00,0.0,-2005.0899154838717,-2005.0899154838717,0.0,long,False,True,False,False,0.2708,0.0033234859675037587,-0.021048744460856694,-0.015140324963072382,-0.018833087149187522,-0.014032496307237685
ADA,2026050611,1.0,1,6098.924084516131,0.0,0,6098.924084516131,100,1,1.0,0.0,2026-05-06 11:00:00+00:00,0.0,0.0,0.0,0.0,long,False,False,False,False,0.2717,0.0003680529996319404,-0.022083179977916867,-0.022451232977548696,-0.01803459698196541,-0.014354066985646008
ADA,2026050612,1.0,1,3821.9575703225823,0.0,0,3821.9575703225823,100,1,1.0,0.0,2026-05-06 12:00:00+00:00,0.0,-2276.966514193549,-2276.966514193549,0.0,long,False,True,False,False,0.2718,-0.024650478292862377,-0.015820456217807144,-0.02207505518763797,-0.02391464311994118,-0.010301692420897623
ADA,2026050613,1.0,1,3821.9575703225823,0.0,0,3821.9575703225823,100,1,1.0,0.0,2026-05-06 13:00:00+00:00,0.0,0.0,0.0,0.0,long,False,False,False,False,0.2651,0.0022632968691058686,0.006035458317615872,0.004526593738211959,0.0,0.003394945303659025
ADA,2026050614,1.0,1,3821.9575703225823,0.0,0,3821.9575703225823,100,1,1.0,0.0,2026-05-06 14:00:00+00:00,0.0,0.0,0.0,0.0,long,False,False,False,False,0.2657,0.006774557771923373,-0.00037636432066234793,0.0018818216033120727,-0.004140007527286382,-0.007527286413248069
ADA,2026050615,1.0,1,3821.9575703225823,0.0,0,3821.9575703225823,100,1,1.0,0.0,2026-05-06 15:00:00+00:00,0.0,0.0,0.0,0.0,long,False,False,False,False,0.2675,-0.0029906542056075125,-0.006355140186915964,0.0037383177570093906,-0.014579439252336512,-0.021682242990654355
ADA,2026050622,1.0,1,13257.283000000043,0.0,0,13257.283000000043,100,1,1.0,0.0,2026-05-06 22:00:00+00:00,0.0,9435.325429677461,9435.325429677461,0.0,long,True,False,False,False,0.2657,0.004140007527286382,-0.0022581859239744206,-0.0018818216033119617,0.0048927361686113,-0.015054572826496027
ADA,2026050623,1.0,1,26002.847000000205,0.0,0,26002.847000000205,100,1,1.0,0.0,2026-05-06 23:00:00+00:00,0.0,12745.564000000162,12745.564000000162,0.0,long,True,False,False,False,0.2668,-0.005622188905547221,-0.008245877061469176,-0.002623688155921955,0.0037481259370315545,-0.016116941529235262
ADA,2026050701,1.0,1,26002.847000000205,0.0,0,26002.847000000205,100,1,1.0,0.0,2026-05-07 01:00:00+00:00,0.0,0.0,0.0,0.0,long,False,False,False,False,0.2651,-0.0018860807242550015,0.0003772161448509781,0.012070916635231965,0.003394945303659025,-0.012825348924934032
ADA,2026050702,1.0,1,26002.847000000205,0.0,0,26002.847000000205,100,1,1.0,0.0,2026-05-07 02:00:00+00:00,0.0,0.0,0.0,0.0,long,False,False,False,False,0.2646,-0.0037792894935751997,0.005668934240362855,0.012093726379440506,-0.003401360544217691,-0.013227513227513255
ADA,2026050703,1.0,1,26002.847000000205,0.0,0,26002.847000000205,100,1,1.0,0.0,2026-05-07 03:00:00+00:00,0.0,0.0,0.0,0.0,long,False,False,False,False,0.2636,0.006069802731411222,0.01479514415781491,0.012139605462822445,-0.007207890743550882,-0.007207890743550882
ADA,2026050704,1.0,1,26002.847000000205,0.0,0,26002.847000000205,100,1,1.0,0.0,2026-05-07 04:00:00+00:00,0.0,0.0,0.0,0.0,long,False,False,False,False,0.2652,0.0033936651583710287,0.011689291101055765,0.006787330316742279,-0.012820512820512886,-0.011689291101055765
ADA,2026050705,1.0,1,26002.847000000205,0.0,0,26002.847000000205,100,1,1.0,0.0,2026-05-07 05:00:00+00:00,0.0,0.0,0.0,0.0,long,False,False,False,False,0.2661,0.005261180007515964,0.0063885757234121154,0.0063885757234121154,-0.013528748590755368,-0.018789928598271333
ADA,2026050706,1.0,1,12591.38474943692,0.0,0,12591.38474943692,100,1,1.0,0.0,2026-05-07 06:00:00+00:00,0.0,-13411.462250563285,-13411.462250563285,0.0,long,False,True,False,False,0.2675,0.0029906542056072905,-0.0026168224299066845,0.005607476635514086,-0.01607476635514027,-0.02317757009345811
ADA,2026050707,1.0,1,12591.38474943692,0.0,0,12591.38474943692,100,1,1.0,0.0,2026-05-07 07:00:00+00:00,0.0,0.0,0.0,0.0,long,False,False,False,False,0.2683,-0.00186358553857624,-0.004845322400298002,-0.008572493477450482,-0.02049944092433842,-0.02385389489377543
ADA,2026050708,1.0,1,17134.341749436935,0.0,0,17134.341749436935,100,1,1.0,0.0,2026-05-07 08:00:00+00:00,0.0,4542.957000000015,4542.957000000015,0.0,long,True,False,False,False,0.2678,-0.0037341299477221535,0.0,-0.015309932785660951,-0.0235250186706496,-0.016803584764749857
ADA,2026050709,1.0,1,17134.341749436935,0.0,0,17134.341749436935,100,1,1.0,0.0,2026-05-07 09:00:00+00:00,0.0,0.0,0.0,0.0,long,False,False,False,False,0.2668,0.0007496251874063997,0.008245877061469509,-0.01911544227886053,-0.020239880059969906,-0.013118440779610219
ADA,2026050710,1.0,1,17134.341749436935,0.0,0,17134.341749436935,100,1,1.0,0.0,2026-05-07 10:00:00+00:00,0.0,0.0,0.0,0.0,long,False,False,False,False,0.267,0.0029962546816477698,-0.0037453183520599342,-0.019475655430711725,-0.019850187265917696,-0.011985018726591856
ADA,2026050711,1.0,1,17134.341749436935,0.0,0,17134.341749436935,100,1,1.0,0.0,2026-05-07 11:00:00+00:00,0.0,0.0,0.0,0.0,long,False,False,False,False,0.2678,0.004480955937266717,-0.015309932785660951,-0.019790888722927447,-0.019790888722927447,-0.013816280806572045
ADA,2026050712,1.0,1,17134.341749436935,0.0,0,17134.341749436935,100,1,1.0,0.0,2026-05-07 12:00:00+00:00,0.0,0.0,0.0,0.0,long,False,False,False,False,0.269,-0.01115241635687736,-0.027137546468401608,-0.021561338289962872,-0.02639405204460965,-0.019330855018587445
ADA,2026050713,1.0,1,17134.341749436935,0.0,0,17134.341749436935,100,1,1.0,0.0,2026-05-07 13:00:00+00:00,0.0,0.0,0.0,0.0,long,False,False,False,False,0.266,-0.008646616541353458,-0.015789473684210686,-0.012030075187970057,-0.016165413533834716,-0.007894736842105177
ADA,2026050714,1.0,1,17134.341749436935,0.0,0,17134.341749436935,100,1,1.0,0.0,2026-05-07 14:00:00+00:00,0.0,0.0,0.0,0.0,long,False,False,False,False,0.2637,-0.007584376185058805,-0.00455062571103515,-0.008342813803564608,-0.009859689040576325,0.013272658323852937
ADA,2026050715,1.0,1,17134.341749436935,0.0,0,17134.341749436935,100,1,1.0,0.0,2026-05-07 15:00:00+00:00,0.0,0.0,0.0,0.0,long,False,False,False,False,0.2617,0.00038211692777978534,0.0057317539166985565,-0.001146350783339578,0.0,0.017577378677875455
ADA,2026050716,1.0,1,12576.176025622732,0.0,0,12576.176025622732,100,1,1.0,0.0,2026-05-07 16:00:00+00:00,0.0,-4558.165723814203,-4558.165723814203,0.0,long,False,True,False,False,0.2618,0.002673796791444083,0.0038197097020626902,-0.0003819709702062024,0.0011459129106188293,0.02291825821237592
ADA,2026050717,1.0,1,12576.176025622732,0.0,0,12576.176025622732,100,1,1.0,0.0,2026-05-07 17:00:00+00:00,0.0,0.0,0.0,0.0,long,False,False,False,False,0.2625,0.002666666666666595,-0.003809523809523818,0.0,-0.005333333333333412,0.031619047619047436
ADA,2026050718,1.0,1,12576.176025622732,0.0,0,12576.176025622732,100,1,1.0,0.0,2026-05-07 18:00:00+00:00,0.0,0.0,0.0,0.0,long,False,False,False,False,0.2632,-0.001519756838905817,-0.006838905775075843,-0.004939209726443683,-0.007218844984802519,0.03381458966565365
ADA,2026050719,1.0,1,12576.176025622732,0.0,0,12576.176025622732,100,1,1.0,0.0,2026-05-07 19:00:00+00:00,0.0,0.0,0.0,0.0,long,False,False,False,False,0.2628,-0.0049467275494671226,-0.004185692541856856,-0.004185692541856856,-0.003424657534246367,0.0338660578386607
ADA,2026050720,1.0,1,12576.176025622732,0.0,0,12576.176025622732,100,1,1.0,0.0,2026-05-07 20:00:00+00:00,0.0,0.0,0.0,0.0,long,False,False,False,False,0.2615,-0.00038240917782017547,0.003824091778202643,-0.001529636711281146,0.006883365200764713,0.037858508604206254
ADA,2026050721,1.0,1,7760.051098068753,0.0,0,7760.051098068753,100,1,1.0,0.0,2026-05-07 21:00:00+00:00,0.0,-4816.1249275539785,-4816.1249275539785,0.0,long,False,True,False,False,0.2614,0.0011476664116296664,0.0019127773527161107,0.0011476664116296664,0.007268553940321221,0.04055087987758221
ADA,2026050722,1.0,1,22005.397098068956,0.0,0,22005.397098068956,100,1,1.0,0.0,2026-05-07 22:00:00+00:00,0.0,14245.346000000201,14245.346000000201,0.0,long,True,False,False,False,0.2617,0.003056935422239393,0.0,0.0015284677111195855,0.008024455483377935,0.050439434466946764
ADA,2026050723,1.0,1,28421.341098069002,0.0,0,28421.341098069002,100,1,1.0,0.0,2026-05-07 23:00:00+00:00,0.0,6415.944000000047,6415.944000000047,0.0,long,True,False,False,False,0.2625,-0.0022857142857142243,-0.005333333333333412,-0.005333333333333412,0.0060952380952381535,0.041523809523809296
ADA,2026050801,1.0,1,44210.45509806907,0.0,0,44210.45509806907,100,1,1.0,0.0,2026-05-08 01:00:00+00:00,0.0,15789.114000000067,15789.114000000067,0.0,long,True,False,False,False,0.2617,-0.002292701566679378,0.0015284677111195855,0.0007642338555600148,0.008406572411157942,0.060374474589224514
ADA,2026050802,1.0,1,45263.08009806909,0.0,0,45263.08009806909,100,1,1.0,0.0,2026-05-08 02:00:00+00:00,0.0,1052.6250000000218,1052.6250000000218,0.0,long,True,False,False,False,0.2611,0.0022979701263883268,0.0,0.00842589046342379,0.023362696284948248,0.06051321332822668
ADA,2026050803,1.0,1,45263.08009806909,0.0,0,45263.08009806909,100,1,1.0,0.0,2026-05-08 03:00:00+00:00,0.0,0.0,0.0,0.0,long,False,False,False,False,0.2617,0.0015284677111195855,-0.0015284677111196965,0.006113870844478342,0.017577378677875455,0.055789071455865535
ADA,2026050804,1.0,1,45263.08009806909,0.0,0,45263.08009806909,100,1,1.0,0.0,2026-05-08 04:00:00+00:00,0.0,0.0,0.0,0.0,long,False,False,False,False,0.2621,-0.0038153376573827336,-0.0007630675314764801,0.006486074017550525,0.021747424647081237,0.053796260969095844
ADA,2026050805,1.0,1,45263.08009806909,0.0,0,45263.08009806909,100,1,1.0,0.0,2026-05-08 05:00:00+00:00,0.0,0.0,0.0,0.0,long,False,False,False,False,0.2611,0.0007659900421292942,0.00842589046342379,0.011489850631941856,0.03715051704327843,0.05476828801225575
ADA,2026050806,1.0,1,45263.08009806909,0.0,0,45263.08009806909,100,1,1.0,0.0,2026-05-08 06:00:00+00:00,0.0,0.0,0.0,0.0,long,False,False,False,False,0.2613,0.0022962112514353095,0.007654037504783773,0.009567546880979716,0.04133180252583246,0.05510907003444321
ADA,2026050807,1.0,1,45263.08009806909,0.0,0,45263.08009806909,100,1,1.0,0.0,2026-05-08 07:00:00+00:00,0.0,0.0,0.0,0.0,long,False,False,False,False,0.2619,0.005345551737304222,0.0072546773577699675,0.0076365024818632055,0.037418862161129995,0.04925544100801815
ADA,2026050808,1.0,1,45263.08009806909,0.0,0,45263.08009806909,100,1,1.0,0.0,2026-05-08 08:00:00+00:00,0.0,0.0,0.0,0.0,long,False,False,False,False,0.2633,0.0,0.0030383592859857256,0.014812001519179718,0.030763387770603945,0.047094568932776415
ADA,2026050809,1.0,1,45263.08009806909,0.0,0,45263.08009806909,100,1,1.0,0.0,2026-05-08 09:00:00+00:00,0.0,0.0,0.0,0.0,long,False,False,False,False,0.2633,0.0018989745537409952,0.0018989745537409952,0.011393847322445971,0.033042157235093184,
ADA,2026050810,1.0,1,45263.08009806909,0.0,0,45263.08009806909,100,1,1.0,0.0,2026-05-08 10:00:00+00:00,0.0,0.0,0.0,0.0,long,False,False,False,False,0.2638,0.0011372251705838998,0.000379075056861522,0.015163002274450443,0.04207733131159963,
ADA,2026050811,1.0,1,45263.08009806909,0.0,0,45263.08009806909,100,1,1.0,0.0,2026-05-08 11:00:00+00:00,0.0,0.0,0.0,0.0,long,False,False,False,False,0.2641,-0.0011359333585764242,0.011737978038621755,0.02536917834153729,0.03521393411586504,
ADA,2026050812,1.0,1,45263.08009806909,0.0,0,45263.08009806909,100,1,1.0,0.0,2026-05-08 12:00:00+00:00,0.0,0.0,0.0,0.0,long,False,False,False,False,0.2638,0.000379075056861522,0.009476876421531388,0.031463229719484564,0.04169825625473855,
ADA,2026050813,1.0,1,45263.08009806909,0.0,0,45263.08009806909,100,1,1.0,0.0,2026-05-08 13:00:00+00:00,0.0,0.0,0.0,0.0,long,False,False,False,False,0.2639,0.012504736642667602,0.01477832512315258,0.029556650246305383,0.051534672224327505,
ADA,2026050814,1.0,1,45263.08009806909,0.0,0,45263.08009806909,100,1,1.0,0.0,2026-05-08 14:00:00+00:00,0.0,0.0,0.0,0.0,long,False,False,False,False,0.2672,-0.0033682634730539673,0.013473053892215647,0.01571856287425133,0.036302395209580895,
ADA,2026050815,1.0,1,45263.08009806909,0.0,0,45263.08009806909,100,1,1.0,0.0,2026-05-08 15:00:00+00:00,0.0,0.0,0.0,0.0,long,False,False,False,False,0.2663,0.00563274502440847,0.021779947427713164,0.021404431092752585,0.03755163349605706,
ADA,2026050816,1.0,1,45263.08009806909,0.0,0,45263.08009806909,100,1,1.0,0.0,2026-05-08 16:00:00+00:00,0.0,0.0,0.0,0.0,long,False,False,False,False,0.2678,0.011202389843166571,0.014563106796116498,0.026512322628827523,0.031366691560866355,
ADA,2026050817,1.0,1,45263.08009806909,0.0,0,45263.08009806909,100,1,1.0,0.0,2026-05-08 17:00:00+00:00,0.0,0.0,0.0,0.0,long,False,False,False,False,0.2708,0.004800590841949948,0.0022156573116691725,0.009601181683899451,0.016986706056129952,
ADA,2026050818,1.0,1,45263.08009806909,0.0,0,45263.08009806909,100,1,1.0,0.0,2026-05-08 18:00:00+00:00,0.0,0.0,0.0,0.0,long,False,False,False,False,0.2721,-0.0014700477765527964,-0.0003675119441381991,0.009922822491730932,0.013230429988974501,
ADA,2026050819,1.0,1,45263.08009806909,0.0,0,45263.08009806909,100,1,1.0,0.0,2026-05-08 19:00:00+00:00,0.0,0.0,0.0,0.0,long,False,False,False,False,0.2717,-0.0011041589988959322,0.011777695988222314,0.021347073978652986,0.011409642988590374,
ADA,2026050820,1.0,1,45263.08009806909,0.0,0,45263.08009806909,100,1,1.0,0.0,2026-05-08 20:00:00+00:00,0.0,0.0,0.0,0.0,long,False,False,False,False,0.2714,0.002210759027266196,0.007369196757553542,0.020265291083271908,0.01584377302873996,
ADA,2026050821,1.0,1,44203.87753508323,0.0,0,44203.87753508323,100,1,1.0,0.0,2026-05-08 21:00:00+00:00,0.0,-1059.2025629858617,-1059.2025629858617,0.0,long,False,True,False,False,0.272,0.010661764705882204,0.010294117647058787,0.015808823529411598,,
ADA,2026050822,1.0,1,45254.04553508325,0.0,0,45254.04553508325,100,1,1.0,0.0,2026-05-08 22:00:00+00:00,0.0,1050.1680000000197,1050.1680000000197,0.0,long,True,False,False,False,0.2749,-0.005456529647144381,0.009457984721717105,0.004728992360858664,,
ADA,2026050823,1.0,1,11732.139037401645,0.0,0,11732.139037401645,100,1,1.0,0.0,2026-05-08 23:00:00+00:00,0.0,-33521.9064976816,-33521.9064976816,0.0,long,False,True,False,False,0.2734,0.00512070226773953,0.012801755669348935,0.007315288953913646,,
SHIB,2026050605,1.0,1,10698.1238,0.0,0,10698.1238,100,1,1.0,0.0,2026-05-06 05:00:00+00:00,,,,,long,False,False,False,False,6.446e-06,-0.00698107353397448,0.0055848588271796284,0.00899782811045613,-0.011790257524045833,-0.019391870927707
SHIB,2026050606,1.0,1,10698.1238,0.0,0,10698.1238,100,1,1.0,0.0,2026-05-06 06:00:00+00:00,0.0,0.0,0.0,0.0,long,False,False,False,False,6.401e-06,0.0010935791282611351,0.017497266052179272,0.014372754257147236,-0.00359318856428692,-0.004842993282299646
SHIB,2026050607,1.0,1,10698.1238,0.0,0,10698.1238,100,1,1.0,0.0,2026-05-06 07:00:00+00:00,0.0,0.0,0.0,0.0,long,False,False,False,False,6.408e-06,0.011548064918851297,0.01388888888888884,-0.004681647940074973,-0.002184769038701684,-0.004369538077403257
SHIB,2026050608,1.0,1,10698.1238,0.0,0,10698.1238,100,1,1.0,0.0,2026-05-06 08:00:00+00:00,0.0,0.0,0.0,0.0,long,False,False,False,False,6.482e-06,0.004782474544893667,0.00339401419315033,-0.01866707806232648,-0.013730330145017011,-0.016815797593335402
SHIB,2026050609,1.0,1,10698.1238,0.0,0,10698.1238,100,1,1.0,0.0,2026-05-06 09:00:00+00:00,0.0,0.0,0.0,0.0,long,False,False,False,False,6.513e-06,-0.0024566252111163367,-0.003070781513895282,-0.021649009672961794,-0.011515430677107363,-0.025026869338246605
SHIB,2026050610,1.0,2,11970.1238,0.0,0,11970.1238,100,2,1.0,0.0,2026-05-06 10:00:00+00:00,1.0,1272.0,1272.0,0.0,long,True,False,False,False,6.497e-06,0.0010774203478529643,-0.018316145913498505,-0.0161613052177928,-0.016007388025242486,-0.026165922733569325
SHIB,2026050611,1.0,2,55524.33831,0.0,0,55524.33831,100,2,1.0,0.0,2026-05-06 11:00:00+00:00,0.0,43554.21451,43554.21451,0.0,long,True,False,False,False,6.504e-06,-0.001691266912669076,-0.021986469864698654,-0.02060270602706027,-0.014452644526445346,-0.02567650676506772
SHIB,2026050612,1.0,2,55524.33831,0.0,0,55524.33831,100,2,1.0,0.0,2026-05-06 12:00:00+00:00,0.0,0.0,0.0,0.0,long,False,False,False,False,6.493e-06,-0.017711381487756084,-0.0186354535653781,-0.017711381487756084,-0.024333898044047397,-0.016479285384260023
SHIB,2026050613,1.0,2,55524.33831,0.0,0,55524.33831,100,2,1.0,0.0,2026-05-06 13:00:00+00:00,0.0,0.0,0.0,0.0,long,False,False,False,False,6.378e-06,-0.002665412354970198,0.002195045468799117,0.002508623392913245,-0.010348071495766664,-0.011915961116337415
SHIB,2026050614,1.0,2,55524.33831,0.0,0,55524.33831,100,2,1.0,0.0,2026-05-06 14:00:00+00:00,0.0,0.0,0.0,0.0,long,False,False,False,False,6.361e-06,0.0017292878478227802,0.0014148718754913858,0.00503065555730231,-0.006917151391290677,-0.014777550699575426
SHIB,2026050615,1.0,2,55524.33831,0.0,0,55524.33831,100,2,1.0,0.0,2026-05-06 15:00:00+00:00,0.0,0.0,0.0,0.0,long,False,False,False,False,6.372e-06,0.003138731952291307,0.0009416195856872811,0.010357815442561202,-0.013025737602008758,-0.019617074701820503
SHIB,2026050616,1.0,2,55524.33831,0.0,0,55524.33831,100,2,1.0,0.0,2026-05-06 16:00:00+00:00,0.0,0.0,0.0,0.0,long,False,False,False,False,6.392e-06,-0.003441802252815984,0.0003128911138923218,0.0001564455569460499,-0.010638297872340385,-0.02252816020025028
SHIB,2026050617,1.0,2,55524.33831,0.0,0,55524.33831,100,2,1.0,0.0,2026-05-06 17:00:00+00:00,0.0,0.0,0.0,0.0,long,False,False,False,False,6.37e-06,0.0012558869701726483,0.0036106750392463915,0.006279434850863463,-0.007692307692307665,-0.013971742543171128
SHIB,2026050618,1.0,1,44826.21451,0.0,0,44826.21451,100,1,1.0,0.0,2026-05-06 18:00:00+00:00,-1.0,-10698.123800000001,-10698.123800000001,0.0,long,False,True,False,False,6.378e-06,0.002508623392913245,0.00940733772342428,-0.0067419253684539715,-0.0012543116964565115,-0.01489495139542174
SHIB,2026050619,1.0,1,44826.21451,0.0,0,44826.21451,100,1,1.0,0.0,2026-05-06 19:00:00+00:00,0.0,0.0,0.0,0.0,long,False,False,False,False,6.394e-06,-0.0001563966218330881,-0.0001563966218330881,-0.012824522990303455,-0.0021895527056615682,-0.019080387863622095
SHIB,2026050620,1.0,1,44826.21451,0.0,0,44826.21451,100,1,1.0,0.0,2026-05-06 20:00:00+00:00,0.0,0.0,0.0,0.0,long,False,False,False,False,6.393e-06,0.007038948850305093,0.0026591584545596625,-0.01188800250273736,-0.0031284217112466095,-0.021429688722039653
SHIB,2026050621,1.0,1,44826.21451,0.0,0,44826.21451,100,1,1.0,0.0,2026-05-06 21:00:00+00:00,0.0,0.0,0.0,0.0,long,False,False,False,False,6.438e-06,-0.006989748369058746,-0.015998757378067663,-0.023143833488661003,-0.013668841255048081,-0.029046287666977366
SHIB,2026050622,1.0,1,44826.21451,0.0,0,44826.21451,100,1,1.0,0.0,2026-05-06 22:00:00+00:00,0.0,0.0,0.0,0.0,long,False,False,False,False,6.393e-06,0.0026591584545596625,-0.012670107930549013,-0.010793054903801003,-0.010323791647114056,-0.021742530893164358
SHIB,2026050623,1.0,1,63859.214518,0.0,0,63859.214518,100,1,1.0,0.0,2026-05-06 23:00:00+00:00,0.0,19033.000008000003,19033.000008000003,0.0,long,True,False,False,False,6.41e-06,-0.0117004680187206,-0.014508580343213673,-0.013884555382215225,-0.011388455538221542,-0.021372854914196493
SHIB,2026050701,1.0,1,63859.214518,0.0,0,63859.214518,100,1,1.0,0.0,2026-05-07 01:00:00+00:00,0.0,0.0,0.0,0.0,long,False,False,False,False,6.312e-06,0.0007921419518377437,0.0019011406844107182,0.010773130544993625,-0.0015842839036754874,-0.008713561470215403
SHIB,2026050702,1.0,1,63859.214518,0.0,0,63859.214518,100,1,1.0,0.0,2026-05-07 02:00:00+00:00,0.0,0.0,0.0,0.0,long,False,False,False,False,6.317e-06,-0.00443248377394323,0.0006332119677061598,0.008864967547886682,-0.007915149596327331,-0.010606300459078621
SHIB,2026050703,1.0,1,63859.214518,0.0,0,63859.214518,100,1,1.0,0.0,2026-05-07 03:00:00+00:00,0.0,0.0,0.0,0.0,long,False,False,False,False,6.289e-06,0.005565272698362156,0.012879631101923916,0.009699475274288494,-0.0066783272380347425,-0.003657179201780991
SHIB,2026050704,1.0,1,63859.214518,0.0,0,63859.214518,100,1,1.0,0.0,2026-05-07 04:00:00+00:00,0.0,0.0,0.0,0.0,long,False,False,False,False,6.324e-06,-0.0004743833017077925,0.008855154965211831,0.0004743833017077925,-0.012017710309930374,-0.006799493991144878
SHIB,2026050705,1.0,1,63859.214518,0.0,0,63859.214518,100,1,1.0,0.0,2026-05-07 05:00:00+00:00,0.0,0.0,0.0,0.0,long,False,False,False,False,6.321e-06,0.007751937984496138,0.008226546432526405,0.0025312450561618682,-0.006328112640405115,-0.009017560512577183
SHIB,2026050706,1.0,1,63859.214518,0.0,0,63859.214518,100,1,1.0,0.0,2026-05-07 06:00:00+00:00,0.0,0.0,0.0,0.0,long,False,False,False,False,6.37e-06,0.0015698587127157548,-0.0031397174254317317,0.0025117739403455186,-0.013657770800628022,-0.016954474097331196
SHIB,2026050707,1.0,1,63859.214518,0.0,0,63859.214518,100,1,1.0,0.0,2026-05-07 07:00:00+00:00,0.0,0.0,0.0,0.0,long,False,False,False,False,6.38e-06,-0.0010971786833855468,-0.008307210031348045,-0.012225705329153569,-0.01692789968652031,-0.015830721003134762
SHIB,2026050708,1.0,1,63859.214518,0.0,0,63859.214518,100,1,1.0,0.0,2026-05-07 08:00:00+00:00,0.0,0.0,0.0,0.0,long,False,False,False,False,6.373e-06,-0.0036089753648202993,-0.005648831005805821,-0.016632669072650152,-0.018358700768868697,-0.011140750039227987
SHIB,2026050709,1.0,1,63859.214518,0.0,0,63859.214518,100,1,1.0,0.0,2026-05-07 09:00:00+00:00,0.0,0.0,0.0,0.0,long,False,False,False,False,6.35e-06,-0.0036220472440945395,0.005669291338582738,-0.016220472440944933,-0.015590551181102419,-0.005669291338582738
SHIB,2026050710,1.0,1,63859.214518,0.0,0,63859.214518,100,1,1.0,0.0,2026-05-07 10:00:00+00:00,0.0,0.0,0.0,0.0,long,False,False,False,False,6.327e-06,0.001580527896317463,-0.003951319740793435,-0.012486170380907158,-0.011537853643116769,-0.00047415836889519447
SHIB,2026050711,1.0,1,63859.214518,0.0,0,63859.214518,100,1,1.0,0.0,2026-05-07 11:00:00+00:00,0.0,0.0,0.0,0.0,long,False,False,False,False,6.337e-06,0.007732365472621128,-0.011046236389458675,-0.00883698911156694,-0.01009941612750509,-0.0015780337699227154
SHIB,2026050712,1.0,1,63859.214518,0.0,0,63859.214518,100,1,1.0,0.0,2026-05-07 12:00:00+00:00,0.0,0.0,0.0,0.0,long,False,False,False,False,6.386e-06,-0.013153773880363318,-0.021766363921077447,-0.016129032258064613,-0.016285624804259324,-0.012370811149389316
SHIB,2026050713,1.0,1,63859.214518,0.0,0,63859.214518,100,1,1.0,0.0,2026-05-07 13:00:00+00:00,0.0,0.0,0.0,0.0,long,False,False,False,False,6.302e-06,-0.005553792446842176,-0.008568708346556653,-0.00476039352586477,-0.0071405902887970996,-0.0011107584893684797
SHIB,2026050714,1.0,1,63859.214518,0.0,0,63859.214518,100,1,1.0,0.0,2026-05-07 14:00:00+00:00,0.0,0.0,0.0,0.0,long,False,False,False,False,6.267e-06,-0.0031913196106591046,0.002233923727461118,-0.001755225785862513,-0.0027126216690601668,0.01404180628689966
SHIB,2026050715,1.0,1,63859.214518,0.0,0,63859.214518,100,1,1.0,0.0,2026-05-07 15:00:00+00:00,0.0,0.0,0.0,0.0,long,False,False,False,False,6.247e-06,0.00016007683688168406,0.005762766127741292,0.0006403073475269583,0.003041459900752441,0.0136065311349447
SHIB,2026050716,1.0,1,63859.214518,0.0,0,63859.214518,100,1,1.0,0.0,2026-05-07 16:00:00+00:00,0.0,0.0,0.0,0.0,long,False,False,False,False,6.248e-06,0.005281690140845008,0.003841229193341844,0.0009603072983352945,0.005281690140845008,0.01728553137003841
SHIB,2026050717,1.0,1,63859.214518,0.0,0,63859.214518,100,1,1.0,0.0,2026-05-07 17:00:00+00:00,0.0,0.0,0.0,0.0,long,False,False,False,False,6.281e-06,0.0003184206336570572,-0.003980257920713215,-0.0012736825346282288,-0.002706575386084986,0.019423658653080933
SHIB,2026050718,1.0,1,63859.214518,0.0,0,63859.214518,100,1,1.0,0.0,2026-05-07 18:00:00+00:00,0.0,0.0,0.0,0.0,long,False,False,False,False,6.283e-06,-0.001750756008276233,-0.005093108387712819,-0.0001591596371159909,-0.003342352379436475,0.024988063027216345
SHIB,2026050719,1.0,1,63859.214518,0.0,0,63859.214518,100,1,1.0,0.0,2026-05-07 19:00:00+00:00,0.0,0.0,0.0,0.0,long,False,False,False,False,6.272e-06,-0.0025510204081633514,-0.002869897959183798,-0.0023915816326530726,0.0011160714285713969,0.02598852040816335
SHIB,2026050720,1.0,1,63859.214518,0.0,0,63859.214518,100,1,1.0,0.0,2026-05-07 20:00:00+00:00,0.0,0.0,0.0,0.0,long,False,False,False,False,6.256e-06,-0.0007992327365728968,0.0027173913043478937,-0.0009590792838873874,0.007352941176470562,0.03053069053708435
SHIB,2026050721,1.0,1,63859.214518,0.0,0,63859.214518,100,1,1.0,0.0,2026-05-07 21:00:00+00:00,0.0,0.0,0.0,0.0,long,False,False,False,False,6.251e-06,0.0004799232122860708,0.004959206526955695,0.002399616061430132,0.010078387458006821,0.035834266517357216
SHIB,2026050722,1.0,1,63859.214518,0.0,0,63859.214518,100,1,1.0,0.0,2026-05-07 22:00:00+00:00,0.0,0.0,0.0,0.0,long,False,False,False,False,6.254e-06,0.0030380556443876383,0.0004796929964823171,0.004317236968340188,0.011192836584585919,0.032459226095299165
SHIB,2026050723,1.0,1,63859.214518,0.0,0,63859.214518,100,1,1.0,0.0,2026-05-07 23:00:00+00:00,0.0,0.0,0.0,0.0,long,False,False,False,False,6.273e-06,0.0014347202295552641,-0.003666507253307749,-0.0014347202295552641,0.008608321377331363,0.028534991232265217
SHIB,2026050801,1.0,1,63859.214518,0.0,0,63859.214518,100,1,1.0,0.0,2026-05-08 01:00:00+00:00,0.0,0.0,0.0,0.0,long,False,False,False,False,6.257e-06,-0.0011187470033562352,0.003835704011506902,0.0035160620105481044,0.006073198018219594,0.03292312609876924
SHIB,2026050802,1.0,1,63859.214518,0.0,0,63859.214518,100,1,1.0,0.0,2026-05-08 02:00:00+00:00,0.0,0.0,0.0,0.0,long,False,False,False,False,6.25e-06,0.0025599999999998957,0.0022399999999997977,0.008319999999999883,0.016799999999999926,0.038080000000000114
SHIB,2026050803,1.0,1,63859.214518,0.0,0,63859.214518,100,1,1.0,0.0,2026-05-08 03:00:00+00:00,0.0,0.0,0.0,0.0,long,False,False,False,False,6.266e-06,0.002393871688477489,-0.0006383657835938861,0.007660389403127965,0.010533035429300952,0.034312160868177566
SHIB,2026050804,1.0,1,63859.214518,0.0,0,63859.214518,100,1,1.0,0.0,2026-05-08 04:00:00+00:00,0.0,0.0,0.0,0.0,long,False,False,False,False,6.281e-06,-0.002706575386084986,-0.00031842063365694617,0.006846043623626841,0.011940773762139756,0.03231969431619186
SHIB,2026050805,1.0,1,63859.214518,0.0,0,63859.214518,100,1,1.0,0.0,2026-05-08 05:00:00+00:00,0.0,0.0,0.0,0.0,long,False,False,False,False,6.264e-06,-0.0003192848020433514,0.00606641123882512,0.010057471264367734,0.022190293742017975,0.03192848020434247
SHIB,2026050806,1.0,1,63859.214518,0.0,0,63859.214518,100,1,1.0,0.0,2026-05-08 06:00:00+00:00,0.0,0.0,0.0,0.0,long,False,False,False,False,6.262e-06,0.00271478760779309,0.008304056212072863,0.00718620249121682,0.028425423187480092,0.032258064516129004
SHIB,2026050807,1.0,1,63859.214518,0.0,0,63859.214518,100,1,1.0,0.0,2026-05-08 07:00:00+00:00,0.0,0.0,0.0,0.0,long,False,False,False,False,6.279e-06,0.00366300366300365,0.007166746297180948,0.002548176461219853,0.024844720496894457,0.02420767638158927
SHIB,2026050808,1.0,1,63859.214518,0.0,0,63859.214518,100,1,1.0,0.0,2026-05-08 08:00:00+00:00,0.0,0.0,0.0,0.0,long,False,False,False,False,6.302e-06,0.0019041574103459968,0.003966994604887253,0.008410028562361171,0.023008568708346555,0.021421770866391743
SHIB,2026050809,1.0,1,63859.214518,0.0,0,63859.214518,100,1,1.0,0.0,2026-05-08 09:00:00+00:00,0.0,0.0,0.0,0.0,long,False,False,False,False,6.314e-06,0.0015837820715869366,-0.0011086474501108556,0.002850807728856486,0.02549889135254979,
SHIB,2026050810,1.0,1,63859.214518,0.0,0,63859.214518,100,1,1.0,0.0,2026-05-08 10:00:00+00:00,0.0,0.0,0.0,0.0,long,False,False,False,False,6.324e-06,0.0004743833017077925,-0.00458570524984192,0.005060088551549713,0.02103099304237821,
SHIB,2026050811,1.0,1,63859.214518,0.0,0,63859.214518,100,1,1.0,0.0,2026-05-08 11:00:00+00:00,0.0,0.0,0.0,0.0,long,False,False,False,False,6.327e-06,-0.003161055792634704,0.00442547810968863,0.012012012012012185,0.019756598703967176,
SHIB,2026050812,1.0,1,63859.214518,0.0,0,63859.214518,100,1,1.0,0.0,2026-05-08 12:00:00+00:00,0.0,0.0,0.0,0.0,long,False,False,False,False,6.307e-06,-0.001902647851593442,0.003963849690819643,0.021087680355160954,0.02473442207071508,
SHIB,2026050813,1.0,1,63859.214518,0.0,0,63859.214518,100,1,1.0,0.0,2026-05-08 13:00:00+00:00,0.0,0.0,0.0,0.0,long,False,False,False,False,6.295e-06,0.009531374106433788,0.009690230341540929,0.02223987291501195,0.02668784749801434,
SHIB,2026050814,1.0,1,63859.214518,0.0,0,63859.214518,100,1,1.0,0.0,2026-05-08 14:00:00+00:00,0.0,0.0,0.0,0.0,long,False,False,False,False,6.355e-06,-0.0036191974822974426,0.007553107789142421,0.014476789929189549,0.020928402832415482,
SHIB,2026050815,1.0,1,63859.214518,0.0,0,63859.214518,100,1,1.0,0.0,2026-05-08 15:00:00+00:00,0.0,0.0,0.0,0.0,long,False,False,False,False,6.332e-06,0.0037902716361339905,0.017056222362602735,0.022583701831964564,0.023531269740998173,
SHIB,2026050816,1.0,1,63859.214518,0.0,0,63859.214518,100,1,1.0,0.0,2026-05-08 16:00:00+00:00,0.0,0.0,0.0,0.0,long,False,False,False,False,6.356e-06,0.0073945877910637225,0.01242920075519205,0.01589049716803026,0.02013845185651353,
SHIB,2026050817,1.0,1,63859.214518,0.0,0,63859.214518,100,1,1.0,0.0,2026-05-08 17:00:00+00:00,0.0,0.0,0.0,0.0,long,False,False,False,False,6.403e-06,0.005778541308761431,0.006871778853662303,0.007652662814305877,0.009526784319850101,
SHIB,2026050818,1.0,1,63859.214518,0.0,0,63859.214518,100,1,1.0,0.0,2026-05-08 18:00:00+00:00,0.0,0.0,0.0,0.0,long,False,False,False,False,6.44e-06,-0.0007763975155279379,0.005434782608695565,0.0035714285714285587,0.003726708074534235,
SHIB,2026050819,1.0,1,63859.214518,0.0,0,63859.214518,100,1,1.0,0.0,2026-05-08 19:00:00+00:00,0.0,0.0,0.0,0.0,long,False,False,False,False,6.435e-06,0.0018648018648019793,0.0034188034188034067,0.004351204351204174,-0.0006216006216006598,
SHIB,2026050820,1.0,1,63859.214518,0.0,0,63859.214518,100,1,1.0,0.0,2026-05-08 20:00:00+00:00,0.0,0.0,0.0,0.0,long,False,False,False,False,6.447e-06,0.004343105320304019,0.000775554521482924,0.0063595470761594886,-0.001551109042965737,
SHIB,2026050821,1.0,1,63859.214518,0.0,0,63859.214518,100,1,1.0,0.0,2026-05-08 21:00:00+00:00,0.0,0.0,0.0,0.0,long,False,False,False,False,6.475e-06,-0.0027799227799226722,-0.0018532818532818185,0.0009266409266410758,,
SHIB,2026050822,1.0,1,63859.214518,0.0,0,63859.214518,100,1,1.0,0.0,2026-05-08 22:00:00+00:00,0.0,0.0,0.0,0.0,long,False,False,False,False,6.457e-06,-0.0007743534148985098,0.0009292240978782118,0.004181508440452175,,
SHIB,2026050823,1.0,1,63859.214518,0.0,0,63859.214518,100,1,1.0,0.0,2026-05-08 23:00:00+00:00,0.0,0.0,0.0,0.0,long,False,False,False,False,6.452e-06,0.0017048977061375759,0.0055796652200867936,0.0018598884066955979,,
SHIB,2026050901,1.0,1,63859.214518,0.0,0,63859.214518,100,1,1.0,0.0,2026-05-09 01:00:00+00:00,0.0,0.0,0.0,0.0,long,False,False,False,False,6.463e-06,0.0038681726752283208,0.003249265047191807,-0.0049512610242921085,,
SHIB,2026050902,1.0,1,63859.214518,0.0,0,63859.214518,100,1,1.0,0.0,2026-05-09 02:00:00+00:00,0.0,0.0,0.0,0.0,long,False,False,False,False,6.488e-06,-0.0010789149198520143,-0.0036991368680641123,-0.007860665844636294,,
SHIB,2026050903,1.0,1,63859.214518,0.0,0,63859.214518,100,1,1.0,0.0,2026-05-09 03:00:00+00:00,0.0,0.0,0.0,0.0,long,False,False,False,False,6.481e-06,0.00046289152908496334,-0.0026230519981483846,,,
SHIB,2026050904,1.0,1,63859.214518,0.0,0,63859.214518,100,1,1.0,0.0,2026-05-09 04:00:00+00:00,0.0,0.0,0.0,0.0,long,False,False,False,False,6.484e-06,-0.0030845157310301907,-0.008173966687230139,,,
SHIB,2026050905,1.0,1,63859.214518,0.0,0,63859.214518,100,1,1.0,0.0,2026-05-09 05:00:00+00:00,0.0,0.0,0.0,0.0,long,False,False,False,False,6.464e-06,0.0,-0.00417698019801982,,,
GIGGLE,2026050704,1.0,1,168507.76000000013,0.0,0,168507.76000000013,100,1,1.0,0.0,2026-05-07 04:00:00+00:00,,,,,long,False,False,False,False,35.92,-0.003619153674833009,0.01948775055679275,-0.00111358574610243,-0.011971046770601346,0.02282850779510026
GIGGLE,2026050705,1.0,1,168507.76000000013,0.0,0,168507.76000000013,100,1,1.0,0.0,2026-05-07 05:00:00+00:00,0.0,0.0,0.0,0.0,long,False,False,False,False,35.79,0.018440905280804776,0.009220452640402277,0.00419111483654655,0.010338083263481401,0.03688181056160933
GIGGLE,2026050706,1.0,1,168507.76000000013,0.0,0,168507.76000000013,100,1,1.0,0.0,2026-05-07 06:00:00+00:00,0.0,0.0,0.0,0.0,long,False,False,False,False,36.45,0.004663923182441465,-0.001371742112482921,-0.0030178326474622486,-0.012894375857338991,0.024965706447187763
GIGGLE,2026050707,1.0,1,168507.76000000013,0.0,0,168507.76000000013,100,1,1.0,0.0,2026-05-07 07:00:00+00:00,0.0,0.0,0.0,0.0,long,False,False,False,False,36.62,-0.01365374112506823,-0.020207536865100906,-0.022119060622610487,-0.017749863462588666,0.022392135445111983
GIGGLE,2026050708,1.0,1,168507.76000000013,0.0,0,168507.76000000013,100,1,1.0,0.0,2026-05-07 08:00:00+00:00,0.0,0.0,0.0,0.0,long,False,False,False,False,36.12,0.007751937984496138,-0.004983388704318914,-0.017165005537098543,-0.01356589147286813,0.050664451827242774
GIGGLE,2026050709,1.0,1,182570.90320000012,0.0,0,182570.90320000012,100,1,1.0,0.0,2026-05-07 09:00:00+00:00,0.0,14063.143199999991,14063.143199999991,0.0,long,True,False,False,False,36.4,-0.014285714285714124,-0.0016483516483515315,-0.029670329670329676,-0.02032967032967037,0.026648351648351554
GIGGLE,2026050710,1.0,1,182570.90320000012,0.0,0,182570.90320000012,100,1,1.0,0.0,2026-05-07 10:00:00+00:00,0.0,0.0,0.0,0.0,long,False,False,False,False,35.88,0.0016722408026754731,-0.0019509476031215334,-0.010869565217391353,-0.0039018952062430667,0.05797101449275366
GIGGLE,2026050711,1.0,1,182570.90320000012,0.0,0,182570.90320000012,100,1,1.0,0.0,2026-05-07 11:00:00+00:00,0.0,0.0,0.0,0.0,long,False,False,False,False,35.94,0.01112966054535347,-0.012242626599888617,0.006121313299944253,0.0013912075681692393,0.05036171396772415
GIGGLE,2026050712,1.0,1,182570.90320000012,0.0,0,182570.90320000012,100,1,1.0,0.0,2026-05-07 12:00:00+00:00,0.0,0.0,0.0,0.0,long,False,False,False,False,36.34,-0.014584479911942783,-0.028068244358833372,-0.009906439185470739,-0.00027517886626315935,0.04512933406714348
GIGGLE,2026050713,1.0,1,182570.90320000012,0.0,0,182570.90320000012,100,1,1.0,0.0,2026-05-07 13:00:00+00:00,0.0,0.0,0.0,0.0,long,False,False,False,False,35.81,-0.008656799776598834,-0.008936051382295473,0.00446802569114757,0.01898910918737773,0.036302708740575174
GIGGLE,2026050714,1.0,1,218466.1613000002,0.0,0,218466.1613000002,100,1,1.0,0.0,2026-05-07 14:00:00+00:00,0.0,35895.258100000094,35895.258100000094,0.0,long,True,False,False,False,35.5,-0.005070422535211283,0.018591549295774445,0.003661971830986044,0.0332394366197184,0.04591549295774655
GIGGLE,2026050715,1.0,1,218466.1613000002,0.0,0,218466.1613000002,100,1,1.0,0.0,2026-05-07 15:00:00+00:00,0.0,0.0,0.0,0.0,long,False,False,False,False,35.32,0.004813137032842585,0.018686296715741735,0.00962627406568517,0.03567383918459788,0.046149490373726065
GIGGLE,2026050716,1.0,1,218466.1613000002,0.0,0,218466.1613000002,100,1,1.0,0.0,2026-05-07 16:00:00+00:00,0.0,0.0,0.0,0.0,long,False,False,False,False,35.49,0.01887855734009558,0.013524936601859494,0.0070442378134685235,0.03522118906734284,0.048182586644125225
GIGGLE,2026050717,1.0,1,218466.1613000002,0.0,0,218466.1613000002,100,1,1.0,0.0,2026-05-07 17:00:00+00:00,0.0,0.0,0.0,0.0,long,False,False,False,False,36.16,-0.004977876106194712,-0.01465707964601759,-0.004701327433628166,0.026272123893805288,0.04784292035398252
GIGGLE,2026050718,1.0,1,218466.1613000002,0.0,0,218466.1613000002,100,1,1.0,0.0,2026-05-07 18:00:00+00:00,0.0,0.0,0.0,0.0,long,False,False,False,False,35.98,-0.00027793218454696955,-0.008893829905503026,0.009727626459143934,0.03835464146748202,0.06281267370761556
GIGGLE,2026050719,1.0,1,218466.1613000002,0.0,0,218466.1613000002,100,1,1.0,0.0,2026-05-07 19:00:00+00:00,0.0,0.0,0.0,0.0,long,False,False,False,False,35.97,-0.00945232137892682,-0.006394217403391633,0.014456491520711712,0.04086738949124258,0.05893800389213255
GIGGLE,2026050720,1.0,1,218466.1613000002,0.0,0,218466.1613000002,100,1,1.0,0.0,2026-05-07 20:00:00+00:00,0.0,0.0,0.0,0.0,long,False,False,False,False,35.63,0.0008419870895310932,0.010103845074375561,0.029469548133595147,0.06511366825708675,0.07213022733651409
GIGGLE,2026050721,1.0,1,218466.1613000002,0.0,0,218466.1613000002,100,1,1.0,0.0,2026-05-07 21:00:00+00:00,0.0,0.0,0.0,0.0,long,False,False,False,False,35.66,0.002243409983174516,0.018788558609085904,0.025799214806506043,0.04795288839035328,0.06337633202467763
GIGGLE,2026050722,1.0,1,218466.1613000002,0.0,0,218466.1613000002,100,1,1.0,0.0,2026-05-07 22:00:00+00:00,0.0,0.0,0.0,0.0,long,False,False,False,False,35.74,0.006994963626189232,0.020984890878567475,0.027979854504756485,0.06211527700055952,0.06043648573027416
GIGGLE,2026050810,1.0,1,91793.24870000003,0.0,0,91793.24870000003,100,1,1.0,0.0,2026-05-08 10:00:00+00:00,0.0,-126672.91260000019,-126672.91260000019,0.0,long,False,True,False,False,37.96,-0.005532139093782917,-0.022391991570073766,-0.02002107481559534,-0.0015806111696523573,
GIGGLE,2026050811,1.0,1,146124.60230000003,0.0,0,146124.60230000003,100,1,1.0,0.0,2026-05-08 11:00:00+00:00,0.0,54331.3536,54331.3536,0.0,long,True,False,False,False,37.75,0.006092715231788004,-0.016423841059602595,0.0037086092715232777,0.008741721854304663,
GIGGLE,2026050812,1.0,1,146124.60230000003,0.0,0,146124.60230000003,100,1,1.0,0.0,2026-05-08 12:00:00+00:00,0.0,0.0,0.0,0.0,long,False,False,False,False,37.98,-0.02290679304897303,-0.027119536598209426,0.006845708267509298,0.007635597682991158,
GIGGLE,2026050813,1.0,1,146124.60230000003,0.0,0,146124.60230000003,100,1,1.0,0.0,2026-05-08 13:00:00+00:00,0.0,0.0,0.0,0.0,long,False,False,False,False,37.11,0.0005389382915657048,0.0024252223120453387,0.026407976286715318,0.032875235785502444,
GIGGLE,2026050814,1.0,1,146124.60230000003,0.0,0,146124.60230000003,100,1,1.0,0.0,2026-05-08 14:00:00+00:00,0.0,0.0,0.0,0.0,long,False,False,False,False,37.13,-0.004847831941826031,0.020468623754376525,0.02881766765418803,0.05305682736331807,
GIGGLE,2026050815,1.0,1,146124.60230000003,0.0,0,146124.60230000003,100,1,1.0,0.0,2026-05-08 15:00:00+00:00,0.0,0.0,0.0,0.0,long,False,False,False,False,36.95,0.006765899864682012,0.03491204330175912,0.0262516914749662,0.047631935047361296,
GIGGLE,2026050816,1.0,1,146124.60230000003,0.0,0,146124.60230000003,100,1,1.0,0.0,2026-05-08 16:00:00+00:00,0.0,0.0,0.0,0.0,long,False,False,False,False,37.2,0.0185483870967742,0.0239247311827957,0.018817204301075252,0.0454301075268817,
GIGGLE,2026050817,1.0,1,146124.60230000003,0.0,0,146124.60230000003,100,1,1.0,0.0,2026-05-08 17:00:00+00:00,0.0,0.0,0.0,0.0,long,False,False,False,False,37.89,0.009237265769332259,0.008181578252837163,0.005014515703351652,0.029823172340987192,
GIGGLE,2026050818,1.0,1,146124.60230000003,0.0,0,146124.60230000003,100,1,1.0,0.0,2026-05-08 18:00:00+00:00,0.0,0.0,0.0,0.0,long,False,False,False,False,38.24,-0.003922594142259372,-0.008368200836820106,0.0007845188284518745,0.004707112970711247,
GIGGLE,2026050819,1.0,1,146124.60230000003,0.0,0,146124.60230000003,100,1,1.0,0.0,2026-05-08 19:00:00+00:00,0.0,0.0,0.0,0.0,long,False,False,False,False,38.09,0.0028878970858492448,-0.004988185875558049,0.006300866369125524,0.005250721974271455,
GIGGLE,2026050820,1.0,1,146124.60230000003,0.0,0,146124.60230000003,100,1,1.0,0.0,2026-05-08 20:00:00+00:00,0.0,0.0,0.0,0.0,long,False,False,False,False,38.2,-0.007329842931937169,-0.003141361256544628,0.023560209424083656,0.00863874345549731,
GIGGLE,2026050821,1.0,1,146124.60230000003,0.0,0,146124.60230000003,100,1,1.0,0.0,2026-05-08 21:00:00+00:00,0.0,0.0,0.0,0.0,long,False,False,False,False,37.92,-0.0005274261603376296,0.009229957805907185,0.02083333333333326,,
GIGGLE,2026050901,1.0,1,15726.1792,0.0,0,15726.1792,100,1,1.0,0.0,2026-05-09 01:00:00+00:00,0.0,-130398.42310000003,-130398.42310000003,0.0,long,False,True,False,False,38.33,0.020088703365510163,0.014609966084007331,-0.0010435690060004443,,
GIGGLE,2026050902,1.0,1,15726.1792,0.0,0,15726.1792,100,1,1.0,0.0,2026-05-09 02:00:00+00:00,0.0,0.0,0.0,0.0,long,False,False,False,False,39.1,-0.009974424552429695,-0.002046035805626567,-0.014578005115089554,,
GIGGLE,2026050903,1.0,1,15726.1792,0.0,0,15726.1792,100,1,1.0,0.0,2026-05-09 03:00:00+00:00,0.0,0.0,0.0,0.0,long,False,False,False,False,38.71,0.004649961250322798,-0.007491604236631311,,,
GIGGLE,2026050904,1.0,1,15726.1792,0.0,0,15726.1792,100,1,1.0,0.0,2026-05-09 04:00:00+00:00,0.0,0.0,0.0,0.0,long,False,False,False,False,38.89,0.00334276163538183,-0.015428130624839276,,,
GIGGLE,2026050905,1.0,1,15726.1792,0.0,0,15726.1792,100,1,1.0,0.0,2026-05-09 05:00:00+00:00,0.0,0.0,0.0,0.0,long,False,False,False,False,39.02,-0.015376729882111806,-0.01255766273705794,,,
ORDI,2026050605,1.0,2,62009.97450000003,0.0,0,62009.97450000003,100,2,1.0,0.0,2026-05-06 05:00:00+00:00,,,,,long,False,False,False,False,5.115,-0.010361681329423278,0.003910068426197455,0.001173020527859281,0.038709677419354716,0.02463343108504379
ORDI,2026050606,1.0,2,62009.97450000003,0.0,0,62009.97450000003,100,2,1.0,0.0,2026-05-06 06:00:00+00:00,0.0,0.0,0.0,0.0,long,False,False,False,False,5.062,0.0011853022520742496,0.017581983405768442,0.019359936783879927,0.05531410509679957,0.03220071118135115
ORDI,2026050607,1.0,2,62009.97450000003,0.0,0,62009.97450000003,100,2,1.0,0.0,2026-05-06 07:00:00+00:00,0.0,0.0,0.0,0.0,long,False,False,False,False,5.068,0.013220205209155456,0.014601420678768795,-0.006314127861089203,0.0670876085240728,0.031373322809786997
ORDI,2026050608,1.0,2,62009.97450000003,0.0,0,62009.97450000003,100,2,1.0,0.0,2026-05-06 08:00:00+00:00,0.0,0.0,0.0,0.0,long,False,False,False,False,5.135,0.003115871470301901,-0.0027263875365139967,0.012658227848101333,0.061733203505355494,0.013047711781889015
ORDI,2026050609,1.0,2,62009.97450000003,0.0,0,62009.97450000003,100,2,1.0,0.0,2026-05-06 09:00:00+00:00,0.0,0.0,0.0,0.0,long,False,False,False,False,5.151,-0.0017472335468839972,0.0017472335468842193,0.02853814793244025,0.08037274315666876,0.011259949524364155
ORDI,2026050610,1.0,2,62009.97450000003,0.0,0,62009.97450000003,100,2,1.0,0.0,2026-05-06 10:00:00+00:00,0.0,0.0,0.0,0.0,long,False,False,False,False,5.142,-0.0040840140023337135,-0.020614546868922723,0.028588098016335994,0.06398288603656166,0.013418903150525185
ORDI,2026050611,1.0,2,62009.97450000003,0.0,0,62009.97450000003,100,2,1.0,0.0,2026-05-06 11:00:00+00:00,0.0,0.0,0.0,0.0,long,False,False,False,False,5.121,0.007615700058582142,0.015426674477641011,0.037492677211482084,0.07810974419058758,0.017379418082405618
ORDI,2026050612,1.0,2,62009.97450000003,0.0,0,62009.97450000003,100,2,1.0,0.0,2026-05-06 12:00:00+00:00,0.0,0.0,0.0,0.0,long,False,False,False,False,5.16,-0.024031007751938116,0.02674418604651163,0.03527131782945725,0.05058139534883721,0.03410852713178292
ORDI,2026050613,1.0,2,62009.97450000003,0.0,0,62009.97450000003,100,2,1.0,0.0,2026-05-06 13:00:00+00:00,0.0,0.0,0.0,0.0,long,False,False,False,False,5.036,0.032565528196981886,0.05023828435266098,0.07386814932486119,0.05401111993645746,0.04348689436060371
ORDI,2026050614,1.0,2,62009.97450000003,0.0,0,62009.97450000003,100,2,1.0,0.0,2026-05-06 14:00:00+00:00,0.0,0.0,0.0,0.0,long,False,False,False,False,5.2,0.018846153846153735,0.02173076923076911,0.048461538461538334,0.008846153846153948,-0.013653846153846239
ORDI,2026050615,1.0,2,62009.97450000003,0.0,0,62009.97450000003,100,2,1.0,0.0,2026-05-06 15:00:00+00:00,0.0,0.0,0.0,0.0,long,False,False,False,False,5.298,-0.001698754246885703,0.008305020762551907,0.050396375990940045,-0.023782559456398733,-0.025858814647036654
ORDI,2026050616,1.0,2,62009.97450000003,0.0,0,62009.97450000003,100,2,1.0,0.0,2026-05-06 16:00:00+00:00,0.0,0.0,0.0,0.0,long,False,False,False,False,5.289,0.004537719795802531,0.022499527320854806,0.03441104178483645,-0.006617508035545505,-0.02930610701455838
ORDI,2026050617,1.0,2,62009.97450000003,0.0,0,62009.97450000003,100,2,1.0,0.0,2026-05-06 17:00:00+00:00,0.0,0.0,0.0,0.0,long,False,False,False,False,5.313,0.005458309806135819,0.026162243553548015,0.039149256540560895,-0.013551665725578754,-0.03538490495012225
ORDI,2026050618,1.0,2,62009.97450000003,0.0,0,62009.97450000003,100,2,1.0,0.0,2026-05-06 18:00:00+00:00,0.0,0.0,0.0,0.0,long,False,False,False,False,5.342,0.012354923249719318,0.0417446649195059,0.01478846873830042,-0.02190190939722947,-0.03144889554473962
ORDI,2026050619,1.0,2,62009.97450000003,0.0,0,62009.97450000003,100,2,1.0,0.0,2026-05-06 19:00:00+00:00,0.0,0.0,0.0,0.0,long,False,False,False,False,5.408,0.008136094674556116,0.011649408284023721,-0.018491124260355152,-0.03346893491124259,-0.0460428994082841
ORDI,2026050620,1.0,2,62009.97450000003,0.0,0,62009.97450000003,100,2,1.0,0.0,2026-05-06 20:00:00+00:00,0.0,0.0,0.0,0.0,long,False,False,False,False,5.452,0.020726338958180657,0.012655906089508395,-0.03778429933969174,-0.04585473220836389,-0.05997798972853996
ORDI,2026050621,1.0,2,62009.97450000003,0.0,0,62009.97450000003,100,2,1.0,0.0,2026-05-06 21:00:00+00:00,0.0,0.0,0.0,0.0,long,False,False,False,False,5.565,-0.016891284815813146,-0.025876010781671233,-0.07061994609164435,-0.06397124887690941,-0.08391734052111421
ORDI,2026050622,1.0,2,62009.97450000003,0.0,0,62009.97450000003,100,2,1.0,0.0,2026-05-06 22:00:00+00:00,0.0,0.0,0.0,0.0,long,False,False,False,False,5.471,0.009139097057210721,-0.0297934564065071,-0.03966368122829478,-0.04752330469749588,-0.06817766404679226
ORDI,2026050623,1.0,2,62009.97450000003,0.0,0,62009.97450000003,100,2,1.0,0.0,2026-05-06 23:00:00+00:00,0.0,0.0,0.0,0.0,long,False,False,False,False,5.521,-0.018112660749864062,-0.04980981706212628,-0.05071545009961964,-0.05633037493207749,-0.07045825031697162
ORDI,2026050701,1.0,2,62009.97450000003,0.0,0,62009.97450000003,100,2,1.0,0.0,2026-05-07 01:00:00+00:00,0.0,0.0,0.0,0.0,long,False,False,False,False,5.308,-0.011680482290881589,-0.010173323285606717,-0.015259984928409853,-0.009984928409947247,-0.022418990203466382
ORDI,2026050702,1.0,2,62009.97450000003,0.0,0,62009.97450000003,100,2,1.0,0.0,2026-05-07 02:00:00+00:00,0.0,0.0,0.0,0.0,long,False,False,False,False,5.246,-0.014105985512771757,-0.0009531071292414595,-0.008387342737323777,-0.022302706824247176,-0.018871521158978277
ORDI,2026050703,1.0,2,62009.97450000003,0.0,0,62009.97450000003,100,2,1.0,0.0,2026-05-07 03:00:00+00:00,0.0,0.0,0.0,0.0,long,False,False,False,False,5.172,0.01585460170146935,0.010247486465583933,0.007153905645784997,-0.00212683681361181,0.006573859242072766
ORDI,2026050704,1.0,2,62009.97450000003,0.0,0,62009.97450000003,100,2,1.0,0.0,2026-05-07 04:00:00+00:00,0.0,0.0,0.0,0.0,long,False,False,False,False,5.254,-0.0024743052912067354,-0.005138941758659921,-0.008184240578606672,-0.02283974114960019,-0.0028549676436999682
ORDI,2026050705,1.0,2,62009.97450000003,0.0,0,62009.97450000003,100,2,1.0,0.0,2026-05-07 05:00:00+00:00,0.0,0.0,0.0,0.0,long,False,False,False,False,5.241,-0.0030528525090631753,-0.0074413279908414065,-0.005914901736309819,-0.0221331806907078,-0.009921770654455209
ORDI,2026050706,1.0,2,62009.97450000003,0.0,0,62009.97450000003,100,2,1.0,0.0,2026-05-07 06:00:00+00:00,0.0,0.0,0.0,0.0,long,False,False,False,False,5.225,0.0003827751196172624,-0.003062200956937766,0.021244019138756176,-0.009760765550239081,0.00555023923444975
ORDI,2026050707,1.0,2,62009.97450000003,0.0,0,62009.97450000003,100,2,1.0,0.0,2026-05-07 07:00:00+00:00,0.0,0.0,0.0,0.0,long,False,False,False,False,5.227,-0.004782858236081933,-0.003061029271092419,0.0053568012244116225,-0.013009374402142782,-0.004208915247752132
ORDI,2026050708,1.0,2,62009.97450000003,0.0,0,62009.97450000003,100,2,1.0,0.0,2026-05-07 08:00:00+00:00,0.0,0.0,0.0,0.0,long,False,False,False,False,5.202,0.0013456362937331878,0.0015378700499808495,-0.014033064206074641,-0.014801999231064955,-0.0034602076124566894
ORDI,2026050709,1.0,2,62009.97450000003,0.0,0,62009.97450000003,100,2,1.0,0.0,2026-05-07 09:00:00+00:00,0.0,0.0,0.0,0.0,long,False,False,False,False,5.209,0.00038395085429088205,0.024380879247456466,-0.009214820502975618,-0.021309272413131075,-0.001151852562871869
ORDI,2026050710,1.0,2,62009.97450000003,0.0,0,62009.97450000003,100,2,1.0,0.0,2026-05-07 10:00:00+00:00,0.0,0.0,0.0,0.0,long,False,False,False,False,5.211,-0.0001919017463059003,0.008443676837459169,-0.014776434465553656,-0.021684897332565845,0.00134331222414108
ORDI,2026050711,1.0,2,62009.97450000003,0.0,0,62009.97450000003,100,2,1.0,0.0,2026-05-07 11:00:00+00:00,0.0,0.0,0.0,0.0,long,False,False,False,False,5.21,0.024184261036468424,-0.015547024952015431,-0.016314779270633406,-0.01497120921305184,0.020921305182341587
ORDI,2026050712,1.0,2,62009.97450000003,0.0,0,62009.97450000003,100,2,1.0,0.0,2026-05-07 12:00:00+00:00,0.0,0.0,0.0,0.0,long,False,False,False,False,5.336,-0.01517991004497754,-0.0327961019490256,-0.03035982008995497,-0.02754872563718147,0.002248875562218755
ORDI,2026050713,1.0,2,62009.97450000003,0.0,0,62009.97450000003,100,2,1.0,0.0,2026-05-07 13:00:00+00:00,0.0,0.0,0.0,0.0,long,False,False,False,False,5.255,-0.02397716460513799,-0.023025689819219708,-0.01826831588962896,-0.01255946717411982,0.0015223596574691634
ORDI,2026050714,1.0,2,62009.97450000003,0.0,0,62009.97450000003,100,2,1.0,0.0,2026-05-07 14:00:00+00:00,0.0,0.0,0.0,0.0,long,False,False,False,False,5.129,0.006239032949892698,-0.0007798791187365595,-0.0007798791187365595,0.0035094560343147396,0.030805225190095653
ORDI,2026050715,1.0,2,62009.97450000003,0.0,0,62009.97450000003,100,2,1.0,0.0,2026-05-07 15:00:00+00:00,0.0,0.0,0.0,0.0,long,False,False,False,False,5.161,-0.005231544274365341,0.0025188916876575096,-0.012206936640185906,0.00871924045727579,0.02577019957372606
ORDI,2026050716,1.0,2,62009.97450000003,0.0,0,62009.97450000003,100,2,1.0,0.0,2026-05-07 16:00:00+00:00,0.0,0.0,0.0,0.0,long,False,False,False,False,5.134,-0.0017530190884301744,0.004869497467861139,-0.0070120763537203645,0.020451889365017406,0.04051421893260598
ORDI,2026050717,1.0,2,62009.97450000003,0.0,0,62009.97450000003,100,2,1.0,0.0,2026-05-07 17:00:00+00:00,0.0,0.0,0.0,0.0,long,False,False,False,False,5.125,0.009560975609756106,0.0,0.0013658536585365866,0.012487804878048792,0.04682926829268297
ORDI,2026050718,1.0,2,62009.97450000003,0.0,0,62009.97450000003,100,2,1.0,0.0,2026-05-07 18:00:00+00:00,0.0,0.0,0.0,0.0,long,False,False,False,False,5.174,-0.002899110939312055,-0.01468882875918065,0.002899110939311944,0.01546192500966348,0.05044453034402774
ORDI,2026050719,1.0,2,62009.97450000003,0.0,0,62009.97450000003,100,2,1.0,0.0,2026-05-07 19:00:00+00:00,0.0,0.0,0.0,0.0,long,False,False,False,False,5.159,-0.006590424500872216,-0.01182399689862379,0.005815080441946119,0.00891645667765073,0.07113781740647407
ORDI,2026050720,1.0,2,62009.97450000003,0.0,0,62009.97450000003,100,2,1.0,0.0,2026-05-07 20:00:00+00:00,0.0,0.0,0.0,0.0,long,False,False,False,False,5.125,-0.005268292682926834,0.0013658536585365866,0.004292682926829272,0.01151219512195123,0.09697560975609765
ORDI,2026050721,1.0,2,62009.97450000003,0.0,0,62009.97450000003,100,2,1.0,0.0,2026-05-07 21:00:00+00:00,0.0,0.0,0.0,0.0,long,False,False,False,False,5.098,0.0,0.017850137308748515,0.021184778344448985,0.020596312279325346,0.11828167908983911
ORDI,2026050722,1.0,2,62009.97450000003,0.0,0,62009.97450000003,100,2,1.0,0.0,2026-05-07 22:00:00+00:00,0.0,0.0,0.0,0.0,long,False,False,False,False,5.098,0.006669282071400495,0.017850137308748515,0.02765790506080812,0.023538642604943094,0.11808552373479797
ORDI,2026050723,1.0,2,62009.97450000003,0.0,0,62009.97450000003,100,2,1.0,0.0,2026-05-07 23:00:00+00:00,0.0,0.0,0.0,0.0,long,False,False,False,False,5.132,0.011106780982073294,0.002922837100545639,0.011106780982073294,0.03643803585346839,0.09508963367108358
ORDI,2026050801,1.0,2,62009.97450000003,0.0,0,62009.97450000003,100,2,1.0,0.0,2026-05-08 01:00:00+00:00,0.0,0.0,0.0,0.0,long,False,False,False,False,5.189,-0.00809404509539402,0.00963576797070731,0.003083445750626357,0.014260936596646623,0.06725766043553683
ORDI,2026050802,1.0,2,62009.97450000003,0.0,0,62009.97450000003,100,2,1.0,0.0,2026-05-08 02:00:00+00:00,0.0,0.0,0.0,0.0,long,False,False,False,False,5.147,0.011462988148436049,0.008160093258208656,0.007188653584612403,0.02720031086069552,0.0804352049737711
ORDI,2026050803,1.0,2,62009.97450000003,0.0,0,62009.97450000003,100,2,1.0,0.0,2026-05-08 03:00:00+00:00,0.0,0.0,0.0,0.0,long,False,False,False,False,5.206,0.0063388398002304225,0.009220130618516897,-0.0005762581636573616,0.016903572800614608,0.07856319631194775
ORDI,2026050804,1.0,2,62009.97450000003,0.0,0,62009.97450000003,100,2,1.0,0.0,2026-05-08 04:00:00+00:00,0.0,0.0,0.0,0.0,long,False,False,False,False,5.239,-0.009543806069860605,-0.006489788127505225,-0.00400839854934143,0.019660240503913018,0.05707196029776673
ORDI,2026050805,1.0,2,62009.97450000003,0.0,0,62009.97450000003,100,2,1.0,0.0,2026-05-08 05:00:00+00:00,0.0,0.0,0.0,0.0,long,False,False,False,False,5.189,0.012526498361919325,-0.0009635767970707088,0.025052996723838872,0.0339179032568897,0.07515899017151662
ORDI,2026050806,1.0,2,62009.97450000003,0.0,0,62009.97450000003,100,2,1.0,0.0,2026-05-08 06:00:00+00:00,0.0,0.0,0.0,0.0,long,False,False,False,False,5.254,-0.009326227636086704,-0.009706889988579936,0.01789113056718694,0.03444994290064707,0.06985154168252783
ORDI,2026050807,1.0,2,62009.97450000003,0.0,0,62009.97450000003,100,2,1.0,0.0,2026-05-08 07:00:00+00:00,0.0,0.0,0.0,0.0,long,False,False,False,False,5.205,-0.004034582132564801,0.0024975984630162262,0.011143131604226753,0.06167146974063398,0.07262247838616709
ORDI,2026050808,1.0,2,62009.97450000003,0.0,0,62009.97450000003,100,2,1.0,0.0,2026-05-08 08:00:00+00:00,0.0,0.0,0.0,0.0,long,False,False,False,False,5.184,0.0036651234567901536,0.02604166666666652,0.019868827160493874,0.0844907407407407,0.0752314814814814
ORDI,2026050809,1.0,2,62009.97450000003,0.0,0,62009.97450000003,100,2,1.0,0.0,2026-05-08 09:00:00+00:00,0.0,0.0,0.0,0.0,long,False,False,False,False,5.203,0.0028829521429942773,0.027868537382279346,0.017489909667499415,0.09571401114741485,
ORDI,2026050810,1.0,2,62009.97450000003,0.0,0,62009.97450000003,100,2,1.0,0.0,2026-05-08 10:00:00+00:00,0.0,0.0,0.0,0.0,long,False,False,False,False,5.218,0.019356075124568717,0.008623993867382218,0.02376389421234193,0.09237255653507104,
ORDI,2026050811,1.0,2,62009.97450000003,0.0,0,62009.97450000003,100,2,1.0,0.0,2026-05-08 11:00:00+00:00,0.0,0.0,0.0,0.0,long,False,False,False,False,5.319,0.005452152660274434,-0.006016168452716686,0.008648242150780305,0.056589584508366375,
ORDI,2026050812,1.0,2,62009.97450000003,0.0,0,62009.97450000003,100,2,1.0,0.0,2026-05-08 12:00:00+00:00,0.0,0.0,0.0,0.0,long,False,False,False,False,5.348,-0.015893792071802526,-0.010097232610321694,0.01626776364996263,0.03347045624532541,
ORDI,2026050813,1.0,2,62009.97450000003,0.0,0,62009.97450000003,100,2,1.0,0.0,2026-05-08 13:00:00+00:00,0.0,0.0,0.0,0.0,long,False,False,False,False,5.263,0.0045601368041041646,0.015010450313509338,0.04997149914497423,0.052251567547026534,
ORDI,2026050814,1.0,2,62009.97450000003,0.0,0,62009.97450000003,100,2,1.0,0.0,2026-05-08 14:00:00+00:00,0.0,0.0,0.0,0.0,long,False,False,False,False,5.287,0.001324002269718072,0.01475316814828842,0.06336296576508427,0.0518252317003971,
ORDI,2026050815,1.0,2,62009.97450000003,0.0,0,62009.97450000003,100,2,1.0,0.0,2026-05-08 15:00:00+00:00,0.0,0.0,0.0,0.0,long,False,False,False,False,5.294,0.009066868152625585,0.02663392519833785,0.07687948621080465,0.0606346807706839,
ORDI,2026050816,1.0,2,62009.97450000003,0.0,0,62009.97450000003,100,2,1.0,0.0,2026-05-08 16:00:00+00:00,0.0,0.0,0.0,0.0,long,False,False,False,False,5.342,0.004305503556720547,0.0344440284537626,0.0670160988393862,0.03669037813552989,
ORDI,2026050817,1.0,2,62009.97450000003,0.0,0,62009.97450000003,100,2,1.0,0.0,2026-05-08 17:00:00+00:00,0.0,0.0,0.0,0.0,long,False,False,False,False,5.365,0.013047530288909481,0.04790307548928241,0.047530288909599205,0.039888164026095074,
ORDI,2026050818,1.0,2,62009.97450000003,0.0,0,62009.97450000003,100,2,1.0,0.0,2026-05-08 18:00:00+00:00,0.0,0.0,0.0,0.0,long,False,False,False,False,5.435,0.016743330266789425,0.048942042318307344,0.016927322907083875,0.03422263109475643,
ORDI,2026050819,1.0,2,62009.97450000003,0.0,0,62009.97450000003,100,2,1.0,0.0,2026-05-08 19:00:00+00:00,0.0,0.0,0.0,0.0,long,False,False,False,False,5.526,0.017372421281216077,0.03148751357220414,0.0021715526601520097,0.010314875135722046,
ORDI,2026050820,1.0,2,62009.97450000003,0.0,0,62009.97450000003,100,2,1.0,0.0,2026-05-08 20:00:00+00:00,0.0,0.0,0.0,0.0,long,False,False,False,False,5.622,0.014051938811810771,-0.0003557452863749422,-0.01085023123443618,-0.008537886872998945,
ORDI,2026050821,1.0,2,62009.97450000003,0.0,0,62009.97450000003,100,2,1.0,0.0,2026-05-08 21:00:00+00:00,0.0,0.0,0.0,0.0,long,False,False,False,False,5.701,-0.0001754078231888112,-0.030520961234871025,-0.015085072794246535,,
ORDI,2026050822,1.0,2,62009.97450000003,0.0,0,62009.97450000003,100,2,1.0,0.0,2026-05-08 22:00:00+00:00,0.0,0.0,0.0,0.0,long,False,False,False,False,5.7,-0.01403508771929829,-0.028421052631578902,-0.028421052631578902,,
ORDI,2026050823,1.0,2,62009.97450000003,0.0,0,62009.97450000003,100,2,1.0,0.0,2026-05-08 23:00:00+00:00,0.0,0.0,0.0,0.0,long,False,False,False,False,5.62,-0.016548042704626287,-0.010498220640569378,-0.007295373665480498,,
ORDI,2026050901,1.0,2,62009.97450000003,0.0,0,62009.97450000003,100,2,1.0,0.0,2026-05-09 01:00:00+00:00,0.0,0.0,0.0,0.0,long,False,False,False,False,5.538,0.004153123871433628,0.0,0.008125677139761533,,
ORDI,2026050902,1.0,2,62009.97450000003,0.0,0,62009.97450000003,100,2,1.0,0.0,2026-05-09 02:00:00+00:00,0.0,0.0,0.0,0.0,long,False,False,False,False,5.561,0.009710483725948515,0.003236827908649431,0.0023377090451357496,,
ORDI,2026050903,1.0,2,62009.97450000003,0.0,0,62009.97450000003,100,2,1.0,0.0,2026-05-09 03:00:00+00:00,0.0,0.0,0.0,0.0,long,False,False,False,False,5.615,-0.013713268032056969,0.0010685663401603929,,,
ORDI,2026050904,1.0,2,47679.55210000002,0.0,0,47679.55210000002,100,2,1.0,0.0,2026-05-09 04:00:00+00:00,0.0,-14330.42240000001,-14330.42240000001,0.0,long,False,True,False,False,5.538,0.007403394727338197,0.008125677139761533,,,
ORDI,2026050905,1.0,2,35011.96080000002,0.0,0,35011.96080000002,100,2,1.0,0.0,2026-05-09 05:00:00+00:00,0.0,-12667.5913,-12667.5913,0.0,long,False,True,False,False,5.579,0.007528230865746721,-0.0008962179602078901,,,
CORE,2026050605,1.0,1,19691.100000000217,0.0,0,19691.100000000217,100,1,1.0,0.0,2026-05-06 05:00:00+00:00,,,,,long,False,False,False,False,0.03757,-0.00026616981634275394,0.015171679531541082,0.01543784934788417,0.007718924673941974,-0.033271227042853346
CORE,2026050606,1.0,1,19691.100000000217,0.0,0,19691.100000000217,100,1,1.0,0.0,2026-05-06 06:00:00+00:00,0.0,0.0,0.0,0.0,long,False,False,False,False,0.03756,-0.0018636847710330473,0.01890308839190613,0.018370607028753927,0.017838125665601723,-0.026890308839190746
CORE,2026050607,1.0,1,19691.100000000217,0.0,0,19691.100000000217,100,1,1.0,0.0,2026-05-06 07:00:00+00:00,0.0,0.0,0.0,0.0,long,False,False,False,False,0.03749,0.017337956788476827,0.01813817017871422,-0.00026673779674590836,0.011469725260069286,-0.01707121899173114
CORE,2026050608,1.0,1,19691.100000000217,0.0,0,19691.100000000217,100,1,1.0,0.0,2026-05-06 08:00:00+00:00,0.0,0.0,0.0,0.0,long,False,False,False,False,0.03814,0.0034084950183534968,0.0002621919244887305,-0.025694808599895147,0.000524383848977461,-0.02857891976927107
CORE,2026050609,1.0,1,19691.100000000217,0.0,0,19691.100000000217,100,1,1.0,0.0,2026-05-06 09:00:00+00:00,0.0,0.0,0.0,0.0,long,False,False,False,False,0.03827,-0.002613012803762582,-0.0005226025607525386,-0.020904102430101767,-0.002613012803762582,-0.03240135876665795
CORE,2026050610,1.0,1,19691.100000000217,0.0,0,19691.100000000217,100,1,1.0,0.0,2026-05-06 10:00:00+00:00,0.0,0.0,0.0,0.0,long,False,False,False,False,0.03817,-0.0005239717055278703,-0.018077023840712636,0.0023578726748756385,-0.01178936337437797,-0.03170028818443815
CORE,2026050611,1.0,1,19691.100000000217,0.0,0,19691.100000000217,100,1,1.0,0.0,2026-05-06 11:00:00+00:00,0.0,0.0,0.0,0.0,long,False,False,False,False,0.03815,0.00262123197902997,-0.0259501965923985,-0.007601572739187601,-0.00707732634338154,-0.015989515072084015
CORE,2026050612,1.0,1,19691.100000000217,0.0,0,19691.100000000217,100,1,1.0,0.0,2026-05-06 12:00:00+00:00,0.0,0.0,0.0,0.0,long,False,False,False,False,0.03825,-0.02013071895424834,-0.02039215686274498,-0.0005228758169933956,-0.030588235294117583,-0.0023529411764705577
CORE,2026050613,1.0,1,19691.100000000217,0.0,0,19691.100000000217,100,1,1.0,0.0,2026-05-06 13:00:00+00:00,0.0,0.0,0.0,0.0,long,False,False,False,False,0.03748,-0.008537886872998945,0.020811099252934895,0.011739594450373536,-0.01680896478121663,0.010939167556029972
CORE,2026050614,1.0,1,19691.100000000217,0.0,0,19691.100000000217,100,1,1.0,0.0,2026-05-06 14:00:00+00:00,0.0,0.0,0.0,0.0,long,False,False,False,False,0.03716,0.008342303552206776,0.018837459634015064,0.026910656620021456,-0.014531754574811595,0.024757804090419944
CORE,2026050615,1.0,1,19691.100000000217,0.0,0,19691.100000000217,100,1,1.0,0.0,2026-05-06 15:00:00+00:00,0.0,0.0,0.0,0.0,long,False,False,False,False,0.03747,0.02108353349346137,0.02028289298105146,0.018681611956231636,-0.04243394715772619,0.018681611956231636
CORE,2026050616,1.0,1,19691.100000000217,0.0,0,19691.100000000217,100,1,1.0,0.0,2026-05-06 16:00:00+00:00,0.0,0.0,0.0,0.0,long,False,False,False,False,0.03826,-0.010454783063251538,-0.008886565603763774,-0.014113957135389543,-0.056717198118139134,-0.010977522216414126
CORE,2026050617,1.0,1,19691.100000000217,0.0,0,19691.100000000217,100,1,1.0,0.0,2026-05-06 17:00:00+00:00,0.0,0.0,0.0,0.0,long,False,False,False,False,0.03786,0.009772847332276902,0.007923930269413626,0.0005282620179609676,-0.040676175382989954,0.004226096143687297
CORE,2026050618,1.0,1,19691.100000000217,0.0,0,19691.100000000217,100,1,1.0,0.0,2026-05-06 18:00:00+00:00,0.0,0.0,0.0,0.0,long,False,False,False,False,0.03823,-0.008108815066701469,-0.0015694480774260944,-0.030081088150667012,-0.043944546167930976,-0.0039236201935651804
CORE,2026050619,1.0,1,19691.100000000217,0.0,0,19691.100000000217,100,1,1.0,0.0,2026-05-06 19:00:00+00:00,0.0,0.0,0.0,0.0,long,False,False,False,False,0.03792,0.006329113924050667,-0.0052742616033756295,-0.028217299578059074,-0.028217299578059074,0.005010548523206593
CORE,2026050620,1.0,1,19691.100000000217,0.0,0,19691.100000000217,100,1,1.0,0.0,2026-05-06 20:00:00+00:00,0.0,0.0,0.0,0.0,long,False,False,False,False,0.03816,0.0002620545073375169,-0.007337526205450806,-0.040356394129979045,-0.029088050314465375,-0.0013102725366876955
CORE,2026050621,1.0,1,19691.100000000217,0.0,0,19691.100000000217,100,1,1.0,0.0,2026-05-06 21:00:00+00:00,0.0,0.0,0.0,0.0,long,False,False,False,False,0.03817,-0.01178936337437797,-0.028556457951270597,-0.059994760282944704,-0.029866387215090384,-0.0041917736442231845
CORE,2026050622,1.0,1,19691.100000000217,0.0,0,19691.100000000217,100,1,1.0,0.0,2026-05-06 22:00:00+00:00,0.0,0.0,0.0,0.0,long,False,False,False,False,0.03772,0.0042417815482502785,-0.023064687168610654,-0.04321314952279953,-0.020148462354188656,0.004506892895016046
CORE,2026050623,1.0,1,19691.100000000217,0.0,0,19691.100000000217,100,1,1.0,0.0,2026-05-06 23:00:00+00:00,0.0,0.0,0.0,0.0,long,False,False,False,False,0.03788,-0.021119324181626098,-0.03326293558606119,-0.04118268215417109,-0.008975712777191114,0.0018479408658922392
CORE,2026050701,1.0,1,19691.100000000217,0.0,0,19691.100000000217,100,1,1.0,0.0,2026-05-07 01:00:00+00:00,0.0,0.0,0.0,0.0,long,False,False,False,False,0.03685,-0.006241519674355489,-0.02062415196743561,0.0,0.028222523744911854,0.03527815468113982
CORE,2026050702,1.0,1,19691.100000000217,0.0,0,19691.100000000217,100,1,1.0,0.0,2026-05-07 02:00:00+00:00,0.0,0.0,0.0,0.0,long,False,False,False,False,0.03662,-0.020207536865101017,-0.008192244675040983,0.01174221736755876,0.039868924085199486,0.03959584926269799
CORE,2026050703,1.0,1,19691.100000000217,0.0,0,19691.100000000217,100,1,1.0,0.0,2026-05-07 03:00:00+00:00,0.0,0.0,0.0,0.0,long,False,False,False,False,0.03588,0.005852842809364489,0.018673355629877264,0.03205128205128194,0.06382385730211815,0.061594202898550554
CORE,2026050704,1.0,1,19691.100000000217,0.0,0,19691.100000000217,100,1,1.0,0.0,2026-05-07 04:00:00+00:00,0.0,0.0,0.0,0.0,long,False,False,False,False,0.03609,0.0063729564976449105,0.02105846494873931,0.024106400665004246,0.048489886395123305,0.057356608478803084
CORE,2026050705,1.0,1,19691.100000000217,0.0,0,19691.100000000217,100,1,1.0,0.0,2026-05-07 05:00:00+00:00,0.0,0.0,0.0,0.0,long,False,False,False,False,0.03632,0.006332599118942683,0.02009911894273131,0.03359030837004395,0.04680616740088106,0.04295154185022021
CORE,2026050706,1.0,1,19691.100000000217,0.0,0,19691.100000000217,100,1,1.0,0.0,2026-05-07 06:00:00+00:00,0.0,0.0,0.0,0.0,long,False,False,False,False,0.03655,0.008207934336525335,0.013132694938440492,0.04404924760601925,0.04186046511627928,0.04569083447332423
CORE,2026050707,1.0,1,19691.100000000217,0.0,0,19691.100000000217,100,1,1.0,0.0,2026-05-07 07:00:00+00:00,0.0,0.0,0.0,0.0,long,False,False,False,False,0.03685,0.005427408412483015,0.0029850746268655914,0.028222523744911854,0.03419267299864304,0.03582089552238821
CORE,2026050708,1.0,1,19691.100000000217,0.0,0,19691.100000000217,100,1,1.0,0.0,2026-05-07 08:00:00+00:00,0.0,0.0,0.0,0.0,long,False,False,False,False,0.03705,-0.0005398110661268829,0.013225371120107798,0.02780026990553308,0.02860998650472335,0.026990553306342813
CORE,2026050709,1.0,1,19691.100000000217,0.0,0,19691.100000000217,100,1,1.0,0.0,2026-05-07 09:00:00+00:00,0.0,0.0,0.0,0.0,long,False,False,False,False,0.03703,-0.001890359168241984,0.030515798001620187,0.030785849311369295,0.026465028355387554,0.02835538752362954
CORE,2026050710,1.0,1,19691.100000000217,0.0,0,19691.100000000217,100,1,1.0,0.0,2026-05-07 10:00:00+00:00,0.0,0.0,0.0,0.0,long,False,False,False,False,0.03696,0.015692640692640536,0.025162337662337775,0.023809523809523725,0.025162337662337775,0.02786796536796543
CORE,2026050711,1.0,1,19691.100000000217,0.0,0,19691.100000000217,100,1,1.0,0.0,2026-05-07 11:00:00+00:00,0.0,0.0,0.0,0.0,long,False,False,False,False,0.03754,0.01651571656899309,0.014384656366542403,0.012786361214704334,0.010921683537559845,0.020511454448588262
CORE,2026050902,1.0,1,2364.7323500000475,0.0,0,2364.7323500000475,100,1,1.0,0.0,2026-05-09 02:00:00+00:00,0.0,-17326.367650000167,-17326.367650000167,0.0,long,False,True,False,False,0.0448,0.013169642857142838,0.06517857142857131,0.02187500000000009,,
CORE,2026050903,1.0,1,2364.7323500000475,0.0,0,2364.7323500000475,100,1,1.0,0.0,2026-05-09 03:00:00+00:00,0.0,0.0,0.0,0.0,long,False,False,False,False,0.04539,0.02665785415289723,0.0782110597047807,,,
CORE,2026050904,1.0,1,2364.7323500000475,0.0,0,2364.7323500000475,100,1,1.0,0.0,2026-05-09 04:00:00+00:00,0.0,0.0,0.0,0.0,long,False,False,False,False,0.0466,0.02403433476394845,0.023819742489270324,,,
CORE,2026050905,1.0,1,2364.7323500000475,0.0,0,2364.7323500000475,100,1,1.0,0.0,2026-05-09 05:00:00+00:00,0.0,0.0,0.0,0.0,long,False,False,False,False,0.04772,0.025565800502933778,-0.04065381391450118,,,
SAHARA,2026050901,1.0,1,2872.3842000000377,0.0,0,2872.3842000000377,100,1,1.0,0.0,2026-05-09 01:00:00+00:00,,,,,long,False,False,False,False,0.03037,0.008890352321369699,0.008561080013170796,0.09548896937767526,,
SAHARA,2026050902,1.0,1,2872.3842000000377,0.0,0,2872.3842000000377,100,1,1.0,0.0,2026-05-09 02:00:00+00:00,0.0,0.0,0.0,0.0,long,False,False,False,False,0.03064,0.006201044386422883,0.030352480417754624,0.11716710182767609,,
SAHARA,2026050903,1.0,1,2872.3842000000377,0.0,0,2872.3842000000377,100,1,1.0,0.0,2026-05-09 03:00:00+00:00,0.0,0.0,0.0,0.0,long,False,False,False,False,0.03083,-0.006487187804086858,0.029516704508595337,,,
SAHARA,2026050904,1.0,1,2872.3842000000377,0.0,0,2872.3842000000377,100,1,1.0,0.0,2026-05-09 04:00:00+00:00,0.0,0.0,0.0,0.0,long,False,False,False,False,0.03063,0.030688867123734864,0.08619000979431934,,,
SAHARA,2026050905,1.0,1,2872.3842000000377,0.0,0,2872.3842000000377,100,1,1.0,0.0,2026-05-09 05:00:00+00:00,0.0,0.0,0.0,0.0,long,False,False,False,False,0.03157,0.0053848590433955845,0.08425720620842547,,,
OL,2026050605,1.0,1,28602.74080000815,0.0,0,28602.74080000815,100,1,1.0,0.0,2026-05-06 05:00:00+00:00,,,,,long,False,False,False,False,0.010177,0.007959123513805677,0.031050407782254208,0.045199960695686325,0.0384199665913334,-0.013953031345190103
OL,2026050606,1.0,1,28602.74080000815,0.0,0,28602.74080000815,100,1,1.0,0.0,2026-05-06 06:00:00+00:00,0.0,0.0,0.0,0.0,long,False,False,False,False,0.010258,0.011015792552154346,0.03294989276662119,0.03187755897835842,0.024078767790992384,-0.021836615324624664
OL,2026050607,1.0,1,28602.74080000815,0.0,0,28602.74080000815,100,1,1.0,0.0,2026-05-06 07:00:00+00:00,0.0,0.0,0.0,0.0,long,False,False,False,False,0.010371,0.011763571497444891,0.018031048114935944,0.010702921608330973,0.00906373541606409,-0.02728762896538428
OL,2026050608,1.0,1,28602.74080000815,0.0,0,28602.74080000815,100,1,1.0,0.0,2026-05-06 08:00:00+00:00,0.0,0.0,0.0,0.0,long,False,False,False,False,0.010493,0.009816067854760302,0.013723434670732892,0.009720766225102428,-0.001620127704183849,-0.037739445344515454
OL,2026050609,1.0,1,28602.74080000815,0.0,0,28602.74080000815,100,1,1.0,0.0,2026-05-06 09:00:00+00:00,0.0,0.0,0.0,0.0,long,False,False,False,False,0.010596,-0.0035862589656473487,-0.0010381275953188496,0.0003775009437523291,-0.00924877312193273,-0.06464703661759152
OL,2026050610,1.0,1,28602.74080000815,0.0,0,28602.74080000815,100,1,1.0,0.0,2026-05-06 10:00:00+00:00,0.0,0.0,0.0,0.0,long,False,False,False,False,0.010558,0.007482477741996618,-0.007198333017616965,-0.0013260087137715315,-0.015533244932752321,-0.05682894487592349
OL,2026050611,1.0,1,28602.74080000815,0.0,0,28602.74080000815,100,1,1.0,0.0,2026-05-06 11:00:00+00:00,0.0,0.0,0.0,0.0,long,False,False,False,False,0.010637,-0.004888596408761825,-0.0039484817147692475,-0.006486791388549573,-0.0058287111027546246,-0.043527310331860525
OL,2026050612,1.0,1,28602.74080000815,0.0,0,28602.74080000815,100,1,1.0,0.0,2026-05-06 12:00:00+00:00,0.0,0.0,0.0,0.0,long,False,False,False,False,0.010585,-0.009730751062824838,0.0014170996693434468,-0.0075578649031649014,-0.04525271610769954,-0.046575342465753455
OL,2026050613,1.0,1,28602.74080000815,0.0,0,28602.74080000815,100,1,1.0,0.0,2026-05-06 13:00:00+00:00,0.0,0.0,0.0,0.0,long,False,False,False,False,0.010482,0.01078038542262938,0.005914901736309819,-0.0016218278954397425,-0.024327418431597025,-0.04674680404502962
OL,2026050614,1.0,1,28602.74080000815,0.0,0,28602.74080000815,100,1,1.0,0.0,2026-05-06 14:00:00+00:00,0.0,0.0,0.0,0.0,long,False,False,False,False,0.010595,0.0004719207173193851,-0.0025483718735253014,-0.011231713072203942,-0.044738084001887723,-0.06182161396885333
OL,2026050615,1.0,1,28602.74080000815,0.0,0,28602.74080000815,100,1,1.0,0.0,2026-05-06 15:00:00+00:00,0.0,0.0,0.0,0.0,long,False,False,False,False,0.0106,-0.005283018867924594,-0.008962264150943366,-0.009622641509433927,-0.04764150943396228,-0.06358490566037733
OL,2026050616,1.0,1,28602.74080000815,0.0,0,28602.74080000815,100,1,1.0,0.0,2026-05-06 16:00:00+00:00,0.0,0.0,0.0,0.0,long,False,False,False,False,0.010544,0.0022761760242790974,-0.0074924127465856305,-0.01422610015174497,-0.059844461305007535,-0.06297420333839143
OL,2026050617,1.0,1,28602.74080000815,0.0,0,28602.74080000815,100,1,1.0,0.0,2026-05-06 17:00:00+00:00,0.0,0.0,0.0,0.0,long,False,False,False,False,0.010568,-0.005961392884178518,-0.008705526116578377,0.0006623769871310081,-0.05043527630582878,-0.055355791067373095
OL,2026050618,1.0,1,28602.74080000815,0.0,0,28602.74080000815,100,1,1.0,0.0,2026-05-06 18:00:00+00:00,0.0,0.0,0.0,0.0,long,False,False,False,False,0.010505,-0.0038077106139933203,-0.0006663493574488033,-0.037981913374583565,-0.04483579247977165,-0.049119466920514165
OL,2026050619,1.0,1,28602.74080000815,0.0,0,28602.74080000815,100,1,1.0,0.0,2026-05-06 19:00:00+00:00,0.0,0.0,0.0,0.0,long,False,False,False,False,0.010465,0.0010511227902532116,-0.006784519827998103,-0.022742474916388034,-0.03602484472049694,-0.05246058289536559
OL,2026050620,1.0,1,28602.74080000815,0.0,0,28602.74080000815,100,1,1.0,0.0,2026-05-06 20:00:00+00:00,0.0,0.0,0.0,0.0,long,False,False,False,False,0.010476,0.002100038182512476,0.009450171821305808,-0.03388697976326838,-0.03617793050782736,-0.05555555555555547
OL,2026050621,1.0,1,28602.74080000815,0.0,0,28602.74080000815,100,1,1.0,0.0,2026-05-06 21:00:00+00:00,0.0,0.0,0.0,0.0,long,False,False,False,False,0.010498,-0.009906648885501967,-0.03734044579919982,-0.03838826443132026,-0.055915412459516145,-0.06077348066298338
OL,2026050622,1.0,1,28602.74080000815,0.0,0,28602.74080000815,100,1,1.0,0.0,2026-05-06 22:00:00+00:00,0.0,0.0,0.0,0.0,long,False,False,False,False,0.010394,0.017413892630363526,-0.016066961708678162,-0.04627669809505486,-0.04194727727535119,-0.050702328266307495
OL,2026050623,1.0,1,28602.74080000815,0.0,0,28602.74080000815,100,1,1.0,0.0,2026-05-06 23:00:00+00:00,0.0,0.0,0.0,0.0,long,False,False,False,False,0.010575,-0.044349881796690194,-0.042931442080378246,-0.051063829787233894,-0.03791962174940888,-0.057966903073286
OL,2026050701,1.0,1,28602.74080000815,0.0,0,28602.74080000815,100,1,1.0,0.0,2026-05-07 01:00:00+00:00,0.0,0.0,0.0,0.0,long,False,False,False,False,0.010227,-0.01036472083700013,-0.030703040969981443,-0.013591473550405797,-0.02297839053485884,-0.010755842378019076
OL,2026050702,1.0,1,28602.74080000815,0.0,0,28602.74080000815,100,1,1.0,0.0,2026-05-07 02:00:00+00:00,0.0,0.0,0.0,0.0,long,False,False,False,False,0.010121,-0.002568916115008424,-0.008497184072720043,-0.0023713071830846477,-0.017883608339096968,-0.010374468925995362
OL,2026050703,1.0,1,28602.74080000815,0.0,0,28602.74080000815,100,1,1.0,0.0,2026-05-07 03:00:00+00:00,0.0,0.0,0.0,0.0,long,False,False,False,False,0.010095,-0.018028727092620045,-0.006042595344229795,-0.018226844972758838,-0.016740960871718613,-0.009113422486379363
OL,2026050704,1.0,1,28602.74080000815,0.0,0,28602.74080000815,100,1,1.0,0.0,2026-05-07 04:00:00+00:00,0.0,0.0,0.0,0.0,long,False,False,False,False,0.009913,0.012307071522243529,0.017653586199939397,0.004539493594270194,-0.003328961969131461,0.009583375365681324
OL,2026050705,1.0,1,28602.74080000815,0.0,0,28602.74080000815,100,1,1.0,0.0,2026-05-07 05:00:00+00:00,0.0,0.0,0.0,0.0,long,False,False,False,False,0.010035,-9.965122072752575e-05,0.006178375685102155,0.013851519681116198,-0.005181863477827564,0.0034877927254608476
OL,2026050706,1.0,1,28602.74080000815,0.0,0,28602.74080000815,100,1,1.0,0.0,2026-05-07 06:00:00+00:00,0.0,0.0,0.0,0.0,long,False,False,False,False,0.010034,0.005381702212477579,-0.012258321706198894,0.005780346820809301,-0.004484751843731316,-0.0045844129958141355
OL,2026050707,1.0,1,28602.74080000815,0.0,0,28602.74080000815,100,1,1.0,0.0,2026-05-07 07:00:00+00:00,0.0,0.0,0.0,0.0,long,False,False,False,False,0.010088,0.0008921490880253735,-0.012886597938144284,-0.009516256938937429,-0.01704996034892947,-0.008425852498017417
OL,2026050708,1.0,1,28602.74080000815,0.0,0,28602.74080000815,100,1,1.0,0.0,2026-05-07 08:00:00+00:00,0.0,0.0,0.0,0.0,long,False,False,False,False,0.010097,-0.018421313261364758,0.007626027532930735,-0.015549173021689677,-0.020104981677726008,-0.015648212340299117
OL,2026050709,1.0,1,28602.74080000815,0.0,0,28602.74080000815,100,1,1.0,0.0,2026-05-07 09:00:00+00:00,0.0,0.0,0.0,0.0,long,False,False,False,False,0.009911,0.004742205630108076,0.018262536575522237,0.0015134698819494474,-0.005145797598627655,0.002825143779638717
OL,2026050710,1.0,1,28602.74080000815,0.0,0,28602.74080000815,100,1,1.0,0.0,2026-05-07 10:00:00+00:00,0.0,0.0,0.0,0.0,long,False,False,False,False,0.009958,0.021691102631050452,0.0034143402289614766,-0.007832898172323799,-0.009138381201044266,-0.0029122313717613313
OL,2026050711,1.0,1,28602.74080000815,0.0,0,28602.74080000815,100,1,1.0,0.0,2026-05-07 11:00:00+00:00,0.0,0.0,0.0,0.0,long,False,False,False,False,0.010174,-0.008059760172990038,-0.02299980342048369,-0.01877334381757423,-0.020837428739925334,-0.02054255946530381
OL,2026050712,1.0,1,28602.74080000815,0.0,0,28602.74080000815,100,1,1.0,0.0,2026-05-07 12:00:00+00:00,0.0,0.0,0.0,0.0,long,False,False,False,False,0.010092,-0.009908838684106303,-0.0164486722156163,-0.0102061038446295,-0.003864447086801559,-0.00832342449464929
OL,2026050713,1.0,1,28602.74080000815,0.0,0,28602.74080000815,100,1,1.0,0.0,2026-05-07 13:00:00+00:00,0.0,0.0,0.0,0.0,long,False,False,False,False,0.009992,-0.005204163330664535,-0.01120896717373887,-0.007606084867894269,0.012510008006405116,-0.01210968775020016
OL,2026050714,1.0,1,28602.74080000815,0.0,0,28602.74080000815,100,1,1.0,0.0,2026-05-07 14:00:00+00:00,0.0,0.0,0.0,0.0,long,False,False,False,False,0.00994,-0.0014084507042252392,0.004325955734406639,-0.004627766599597516,0.007645875251509171,-0.00452716297786715
OL,2026050715,1.0,1,28602.74080000815,0.0,0,28602.74080000815,100,1,1.0,0.0,2026-05-07 15:00:00+00:00,0.0,0.0,0.0,0.0,long,False,False,False,False,0.009926,-0.004634293773927101,0.006346967559943462,-0.0066492041104171395,0.007757404795486478,-0.0033246020552085698
OL,2026050716,1.0,1,28602.74080000815,0.0,0,28602.74080000815,100,1,1.0,0.0,2026-05-07 16:00:00+00:00,0.0,0.0,0.0,0.0,long,False,False,False,False,0.00988,0.010425101214575072,0.003643724696356321,-0.001315789473684159,0.012955465587044523,0.015789473684210575
OL,2026050717,1.0,1,28602.74080000815,0.0,0,28602.74080000815,100,1,1.0,0.0,2026-05-07 17:00:00+00:00,0.0,0.0,0.0,0.0,long,False,False,False,False,0.009983,0.000601021736952756,-0.008915155764800176,-0.002103576079334868,0.00871481518581585,0.00290493839527195
OL,2026050718,1.0,1,28602.74080000815,0.0,0,28602.74080000815,100,1,1.0,0.0,2026-05-07 18:00:00+00:00,0.0,0.0,0.0,0.0,long,False,False,False,False,0.009989,-0.007308038842727016,-0.012914205626188724,0.006407047752527761,-0.00010011012113320117,0.009610571628791753
OL,2026050719,1.0,1,28602.74080000815,0.0,0,28602.74080000815,100,1,1.0,0.0,2026-05-07 19:00:00+00:00,0.0,0.0,0.0,0.0,long,False,False,False,False,0.009916,-0.0022186365469947233,-0.004941508672851813,0.020270270270270174,0.008773699072206487,0.007765227914481754
OL,2026050720,1.0,1,28602.74080000815,0.0,0,28602.74080000815,100,1,1.0,0.0,2026-05-07 20:00:00+00:00,0.0,0.0,0.0,0.0,long,False,False,False,False,0.009894,-0.0034364261168383647,0.0068728522336769515,0.012330705478067472,0.0045482110369921,0.011926420052557063
OL,2026050721,1.0,1,28602.74080000815,0.0,0,28602.74080000815,100,1,1.0,0.0,2026-05-07 21:00:00+00:00,0.0,0.0,0.0,0.0,long,False,False,False,False,0.00986,0.0007099391480729356,0.01957403651115608,0.014503042596348825,0.008012170385395478,0.022819472616632863
OL,2026050722,1.0,1,28602.74080000815,0.0,0,28602.74080000815,100,1,1.0,0.0,2026-05-07 22:00:00+00:00,0.0,0.0,0.0,0.0,long,False,False,False,False,0.009867,0.009628053106313983,0.025336981858720797,0.014290057768318487,0.006283571500962815,0.023208675382588417
OL,2026050723,1.0,1,28602.74080000815,0.0,0,28602.74080000815,100,1,1.0,0.0,2026-05-07 23:00:00+00:00,0.0,0.0,0.0,0.0,long,False,False,False,False,0.009962,0.009134711905239845,0.005420598273438992,0.010841196546878207,0.00030114434852435146,0.015659506123268496
OL,2026050801,1.0,1,28602.74080000815,0.0,0,28602.74080000815,100,1,1.0,0.0,2026-05-08 01:00:00+00:00,0.0,0.0,0.0,0.0,long,False,False,False,False,0.010117,-0.009983196599782418,-0.010773944845309802,-0.01126816249876439,-0.024315508549965337,0.0025699317979637204
OL,2026050802,1.0,1,28602.74080000815,0.0,0,28602.74080000815,100,1,1.0,0.0,2026-05-08 02:00:00+00:00,0.0,0.0,0.0,0.0,long,False,False,False,False,0.010016,-0.0012979233226837472,0.005391373801916899,-0.007687699680511195,-0.012080670926517656,0.01048322683706071
OL,2026050803,1.0,1,28602.74080000815,0.0,0,28602.74080000815,100,1,1.0,0.0,2026-05-08 03:00:00+00:00,0.0,0.0,0.0,0.0,long,False,False,False,False,0.010003,0.0004998500449864274,-0.0014995501349595042,-0.006398080575827247,-0.010996700989702957,0.014395681295611418
OL,2026050804,1.0,1,28602.74080000815,0.0,0,28602.74080000815,100,1,1.0,0.0,2026-05-08 04:00:00+00:00,0.0,0.0,0.0,0.0,long,False,False,False,False,0.010008,0.006195043964828173,-0.0004996003197441645,-0.00789368505195831,0.0027977617905676766,0.02018385291766589
OL,2026050805,1.0,1,28602.74080000815,0.0,0,28602.74080000815,100,1,1.0,0.0,2026-05-08 05:00:00+00:00,0.0,0.0,0.0,0.0,long,False,False,False,False,0.01007,-0.008142999006951368,-0.01300893743793452,-0.010427010923535374,-0.005759682224429019,0.014200595829195528
OL,2026050806,1.0,1,28602.74080000815,0.0,0,28602.74080000815,100,1,1.0,0.0,2026-05-08 06:00:00+00:00,0.0,0.0,0.0,0.0,long,False,False,False,False,0.009988,0.0015018021625949896,-0.0049058870644773656,0.002002402883459986,0.009711653984781687,0.02603123748498204
OL,2026050807,1.0,1,28602.74080000815,0.0,0,28602.74080000815,100,1,1.0,0.0,2026-05-08 07:00:00+00:00,0.0,0.0,0.0,0.0,long,False,False,False,False,0.010003,-0.006398080575827247,-0.007397780665800213,-0.013196041187643726,-0.0009997000899729658,0.020793761871438443
OL,2026050808,1.0,1,28602.74080000815,0.0,0,28602.74080000815,100,1,1.0,0.0,2026-05-08 08:00:00+00:00,0.0,0.0,0.0,0.0,long,False,False,False,False,0.009939,0.0,0.002615957339772601,-0.004427004728846051,0.0073448033001308755,0.030888419358084285
OL,2026050809,1.0,1,28602.74080000815,0.0,0,28602.74080000815,100,1,1.0,0.0,2026-05-08 09:00:00+00:00,0.0,0.0,0.0,0.0,long,False,False,False,False,0.009939,-0.0010061374383740773,0.0069423483247810225,-0.004628232216520645,0.014689606600261529,
OL,2026050810,1.0,1,28602.74080000815,0.0,0,28602.74080000815,100,1,1.0,0.0,2026-05-08 10:00:00+00:00,0.0,0.0,0.0,0.0,long,False,False,False,False,0.009929,0.003625742773693208,-0.0058414744687280695,0.010776513244032504,0.016819417866854813,
OL,2026050811,1.0,1,28602.74080000815,0.0,0,28602.74080000815,100,1,1.0,0.0,2026-05-08 11:00:00+00:00,0.0,0.0,0.0,0.0,long,False,False,False,False,0.009965,0.004315102860009912,-0.007024586051179171,0.0047165077772202135,0.015353738083291546,
OL,2026050812,1.0,1,28602.74080000815,0.0,0,28602.74080000815,100,1,1.0,0.0,2026-05-08 12:00:00+00:00,0.0,0.0,0.0,0.0,long,False,False,False,False,0.010008,-0.013689048760991196,-0.011490807354116561,0.007693844924060889,0.009192645883293382,
OL,2026050813,1.0,1,28602.74080000815,0.0,0,28602.74080000815,100,1,1.0,0.0,2026-05-08 13:00:00+00:00,0.0,0.0,0.0,0.0,long,False,False,False,False,0.009871,0.0024313646033835568,0.01671563164826262,0.012359436733866858,0.027555465505014753,
OL,2026050814,1.0,1,28602.74080000815,0.0,0,28602.74080000815,100,1,1.0,0.0,2026-05-08 14:00:00+00:00,0.0,0.0,0.0,0.0,long,False,False,False,False,0.009895,-0.00020212228398164278,0.011824153612935984,0.011824153612935984,0.022839818089944508,
OL,2026050815,1.0,1,28602.74080000815,0.0,0,28602.74080000815,100,1,1.0,0.0,2026-05-08 15:00:00+00:00,0.0,0.0,0.0,0.0,long,False,False,False,False,0.009893,0.014454664914586024,0.019407661983220414,0.019407661983220414,0.025674719498635312,
OL,2026050816,1.0,1,28602.74080000815,0.0,0,28602.74080000815,100,1,1.0,0.0,2026-05-08 16:00:00+00:00,0.0,0.0,0.0,0.0,long,False,False,False,False,0.010036,-0.0023913909924272447,-0.0042845755280988,0.005978477481068278,0.017337584695097608,
OL,2026050817,1.0,1,28602.74080000815,0.0,0,28602.74080000815,100,1,1.0,0.0,2026-05-08 17:00:00+00:00,0.0,0.0,0.0,0.0,long,False,False,False,False,0.010012,0.007291250499400714,0.0,0.01058729524570512,0.02007590890930877,
OL,2026050818,1.0,1,28602.74080000815,0.0,0,28602.74080000815,100,1,1.0,0.0,2026-05-08 18:00:00+00:00,0.0,0.0,0.0,0.0,long,False,False,False,False,0.010085,-0.009122459097669844,0.0,0.0014873574615765772,0.016162617749132302,
OL,2026050819,1.0,1,28602.74080000815,0.0,0,28602.74080000815,100,1,1.0,0.0,2026-05-08 19:00:00+00:00,0.0,0.0,0.0,0.0,long,False,False,False,False,0.009993,0.0019013309316522342,0.010307215050535445,0.015010507355148528,0.021815270689482524,
OL,2026050820,1.0,1,28602.74080000815,0.0,0,28602.74080000815,100,1,1.0,0.0,2026-05-08 20:00:00+00:00,0.0,0.0,0.0,0.0,long,False,False,False,False,0.010012,0.007291250499400714,0.01058729524570512,0.010886935677187237,0.023371953655613176,
OL,2026050821,1.0,1,28602.74080000815,0.0,0,28602.74080000815,100,1,1.0,0.0,2026-05-08 21:00:00+00:00,0.0,0.0,0.0,0.0,long,False,False,False,False,0.010085,0.0010907288051562603,0.0014873574615765772,0.006147744174516578,,
OL,2026050822,1.0,1,28602.74080000815,0.0,0,28602.74080000815,100,1,1.0,0.0,2026-05-08 22:00:00+00:00,0.0,0.0,0.0,0.0,long,False,False,False,False,0.010096,0.002179080824088686,0.004655309033280375,0.011291600633914323,,
OL,2026050823,1.0,1,28602.74080000815,0.0,0,28602.74080000815,100,1,1.0,0.0,2026-05-08 23:00:00+00:00,0.0,0.0,0.0,0.0,long,False,False,False,False,0.010118,-0.0017790077090334977,0.00029650128483882376,0.009389207353231788,,
OL,2026050901,1.0,1,28602.74080000815,0.0,0,28602.74080000815,100,1,1.0,0.0,2026-05-09 01:00:00+00:00,0.0,0.0,0.0,0.0,long,False,False,False,False,0.010143,-0.0021689835354431475,0.00660554076703157,0.006704130927733365,,
OL,2026050902,1.0,1,28602.74080000815,0.0,0,28602.74080000815,100,1,1.0,0.0,2026-05-09 02:00:00+00:00,0.0,0.0,0.0,0.0,long,False,False,False,False,0.010121,0.002568916115008424,0.00909001086849126,0.01235055824523279,,
OL,2026050903,1.0,1,28602.74080000815,0.0,0,28602.74080000815,100,1,1.0,0.0,2026-05-09 03:00:00+00:00,0.0,0.0,0.0,0.0,long,False,False,False,False,0.010147,0.006208731644821164,0.00995368089090376,,,
OL,2026050904,1.0,1,28602.74080000815,0.0,0,28602.74080000815,100,1,1.0,0.0,2026-05-09 04:00:00+00:00,0.0,0.0,0.0,0.0,long,False,False,False,False,0.01021,0.0002938295788441625,9.794319294798015e-05,,,
OL,2026050905,1.0,1,28602.74080000815,0.0,0,28602.74080000815,100,1,1.0,0.0,2026-05-09 05:00:00+00:00,0.0,0.0,0.0,0.0,long,False,False,False,False,0.010213,0.0034270047978066653,0.0032311759522176686,,,
W,2026050905,1.0,1,9828.0,0.0,0,9828.0,100,1,1.0,0.0,2026-05-09 05:00:00+00:00,,,,,long,False,False,False,False,0.0153,0.009803921568627416,-0.00849673202614376,,,
TAO,2026050605,1.0,1,425666.861,0.0,0,425666.861,100,1,1.0,0.0,2026-05-06 05:00:00+00:00,,,,,long,False,False,False,False,287.9,0.011462313303230331,0.03230288294546724,0.08614102118791256,0.0889197638068775,0.07502605071205282
TAO,2026050606,1.0,1,425666.861,0.0,0,425666.861,100,1,1.0,0.0,2026-05-06 06:00:00+00:00,0.0,0.0,0.0,0.0,long,False,False,False,False,291.2,0.003777472527472625,0.03708791208791218,0.06799450549450547,0.07967032967032961,0.07348901098901117
TAO,2026050607,1.0,1,425666.861,0.0,0,425666.861,100,1,1.0,0.0,2026-05-06 07:00:00+00:00,0.0,0.0,0.0,0.0,long,False,False,False,False,292.3,0.016763599042080024,0.03934314060896349,0.04447485460143685,0.07013342456380434,0.0656859391036606
TAO,2026050608,1.0,1,425666.861,0.0,0,425666.861,100,1,1.0,0.0,2026-05-06 08:00:00+00:00,0.0,0.0,0.0,0.0,long,False,False,False,False,297.2,0.016150740242261152,0.05215343203230138,0.04508748317631239,0.0471063257065949,0.0349932705248992
TAO,2026050609,1.0,1,425666.861,0.0,0,425666.861,100,1,1.0,0.0,2026-05-06 09:00:00+00:00,0.0,0.0,0.0,0.0,long,False,False,False,False,302.0,0.00596026490066226,0.0298013245033113,0.052980132450331174,0.04072847682119218,0.013907284768211792
TAO,2026050610,1.0,1,425666.861,0.0,0,425666.861,100,1,1.0,0.0,2026-05-06 10:00:00+00:00,0.0,0.0,0.0,0.0,long,False,False,False,False,303.8,0.029295589203423233,0.004937458854509469,0.04509545753785371,0.010204081632652962,0.011520737327188835
TAO,2026050611,1.0,1,425666.861,0.0,0,425666.861,100,1,1.0,0.0,2026-05-06 11:00:00+00:00,0.0,0.0,0.0,0.0,long,False,False,False,False,312.7,-0.00543652062679878,-0.00671570195075144,0.002558362647905321,-0.012791813239526717,0.0019187719859290464
TAO,2026050612,1.0,1,425666.861,0.0,0,425666.861,100,1,1.0,0.0,2026-05-06 12:00:00+00:00,0.0,0.0,0.0,0.0,long,False,False,False,False,311.0,-0.018327974276527326,0.022508038585209,0.010932475884244397,-0.004180064308681675,0.0070739549839227145
TAO,2026050613,1.0,1,425666.861,0.0,0,425666.861,100,1,1.0,0.0,2026-05-06 13:00:00+00:00,0.0,0.0,0.0,0.0,long,False,False,False,False,305.3,0.01735997379626597,0.03996069439895189,0.0245660006550934,-0.00032754667540135785,0.013101867016049873
TAO,2026050614,1.0,1,425666.861,0.0,0,425666.861,100,1,1.0,0.0,2026-05-06 14:00:00+00:00,0.0,0.0,0.0,0.0,long,False,False,False,False,310.6,0.023824855119124244,0.009336767546683777,0.0019317450096585365,-0.01481004507405026,-0.013200257566001405
TAO,2026050615,1.0,1,425666.861,0.0,0,425666.861,100,1,1.0,0.0,2026-05-06 15:00:00+00:00,0.0,0.0,0.0,0.0,long,False,False,False,False,318.0,-0.0015723270440252124,-0.01132075471698124,-0.011635220125786105,-0.036792452830188616,-0.04182389937106923
TAO,2026050616,1.0,1,425666.861,0.0,0,425666.861,100,1,1.0,0.0,2026-05-06 16:00:00+00:00,0.0,0.0,0.0,0.0,long,False,False,False,False,317.5,-0.012598425196850394,-0.014803149606299137,-0.03338582677165358,-0.027716535433070955,-0.0258267716535433
TAO,2026050617,1.0,1,425666.861,0.0,0,425666.861,100,1,1.0,0.0,2026-05-06 17:00:00+00:00,0.0,0.0,0.0,0.0,long,False,False,False,False,313.5,0.002870813397129135,-0.007336523125996863,-0.015311004784689053,-0.012759170653907526,-0.02009569377990439
TAO,2026050618,1.0,1,425666.861,0.0,0,425666.861,100,1,1.0,0.0,2026-05-06 18:00:00+00:00,0.0,0.0,0.0,0.0,long,False,False,False,False,314.4,-0.0050890585241729624,-0.00031806615776075464,-0.014949109414758244,-0.005725190839694472,-0.02449109414758266
TAO,2026050711,1.0,1,91880.0,0.0,0,91880.0,100,1,1.0,0.0,2026-05-07 11:00:00+00:00,0.0,-333786.861,-333786.861,0.0,long,False,True,False,False,313.3,-0.00031918289179710957,-0.021704436642196012,-0.019470156399617022,-0.03574848388126395,-0.01595914458985004
TAO,2026050712,1.0,1,153369.707,0.0,0,153369.707,100,1,1.0,0.0,2026-05-07 12:00:00+00:00,0.0,61489.706999999995,61489.706999999995,0.0,long,True,False,False,False,313.2,-0.01245210727969337,-0.027139208173690976,-0.020753512132822505,-0.034482758620689724,-0.01979565772669223
TAO,2026050713,1.0,1,153369.707,0.0,0,153369.707,100,1,1.0,0.0,2026-05-07 13:00:00+00:00,0.0,0.0,0.0,0.0,long,False,False,False,False,309.3,-0.009052699644358286,0.0,-0.013579049466537318,-0.02812803103782735,-0.002586485612673828
TAO,2026050714,1.0,1,153369.707,0.0,0,153369.707,100,1,1.0,0.0,2026-05-07 14:00:00+00:00,0.0,0.0,0.0,0.0,long,False,False,False,False,306.5,-0.005872756933115841,0.002283849918433889,-0.01794453507340943,-0.016965742251223492,0.014355628058727588
TAO,2026050715,1.0,1,153369.707,0.0,0,153369.707,100,1,1.0,0.0,2026-05-07 15:00:00+00:00,0.0,0.0,0.0,0.0,long,False,False,False,False,304.7,0.015096816540860036,0.006563833278634634,-0.013784049885132932,-0.007876599934361628,0.018706924844108963
TAO,2026050716,1.0,1,153369.707,0.0,0,153369.707,100,1,1.0,0.0,2026-05-07 16:00:00+00:00,0.0,0.0,0.0,0.0,long,False,False,False,False,309.3,-0.00678952473326877,-0.013579049466537318,-0.030714516650501178,-0.019398642095053376,0.002586485612673828
TAO,2026050717,1.0,1,153369.707,0.0,0,153369.707,100,1,1.0,0.0,2026-05-07 17:00:00+00:00,0.0,0.0,0.0,0.0,long,False,False,False,False,307.2,-0.0016276041666666297,-0.02018229166666663,-0.01660156249999989,-0.011718749999999889,0.01627604166666674
TAO,2026050718,1.0,1,153369.707,0.0,0,153369.707,100,1,1.0,0.0,2026-05-07 18:00:00+00:00,0.0,0.0,0.0,0.0,long,False,False,False,False,306.7,-0.005216824258232666,-0.02021519400065208,-0.014020215194000651,-0.015976524290837846,0.03325725464623397
TAO,2026050719,1.0,1,257744.782,0.0,0,257744.782,100,1,1.0,0.0,2026-05-07 19:00:00+00:00,0.0,104375.07500000001,104375.07500000001,0.0,long,True,False,False,False,305.1,-0.01343821697804004,-0.017371353654539567,-0.014749262536873142,-0.006227466404457704,0.025565388397246647
TAO,2026050720,1.0,1,276279.462,0.0,0,276279.462,100,1,1.0,0.0,2026-05-07 20:00:00+00:00,0.0,18534.679999999993,18534.679999999993,0.0,long,True,False,False,False,301.0,-0.0016611295681062677,0.0036544850498339,0.0009966777408638716,0.019601328903654514,0.03953488372093017
TAO,2026050721,1.0,1,276279.462,0.0,0,276279.462,100,1,1.0,0.0,2026-05-07 21:00:00+00:00,0.0,0.0,0.0,0.0,long,False,False,False,False,300.5,-0.0023294509151413623,0.006322795341098031,0.005990016638935058,0.03460898502495824,0.05257903494176386
TAO,2026050722,1.0,1,276279.462,0.0,0,276279.462,100,1,1.0,0.0,2026-05-07 22:00:00+00:00,0.0,0.0,0.0,0.0,long,False,False,False,False,299.8,0.00767178118745826,0.0026684456304202353,0.011674449633088724,0.028018679119412804,0.05503669112741827
TAO,2026050815,1.0,1,30198.247,0.0,0,30198.247,100,1,1.0,0.0,2026-05-08 15:00:00+00:00,0.0,-246081.215,-246081.215,0.0,long,False,True,False,False,310.4,-0.0009664948453607103,0.020940721649484573,0.01900773195876293,0.006121134020618646,
TAO,2026050816,1.0,1,120546.311,0.0,0,120546.311,100,1,1.0,0.0,2026-05-08 16:00:00+00:00,0.0,90348.064,90348.064,0.0,long,True,False,False,False,310.1,0.006772009029345272,0.009029345372460362,0.019993550467590993,0.00870686875201554,
TAO,2026050817,1.0,1,120546.311,0.0,0,120546.311,100,1,1.0,0.0,2026-05-08 17:00:00+00:00,0.0,0.0,0.0,0.0,long,False,False,False,False,312.2,0.015054452274183117,0.0022421524663676085,0.013773222293401721,0.00032030749519540436,
TAO,2026050818,1.0,1,120546.311,0.0,0,120546.311,100,1,1.0,0.0,2026-05-08 18:00:00+00:00,0.0,0.0,0.0,0.0,long,False,False,False,False,316.9,-0.012622278321236968,-0.0018933417481854509,-0.0066266961186493,-0.017355632691700817,
TAO,2026050819,1.0,1,120546.311,0.0,0,120546.311,100,1,1.0,0.0,2026-05-08 19:00:00+00:00,0.0,0.0,0.0,0.0,long,False,False,False,False,312.9,0.0,0.010866091403004319,0.006391818472355482,-0.004154682007030841,
TAO,2026050820,1.0,1,120546.311,0.0,0,120546.311,100,1,1.0,0.0,2026-05-08 20:00:00+00:00,0.0,0.0,0.0,0.0,long,False,False,False,False,312.9,0.010866091403004319,0.011505273250239867,0.0022371364653246406,0.0019175455417066445,
TAO,2026050821,1.0,1,120546.311,0.0,0,120546.311,100,1,1.0,0.0,2026-05-08 21:00:00+00:00,0.0,0.0,0.0,0.0,long,False,False,False,False,316.3,0.0,-0.004742333227948148,-0.012646221941195024,,
TAO,2026050822,1.0,1,120546.311,0.0,0,120546.311,100,1,1.0,0.0,2026-05-08 22:00:00+00:00,0.0,0.0,0.0,0.0,long,False,False,False,False,316.3,0.0006323110970596346,-0.0044261776794183305,-0.011065444198545715,,
TAO,2026050823,1.0,1,120546.311,0.0,0,120546.311,100,1,1.0,0.0,2026-05-08 23:00:00+00:00,0.0,0.0,0.0,0.0,long,False,False,False,False,316.5,-0.005371248025276443,-0.009162717219589167,-0.013270142180094702,,
TAO,2026050901,1.0,1,120546.311,0.0,0,120546.311,100,1,1.0,0.0,2026-05-09 01:00:00+00:00,0.0,0.0,0.0,0.0,long,False,False,False,False,314.9,-0.004128294696728929,-0.006668783740869988,-0.01047951730708152,,
TAO,2026050902,1.0,1,120546.311,0.0,0,120546.311,100,1,1.0,0.0,2026-05-09 02:00:00+00:00,0.0,0.0,0.0,0.0,long,False,False,False,False,313.6,-0.004145408163265363,-0.004145408163265363,-0.0003188775510204467,,
TAO,2026050903,1.0,1,120546.311,0.0,0,120546.311,100,1,1.0,0.0,2026-05-09 03:00:00+00:00,0.0,0.0,0.0,0.0,long,False,False,False,False,312.3,0.0016010246557796037,-0.00288184438040362,,,
TAO,2026050904,1.0,1,120546.311,0.0,0,120546.311,100,1,1.0,0.0,2026-05-09 04:00:00+00:00,0.0,0.0,0.0,0.0,long,False,False,False,False,312.8,-0.0015984654731457937,-0.0038363171355498826,,,
TAO,2026050905,1.0,1,120546.311,0.0,0,120546.311,100,1,1.0,0.0,2026-05-09 05:00:00+00:00,0.0,0.0,0.0,0.0,long,False,False,False,False,312.3,-0.00288184438040362,0.003842459173871271,,,
DYDX,2026050809,1.0,1,1003.80525,0.0,0,1003.80525,100,1,1.0,0.0,2026-05-08 09:00:00+00:00,,,,,long,False,False,False,False,0.16677,-0.00017988846914918089,0.011632787671643552,0.029022006356059338,0.07393416082029147,
DYDX,2026050810,1.0,1,4931.25,0.0,0,4931.25,100,1,1.0,0.0,2026-05-08 10:00:00+00:00,0.0,3927.44475,3927.44475,0.0,long,True,False,False,False,0.16674,0.00809643756747036,0.012474511215065265,0.05511574907040906,0.0789852464915437,
DYDX,2026050811,1.0,1,4931.25,0.0,0,4931.25,100,1,1.0,0.0,2026-05-08 11:00:00+00:00,0.0,0.0,0.0,0.0,long,False,False,False,False,0.16809,0.0036885002082218676,0.025522041763341274,0.05919447914807563,0.05967041465881384,
DYDX,2026050812,1.0,1,4931.25,0.0,0,4931.25,100,1,1.0,0.0,2026-05-08 12:00:00+00:00,0.0,0.0,0.0,0.0,long,False,False,False,False,0.16871,0.0006520064015174132,0.017189259676367863,0.05844348289965029,0.044040068757038586,
DYDX,2026050813,1.0,1,4931.25,0.0,0,4931.25,100,1,1.0,0.0,2026-05-08 13:00:00+00:00,0.0,0.0,0.0,0.0,long,False,False,False,False,0.16882,0.021087548868617523,0.04211586304940185,0.08239545077597454,0.05727994313469975,
DYDX,2026050814,1.0,1,4931.25,0.0,0,4931.25,100,1,1.0,0.0,2026-05-08 14:00:00+00:00,0.0,0.0,0.0,0.0,long,False,False,False,False,0.17238,-0.004466875507599499,0.03283443554936771,0.039911822717252576,0.045074834667594876,
DYDX,2026050815,1.0,1,4931.25,0.0,0,4931.25,100,1,1.0,0.0,2026-05-08 15:00:00+00:00,0.0,0.0,0.0,0.0,long,False,False,False,False,0.17161,0.025173358195909268,0.04055707709340939,0.043645475205407624,0.04754967659227316,
DYDX,2026050816,1.0,1,4931.25,0.0,0,4931.25,100,1,1.0,0.0,2026-05-08 16:00:00+00:00,0.0,0.0,0.0,0.0,long,False,False,False,False,0.17593,0.011993406468481682,0.03865173648610254,0.022622634002159803,0.009890297277326265,
DYDX,2026050817,1.0,1,4931.25,0.0,0,4931.25,100,1,1.0,0.0,2026-05-08 17:00:00+00:00,0.0,0.0,0.0,0.0,long,False,False,False,False,0.17804,0.0029768591327792304,0.0068523927207368995,0.00044933722758933037,-0.004100202201752445,
DYDX,2026050818,1.0,1,4931.25,0.0,0,4931.25,100,1,1.0,0.0,2026-05-08 18:00:00+00:00,0.0,0.0,0.0,0.0,long,False,False,False,False,0.17857,0.023296186369490934,0.0029680237441900292,-0.01360810886487096,0.004760038080304563,
DYDX,2026050819,1.0,1,4931.25,0.0,0,4931.25,100,1,1.0,0.0,2026-05-08 19:00:00+00:00,0.0,0.0,0.0,0.0,long,False,False,False,False,0.18273,-0.01898976632189575,-0.015432605483500339,-0.023203633776610277,-0.03781535598971164,
DYDX,2026050820,1.0,1,4931.25,0.0,0,4931.25,100,1,1.0,0.0,2026-05-08 20:00:00+00:00,0.0,0.0,0.0,0.0,long,False,False,False,False,0.17926,-0.0008925582952136191,-0.0063594778533972995,0.004964855517125999,-0.024601138011826396,
DYDX,2026050821,1.0,1,4931.25,0.0,0,4931.25,100,1,1.0,0.0,2026-05-08 21:00:00+00:00,0.0,0.0,0.0,0.0,long,False,False,False,False,0.1791,0.00452261306532642,-0.016527079843662862,0.0037409268565047338,,
DYDX,2026050822,1.0,1,9160.65000000002,0.0,0,9160.65000000002,100,1,1.0,0.0,2026-05-08 22:00:00+00:00,0.0,4229.40000000002,4229.40000000002,0.0,long,True,False,False,False,0.17991,-0.009949419154021366,-0.007892835306542056,-0.012450669779334067,,
DYDX,2026050823,1.0,1,9160.65000000002,0.0,0,9160.65000000002,100,1,1.0,0.0,2026-05-08 23:00:00+00:00,0.0,0.0,0.0,0.0,long,False,False,False,False,0.17812,-0.011116101504603737,0.011396811138558283,-0.004547496070065105,,
DYDX,2026050901,1.0,1,9160.65000000002,0.0,0,9160.65000000002,100,1,1.0,0.0,2026-05-09 01:00:00+00:00,0.0,0.0,0.0,0.0,long,False,False,False,False,0.17849,0.009300240909854818,-0.0045940949072778015,-0.014958821222477492,,
DYDX,2026050902,1.0,1,9160.65000000002,0.0,0,9160.65000000002,100,1,1.0,0.0,2026-05-09 02:00:00+00:00,0.0,0.0,0.0,0.0,long,False,False,False,False,0.18015,-0.0021093533166804956,-0.015764640577296762,-0.029419927837912807,,
DYDX,2026050903,1.0,1,9160.65000000002,0.0,0,9160.65000000002,100,1,1.0,0.0,2026-05-09 03:00:00+00:00,0.0,0.0,0.0,0.0,long,False,False,False,False,0.17977,-0.011681593146798841,-0.0019469321911331772,,,
DYDX,2026050904,1.0,1,9160.65000000002,0.0,0,9160.65000000002,100,1,1.0,0.0,2026-05-09 04:00:00+00:00,0.0,0.0,0.0,0.0,long,False,False,False,False,0.17767,-0.002026228400968111,-0.010412562616085919,,,
DYDX,2026050905,1.0,1,9160.65000000002,0.0,0,9160.65000000002,100,1,1.0,0.0,2026-05-09 05:00:00+00:00,0.0,0.0,0.0,0.0,long,False,False,False,False,0.17731,0.011900062038238124,-0.013874005978230186,,,
VIRTUAL,2026050716,0.0,0,-30.84416000000001,1.0,1,30.84416000000001,100,1,0.0,1.0,2026-05-07 16:00:00+00:00,,,,,short,False,False,False,False,0.8855,0.013438735177865535,0.008356860530773558,0.0164878599661209,0.031620553359683834,0.037154150197628466
VIRTUAL,2026050717,0.0,0,-30.84416000000001,1.0,1,30.84416000000001,100,1,0.0,1.0,2026-05-07 17:00:00+00:00,0.0,0.0,0.0,0.0,short,False,False,False,False,0.8974,-0.0026743926899932546,-0.017494985513706207,0.011589034989971214,-0.0028972587474926925,0.03510140405616213
VIRTUAL,2026050718,0.0,0,-30.84416000000001,1.0,1,30.84416000000001,100,1,0.0,1.0,2026-05-07 18:00:00+00:00,0.0,0.0,0.0,0.0,short,False,False,False,False,0.895,-0.0023463687150837576,-0.010949720670391128,0.014189944134078036,0.009050279329609001,0.03731843575419003
ARM,2026050605,1.0,1,122964.188,0.0,0,122964.188,100,1,1.0,0.0,2026-05-06 05:00:00+00:00,,,,,long,False,False,False,False,235.5,-0.016560509554140124,-0.000424628450106157,-0.005095541401273884,0.000849256900212314,-0.034819532908704875
ARM,2026050606,1.0,1,88439.262,0.0,0,88439.262,100,1,1.0,0.0,2026-05-06 06:00:00+00:00,0.0,-34524.92599999999,-34524.92599999999,0.0,long,False,True,False,False,231.6,0.003022452504317874,0.008635578583765069,-0.0038860103626943143,0.025043177892918767,-0.022452504317789224
ARM,2026050607,1.0,1,88439.262,0.0,0,88439.262,100,1,1.0,0.0,2026-05-06 07:00:00+00:00,0.0,0.0,0.0,0.0,long,False,False,False,False,232.3,0.01334481274214383,0.014205768402927088,-0.01334481274214383,0.02884201463624625,-0.03400774860094702
ARM,2026050608,1.0,1,88439.262,0.0,0,88439.262,100,1,1.0,0.0,2026-05-06 08:00:00+00:00,0.0,0.0,0.0,0.0,long,False,False,False,False,235.4,-0.007646559048428259,-0.004672897196261627,-0.01954120645709423,0.041631265930331285,-0.04418011894647411
ARM,2026050609,1.0,1,88439.262,0.0,0,88439.262,100,1,1.0,0.0,2026-05-06 09:00:00+00:00,0.0,0.0,0.0,0.0,long,False,False,False,False,233.6,0.008561643835616417,-0.012414383561643816,0.001712328767123239,-0.06592465753424659,-0.045804794520547865
ARM,2026050610,1.0,1,88439.262,0.0,0,88439.262,100,1,1.0,0.0,2026-05-06 10:00:00+00:00,0.0,0.0,0.0,0.0,long,False,False,False,False,235.6,-0.005517826825127248,-0.02716468590831922,-0.000848896434634927,-0.06494057724957547,-0.057300509337860794
ARM,2026050611,1.0,1,88439.262,0.0,0,88439.262,100,1,1.0,0.0,2026-05-06 11:00:00+00:00,0.0,0.0,0.0,0.0,long,False,False,False,False,234.3,-0.015364916773367598,-0.014938113529662789,0.0059752454118651155,-0.047801963294921146,-0.05719163465642341
ARM,2026050612,1.0,1,88439.262,0.0,0,88439.262,100,1,1.0,0.0,2026-05-06 12:00:00+00:00,0.0,0.0,0.0,0.0,long,False,False,False,False,230.7,-0.006501950585175553,0.014304291287386306,0.029042045947117456,-0.03077589943649761,-0.04941482444733414
ARM,2026050613,1.0,1,88439.262,0.0,0,88439.262,100,1,1.0,0.0,2026-05-06 13:00:00+00:00,0.0,0.0,0.0,0.0,long,False,False,False,False,229.2,0.006980802792321272,0.027050610820244403,0.04275741710296699,-0.03315881326352532,-0.035340314136125595
ARM,2026050614,1.0,1,88439.262,0.0,0,88439.262,100,1,1.0,0.0,2026-05-06 14:00:00+00:00,0.0,0.0,0.0,0.0,long,False,False,False,False,230.8,0.013864818024263315,0.02123050259965331,0.06239168110918536,-0.020363951473136965,-0.04982668977469673
ARM,2026050615,1.0,1,88439.262,0.0,0,88439.262,100,1,1.0,0.0,2026-05-06 15:00:00+00:00,0.0,0.0,0.0,0.0,long,False,False,False,False,234.0,0.005982905982905962,0.014529914529914478,-0.06752136752136761,-0.038461538461538436,-0.08076923076923082
ARM,2026050616,1.0,1,88439.262,0.0,0,88439.262,100,1,1.0,0.0,2026-05-06 16:00:00+00:00,0.0,0.0,0.0,0.0,long,False,False,False,False,235.4,0.0012744265080713024,0.015293118096856295,-0.06414613423959215,-0.022090059473237167,-0.09005947323704344
ARM,2026050617,1.0,1,88439.262,0.0,0,88439.262,100,1,1.0,0.0,2026-05-06 17:00:00+00:00,0.0,0.0,0.0,0.0,long,False,False,False,False,235.7,0.007212558336868957,0.04030547305897336,-0.053457785320322415,-0.03563852354688157,-0.09546033092914719
ARM,2026050618,1.0,1,88439.262,0.0,0,88439.262,100,1,1.0,0.0,2026-05-06 18:00:00+00:00,0.0,0.0,0.0,0.0,long,False,False,False,False,237.4,0.006739679865206405,-0.08087615838247686,-0.05812973883740524,-0.046335299073294034,-0.10404380791912393
ARM,2026050619,1.0,1,88439.262,0.0,0,88439.262,100,1,1.0,0.0,2026-05-06 19:00:00+00:00,0.0,0.0,0.0,0.0,long,False,False,False,False,239.0,0.025941422594142116,-0.07824267782426775,-0.07280334728033477,-0.06108786610878658,-0.105020920502092
ARM,2026050620,1.0,1,88439.262,0.0,0,88439.262,100,1,1.0,0.0,2026-05-06 20:00:00+00:00,0.0,0.0,0.0,0.0,long,False,False,False,False,245.2,-0.11011419249592169,-0.09013050570962478,-0.07789559543230018,-0.08238172920065245,-0.12887438825448616
ARM,2026050621,1.0,1,88439.262,0.0,0,88439.262,100,1,1.0,0.0,2026-05-06 21:00:00+00:00,0.0,0.0,0.0,0.0,long,False,False,False,False,218.2,0.009624197983501448,0.024747937671860676,0.031164069660861715,0.021539871677360267,
ARM,2026050622,1.0,1,88439.262,0.0,0,88439.262,100,1,1.0,0.0,2026-05-06 22:00:00+00:00,0.0,0.0,0.0,0.0,long,False,False,False,False,220.3,0.012709940989559687,0.0059010440308668866,0.04493871992737164,0.008170676350431227,
ARM,2026050623,1.0,1,88439.262,0.0,0,88439.262,100,1,1.0,0.0,2026-05-06 23:00:00+00:00,0.0,0.0,0.0,0.0,long,False,False,False,False,223.1,0.0022411474675032572,0.01344688480502021,0.01882563872702825,-0.009861048857014776,
ARM,2026050701,1.0,1,88439.262,0.0,0,88439.262,100,1,1.0,0.0,2026-05-07 01:00:00+00:00,0.0,0.0,0.0,0.0,long,False,False,False,False,221.6,0.02030685920577624,0.03880866425992768,0.012635379061371799,-0.002256317689530718,
ARM,2026050702,1.0,1,88439.262,0.0,0,88439.262,100,1,1.0,0.0,2026-05-07 02:00:00+00:00,0.0,0.0,0.0,0.0,long,False,False,False,False,226.1,-0.0048651039363113435,0.005307386112339829,-0.0048651039363113435,-0.0300751879699247,
ARM,2026050703,1.0,1,88439.262,0.0,0,88439.262,100,1,1.0,0.0,2026-05-07 03:00:00+00:00,0.0,0.0,0.0,0.0,long,False,False,False,False,225.0,0.023111111111111082,0.006222222222222351,-0.009333333333333305,-0.04400000000000004,
ARM,2026050704,1.0,1,88439.262,0.0,0,88439.262,100,1,1.0,0.0,2026-05-07 04:00:00+00:00,0.0,0.0,0.0,0.0,long,False,False,False,False,230.2,-0.012597741094700132,-0.025195482189400487,-0.0351867940920938,-0.06950477845351866,
ARM,2026050705,1.0,1,88439.262,0.0,0,88439.262,100,1,1.0,0.0,2026-05-07 05:00:00+00:00,0.0,0.0,0.0,0.0,long,False,False,False,False,227.3,-0.003959524857017227,-0.010118785745710568,-0.028156621205455368,-0.062032556093268854,
ARM,2026050706,1.0,1,88439.262,0.0,0,88439.262,100,1,1.0,0.0,2026-05-07 06:00:00+00:00,0.0,0.0,0.0,0.0,long,False,False,False,False,226.4,-0.00883392226148405,-0.015459363957597172,-0.03136042402826855,-0.060512367491166175,
ARM,2026050707,1.0,1,88439.262,0.0,0,88439.262,100,1,1.0,0.0,2026-05-07 07:00:00+00:00,0.0,0.0,0.0,0.0,long,False,False,False,False,224.4,0.002673796791443861,-0.01024955436720143,-0.014705882352941235,-0.046791443850267345,
ARM,2026050708,1.0,1,88439.262,0.0,0,88439.262,100,1,1.0,0.0,2026-05-07 08:00:00+00:00,0.0,0.0,0.0,0.0,long,False,False,False,False,225.0,-0.009333333333333305,-0.01822222222222225,-0.02533333333333332,-0.05066666666666664,
ARM,2026050709,1.0,1,88439.262,0.0,0,88439.262,100,1,1.0,0.0,2026-05-07 09:00:00+00:00,0.0,0.0,0.0,0.0,long,False,False,False,False,222.9,-0.0035890533871691943,-0.01615074024226104,-0.03499327052489909,,
ARM,2026050710,1.0,1,88439.262,0.0,0,88439.262,100,1,1.0,0.0,2026-05-07 10:00:00+00:00,0.0,0.0,0.0,0.0,long,False,False,False,False,222.1,-0.005402971634398845,-0.004502476361999075,-0.03556956325979288,,
ARM,2026050711,1.0,1,88439.262,0.0,0,88439.262,100,1,1.0,0.0,2026-05-07 11:00:00+00:00,0.0,0.0,0.0,0.0,long,False,False,False,False,220.9,-0.007243096423721118,-0.007243096423721118,-0.03485740153915806,,
ARM,2026050712,1.0,1,88439.262,0.0,0,88439.262,100,1,1.0,0.0,2026-05-07 12:00:00+00:00,0.0,0.0,0.0,0.0,long,False,False,False,False,219.3,0.008207934336525335,-0.019151846785225746,-0.030095759233926267,,
ARM,2026050713,1.0,1,88439.262,0.0,0,88439.262,100,1,1.0,0.0,2026-05-07 13:00:00+00:00,0.0,0.0,0.0,0.0,long,False,False,False,False,221.1,-0.008141112618724522,-0.031207598371777556,-0.0325644504748982,,
ARM,2026050714,1.0,1,88439.262,0.0,0,88439.262,100,1,1.0,0.0,2026-05-07 14:00:00+00:00,0.0,0.0,0.0,0.0,long,False,False,False,False,219.3,-0.019151846785225746,-0.02781577747378028,-0.0259917920656636,,
ARM,2026050715,1.0,1,88439.262,0.0,0,88439.262,100,1,1.0,0.0,2026-05-07 15:00:00+00:00,0.0,0.0,0.0,0.0,long,False,False,False,False,215.1,-0.004184100418410108,-0.01115760111576014,,,
ARM,2026050716,1.0,1,88439.262,0.0,0,88439.262,100,1,1.0,0.0,2026-05-07 16:00:00+00:00,0.0,0.0,0.0,0.0,long,False,False,False,False,214.2,-0.00466853408029877,-0.0014005602240895199,,,
ARM,2026050717,1.0,1,88439.262,0.0,0,88439.262,100,1,1.0,0.0,2026-05-07 17:00:00+00:00,0.0,0.0,0.0,0.0,long,False,False,False,False,213.2,-0.002345215759849917,0.0018761726078799779,,,
ARM,2026050718,1.0,1,88439.262,0.0,0,88439.262,100,1,1.0,0.0,2026-05-07 18:00:00+00:00,0.0,0.0,0.0,0.0,long,False,False,False,False,212.7,0.005641748942172065,,,,
ARM,2026050719,1.0,1,88439.262,0.0,0,88439.262,100,1,1.0,0.0,2026-05-07 19:00:00+00:00,0.0,0.0,0.0,0.0,long,False,False,False,False,213.9,-0.0014025245441795509,,,,
ARM,2026050720,1.0,1,88439.262,0.0,0,88439.262,100,1,1.0,0.0,2026-05-07 20:00:00+00:00,0.0,0.0,0.0,0.0,long,False,False,False,False,213.6,,,,,
ARM,2026050721,1.0,1,88439.262,0.0,0,88439.262,100,1,1.0,0.0,2026-05-07 21:00:00+00:00,0.0,0.0,0.0,0.0,long,False,False,False,False,,,,,,
ARM,2026050722,1.0,1,88439.262,0.0,0,88439.262,100,1,1.0,0.0,2026-05-07 22:00:00+00:00,0.0,0.0,0.0,0.0,long,False,False,False,False,,,,,,
ARM,2026050723,1.0,1,88439.262,0.0,0,88439.262,100,1,1.0,0.0,2026-05-07 23:00:00+00:00,0.0,0.0,0.0,0.0,long,False,False,False,False,,,,,,
ARM,2026050801,1.0,1,88439.262,0.0,0,88439.262,100,1,1.0,0.0,2026-05-08 01:00:00+00:00,0.0,0.0,0.0,0.0,long,False,False,False,False,,,,,,
ARM,2026050802,1.0,1,88439.262,0.0,0,88439.262,100,1,1.0,0.0,2026-05-08 02:00:00+00:00,0.0,0.0,0.0,0.0,long,False,False,False,False,,,,,,
ARM,2026050803,1.0,1,88439.262,0.0,0,88439.262,100,1,1.0,0.0,2026-05-08 03:00:00+00:00,0.0,0.0,0.0,0.0,long,False,False,False,False,,,,,,
ARM,2026050804,1.0,1,88439.262,0.0,0,88439.262,100,1,1.0,0.0,2026-05-08 04:00:00+00:00,0.0,0.0,0.0,0.0,long,False,False,False,False,,,,,,
ARM,2026050805,1.0,1,88439.262,0.0,0,88439.262,100,1,1.0,0.0,2026-05-08 05:00:00+00:00,0.0,0.0,0.0,0.0,long,False,False,False,False,,,,,,
ARM,2026050806,1.0,1,88439.262,0.0,0,88439.262,100,1,1.0,0.0,2026-05-08 06:00:00+00:00,0.0,0.0,0.0,0.0,long,False,False,False,False,,,,,,
ARM,2026050807,1.0,1,88439.262,0.0,0,88439.262,100,1,1.0,0.0,2026-05-08 07:00:00+00:00,0.0,0.0,0.0,0.0,long,False,False,False,False,,,,,,
ARM,2026050808,1.0,1,88439.262,0.0,0,88439.262,100,1,1.0,0.0,2026-05-08 08:00:00+00:00,0.0,0.0,0.0,0.0,long,False,False,False,False,,,,,,
ARM,2026050809,1.0,1,88439.262,0.0,0,88439.262,100,1,1.0,0.0,2026-05-08 09:00:00+00:00,0.0,0.0,0.0,0.0,long,False,False,False,False,,,,,,
ARM,2026050810,1.0,1,88439.262,0.0,0,88439.262,100,1,1.0,0.0,2026-05-08 10:00:00+00:00,0.0,0.0,0.0,0.0,long,False,False,False,False,,,,,,
ARM,2026050811,1.0,1,88439.262,0.0,0,88439.262,100,1,1.0,0.0,2026-05-08 11:00:00+00:00,0.0,0.0,0.0,0.0,long,False,False,False,False,,,,,,
ARM,2026050812,1.0,1,88439.262,0.0,0,88439.262,100,1,1.0,0.0,2026-05-08 12:00:00+00:00,0.0,0.0,0.0,0.0,long,False,False,False,False,,,,,,
ARM,2026050813,1.0,1,88439.262,0.0,0,88439.262,100,1,1.0,0.0,2026-05-08 13:00:00+00:00,0.0,0.0,0.0,0.0,long,False,False,False,False,,,,,,
ARM,2026050814,1.0,1,88439.262,0.0,0,88439.262,100,1,1.0,0.0,2026-05-08 14:00:00+00:00,0.0,0.0,0.0,0.0,long,False,False,False,False,,,,,,
ARM,2026050815,1.0,1,88439.262,0.0,0,88439.262,100,1,1.0,0.0,2026-05-08 15:00:00+00:00,0.0,0.0,0.0,0.0,long,False,False,False,False,,,,,,
ARM,2026050816,1.0,1,88439.262,0.0,0,88439.262,100,1,1.0,0.0,2026-05-08 16:00:00+00:00,0.0,0.0,0.0,0.0,long,False,False,False,False,,,,,,
ARM,2026050817,1.0,1,88439.262,0.0,0,88439.262,100,1,1.0,0.0,2026-05-08 17:00:00+00:00,0.0,0.0,0.0,0.0,long,False,False,False,False,,,,,,
ARM,2026050818,1.0,1,88439.262,0.0,0,88439.262,100,1,1.0,0.0,2026-05-08 18:00:00+00:00,0.0,0.0,0.0,0.0,long,False,False,False,False,,,,,,
ARM,2026050819,1.0,1,88439.262,0.0,0,88439.262,100,1,1.0,0.0,2026-05-08 19:00:00+00:00,0.0,0.0,0.0,0.0,long,False,False,False,False,,,,,,
ARM,2026050820,1.0,1,88439.262,0.0,0,88439.262,100,1,1.0,0.0,2026-05-08 20:00:00+00:00,0.0,0.0,0.0,0.0,long,False,False,False,False,,,,,,
ARM,2026050821,1.0,1,88439.262,0.0,0,88439.262,100,1,1.0,0.0,2026-05-08 21:00:00+00:00,0.0,0.0,0.0,0.0,long,False,False,False,False,,,,,,
ARM,2026050822,1.0,1,88439.262,0.0,0,88439.262,100,1,1.0,0.0,2026-05-08 22:00:00+00:00,0.0,0.0,0.0,0.0,long,False,False,False,False,,,,,,
ARM,2026050823,1.0,1,88439.262,0.0,0,88439.262,100,1,1.0,0.0,2026-05-08 23:00:00+00:00,0.0,0.0,0.0,0.0,long,False,False,False,False,,,,,,
ARM,2026050901,1.0,1,88439.262,0.0,0,88439.262,100,1,1.0,0.0,2026-05-09 01:00:00+00:00,0.0,0.0,0.0,0.0,long,False,False,False,False,,,,,,
ARM,2026050902,1.0,1,88439.262,0.0,0,88439.262,100,1,1.0,0.0,2026-05-09 02:00:00+00:00,0.0,0.0,0.0,0.0,long,False,False,False,False,,,,,,
ARM,2026050903,1.0,1,88439.262,0.0,0,88439.262,100,1,1.0,0.0,2026-05-09 03:00:00+00:00,0.0,0.0,0.0,0.0,long,False,False,False,False,,,,,,
ARM,2026050904,1.0,1,88439.262,0.0,0,88439.262,100,1,1.0,0.0,2026-05-09 04:00:00+00:00,0.0,0.0,0.0,0.0,long,False,False,False,False,,,,,,
ARM,2026050905,1.0,1,88439.262,0.0,0,88439.262,100,1,1.0,0.0,2026-05-09 05:00:00+00:00,0.0,0.0,0.0,0.0,long,False,False,False,False,,,,,,
WET,2026050605,1.0,1,15174.83840000025,0.0,0,15174.83840000025,100,1,1.0,0.0,2026-05-06 05:00:00+00:00,,,,,long,False,False,False,False,0.09333,0.002571520411443373,0.03803707275259827,0.027536697739205085,0.05625200900032157,0.01746490946105217
WET,2026050606,1.0,1,15174.83840000025,0.0,0,15174.83840000025,100,1,1.0,0.0,2026-05-06 06:00:00+00:00,0.0,0.0,0.0,0.0,long,False,False,False,False,0.09357,0.008977236293683744,0.021588115849096923,0.015710163513946718,0.050977877524847726,0.016565138399059487
WET,2026050607,1.0,1,15174.83840000025,0.0,0,15174.83840000025,100,1,1.0,0.0,2026-05-06 07:00:00+00:00,0.0,0.0,0.0,0.0,long,False,False,False,False,0.09441,0.02616248278784017,0.0159940684249551,-0.004554602266709007,0.030293401122762464,0.009850651414045064
WET,2026050608,1.0,1,15174.83840000025,0.0,0,15174.83840000025,100,1,1.0,0.0,2026-05-06 08:00:00+00:00,0.0,0.0,0.0,0.0,long,False,False,False,False,0.09688,-0.01331544178364985,-0.01011560693641611,-0.030037159372419464,0.005883567299752368,-0.012902559867877694
WET,2026050609,1.0,1,15174.83840000025,0.0,0,15174.83840000025,100,1,1.0,0.0,2026-05-06 09:00:00+00:00,0.0,0.0,0.0,0.0,long,False,False,False,False,0.09559,0.0034522439585731313,-0.005753739930955071,-0.0012553614394810175,0.01516895072706359,-0.012030547128360713
WET,2026050610,1.0,1,15174.83840000025,0.0,0,15174.83840000025,100,1,1.0,0.0,2026-05-06 10:00:00+00:00,0.0,0.0,0.0,0.0,long,False,False,False,False,0.09592,-0.00020850708924113892,-0.020225187656380483,0.006672226855713115,0.004274395329441072,-0.008757297748123505
WET,2026050611,1.0,1,15174.83840000025,0.0,0,15174.83840000025,100,1,1.0,0.0,2026-05-06 11:00:00+00:00,0.0,0.0,0.0,0.0,long,False,False,False,False,0.0959,-0.008967674661105263,-0.020125130344108455,0.027945776850886395,0.002606882168926017,-0.008133472367049088
WET,2026050612,1.0,1,15174.83840000025,0.0,0,15174.83840000025,100,1,1.0,0.0,2026-05-06 12:00:00+00:00,0.0,0.0,0.0,0.0,long,False,False,False,False,0.09504,-0.011153198653198748,0.004524410774410681,0.0347222222222221,0.0032617845117846045,-0.010311447811447771
WET,2026050613,1.0,1,15174.83840000025,0.0,0,15174.83840000025,100,1,1.0,0.0,2026-05-06 13:00:00+00:00,0.0,0.0,0.0,0.0,long,False,False,False,False,0.09398,-0.00010640561821662065,0.027452649499893678,0.03500744839327519,0.00617152585656533,-0.009789316875930987
WET,2026050614,1.0,1,15174.83840000025,0.0,0,15174.83840000025,100,1,1.0,0.0,2026-05-06 14:00:00+00:00,0.0,0.0,0.0,0.0,long,False,False,False,False,0.09397,0.01596254123656493,0.049058210067042696,0.03703309566883051,0.007023518144088525,-0.022028306906459516
WET,2026050615,1.0,1,15174.83840000025,0.0,0,15174.83840000025,100,1,1.0,0.0,2026-05-06 15:00:00+00:00,0.0,0.0,0.0,0.0,long,False,False,False,False,0.09547,0.011417199120142607,0.030061799518173116,0.01644495653084732,-0.013931077825494853,-0.036765476065779845
WET,2026050616,1.0,1,15174.83840000025,0.0,0,15174.83840000025,100,1,1.0,0.0,2026-05-06 16:00:00+00:00,0.0,0.0,0.0,0.0,long,False,False,False,False,0.09656,0.020919635459817565,0.007352941176470562,-0.002381938690969476,-0.024130074565037463,-0.02185169842584922
WET,2026050617,1.0,1,15174.83840000025,0.0,0,15174.83840000025,100,1,1.0,0.0,2026-05-06 17:00:00+00:00,0.0,0.0,0.0,0.0,long,False,False,False,False,0.09858,-0.002434570906877709,-0.011462771353215717,-0.024650030432136316,-0.03672144451207138,-0.023635625887603928
WET,2026050618,1.0,1,15174.83840000025,0.0,0,15174.83840000025,100,1,1.0,0.0,2026-05-06 18:00:00+00:00,0.0,0.0,0.0,0.0,long,False,False,False,False,0.09834,-0.010880618263168662,-0.01321944274964404,-0.030404718324181346,-0.032743542810656945,-0.00020337604230213913
WET,2026050619,1.0,1,15174.83840000025,0.0,0,15174.83840000025,100,1,1.0,0.0,2026-05-06 19:00:00+00:00,0.0,0.0,0.0,0.0,long,False,False,False,False,0.09727,0.001850519173434817,-0.009663822350159279,-0.02786059422226783,-0.01984167780405055,-0.0031870052431375306
WET,2026050620,1.0,1,15174.83840000025,0.0,0,15174.83840000025,100,1,1.0,0.0,2026-05-06 20:00:00+00:00,0.0,0.0,0.0,0.0,long,False,False,False,False,0.09745,-0.004207285787583337,-0.01334017444843505,-0.028937916880451442,-0.018676244227809002,-0.01621344279117498
WET,2026050621,1.0,1,15174.83840000025,0.0,0,15174.83840000025,100,1,1.0,0.0,2026-05-06 21:00:00+00:00,0.0,0.0,0.0,0.0,long,False,False,False,False,0.09704,-0.0073165704863973335,-0.017415498763396542,-0.02988458367683433,-0.026793075020610124,-0.012159934047815346
WET,2026050622,1.0,1,15174.83840000025,0.0,0,15174.83840000025,100,1,1.0,0.0,2026-05-06 22:00:00+00:00,0.0,0.0,0.0,0.0,long,False,False,False,False,0.09633,-0.0018685767673621845,-0.01837433821239487,-0.021800062285892263,-0.012976227551126374,-0.007785736530675824
WET,2026050623,1.0,1,15174.83840000025,0.0,0,15174.83840000025,100,1,1.0,0.0,2026-05-06 23:00:00+00:00,0.0,0.0,0.0,0.0,long,False,False,False,False,0.09615,-0.008320332813312459,-0.015808632345293727,-0.012376495059802317,-0.010712428497139936,-0.004784191367654733
WET,2026050701,1.0,1,15174.83840000025,0.0,0,15174.83840000025,100,1,1.0,0.0,2026-05-07 01:00:00+00:00,0.0,0.0,0.0,0.0,long,False,False,False,False,0.09456,0.0007402707275803166,-0.0034898477157361274,0.008248730964466988,-0.01586294416243661,0.010892554991539738
WET,2026050702,1.0,1,15174.83840000025,0.0,0,15174.83840000025,100,1,1.0,0.0,2026-05-07 02:00:00+00:00,0.0,0.0,0.0,0.0,long,False,False,False,False,0.09463,-0.005178061925393718,0.0034872661946527828,0.010567473317129927,-0.028849202155764697,0.003170241995138934
WET,2026050703,1.0,1,15174.83840000025,0.0,0,15174.83840000025,100,1,1.0,0.0,2026-05-07 03:00:00+00:00,0.0,0.0,0.0,0.0,long,False,False,False,False,0.09414,0.0009560229445506607,0.010410027618440454,0.0031867431485022024,-0.023157000212449597,0.003824091778202643
WET,2026050704,1.0,1,15174.83840000025,0.0,0,15174.83840000025,100,1,1.0,0.0,2026-05-07 04:00:00+00:00,0.0,0.0,0.0,0.0,long,False,False,False,False,0.09423,0.007747002016343041,0.011779687997452992,0.009020481799851376,0.0023347129364321706,0.020481799851427285
WET,2026050705,1.0,1,15174.83840000025,0.0,0,15174.83840000025,100,1,1.0,0.0,2026-05-07 05:00:00+00:00,0.0,0.0,0.0,0.0,long,False,False,False,False,0.09496,0.0016849199663016012,0.0070556023588879135,0.0016849199663016012,0.013584667228306646,-0.003159224936815641
WET,2026050706,1.0,1,15174.83840000025,0.0,0,15174.83840000025,100,1,1.0,0.0,2026-05-07 06:00:00+00:00,0.0,0.0,0.0,0.0,long,False,False,False,False,0.09512,0.0023128679562658405,-0.007148864592094184,-0.01114381833473499,0.033641715727502186,-0.001682085786375076
WET,2026050707,1.0,1,15174.83840000025,0.0,0,15174.83840000025,100,1,1.0,0.0,2026-05-07 07:00:00+00:00,0.0,0.0,0.0,0.0,long,False,False,False,False,0.09534,0.003041745332494461,-0.002727082022236149,-0.023914411579609718,0.016991818753933297,-0.002727082022236149
WET,2026050708,1.0,1,15174.83840000025,0.0,0,15174.83840000025,100,1,1.0,0.0,2026-05-07 08:00:00+00:00,0.0,0.0,0.0,0.0,long,False,False,False,False,0.09563,-0.012443793788560198,-0.005333054480811561,-0.039004496496915286,0.0025096726968523164,-0.005646763567918156
WET,2026050709,1.0,1,15174.83840000025,0.0,0,15174.83840000025,100,1,1.0,0.0,2026-05-07 09:00:00+00:00,0.0,0.0,0.0,0.0,long,False,False,False,False,0.09444,0.006776789495976265,-0.004023718763235817,-0.026260059296908,0.015036001694197498,0.006565014824227111
WET,2026050710,1.0,1,15174.83840000025,0.0,0,15174.83840000025,100,1,1.0,0.0,2026-05-07 10:00:00+00:00,0.0,0.0,0.0,0.0,long,False,False,False,False,0.09508,0.0004206983592762725,-0.02124526714345809,-0.00662599915860318,0.005258729490954961,-0.0005258729490954517
WET,2026050711,1.0,1,15174.83840000025,0.0,0,15174.83840000025,100,1,1.0,0.0,2026-05-07 11:00:00+00:00,0.0,0.0,0.0,0.0,long,False,False,False,False,0.09512,-0.01114381833473499,-0.03385197645079896,0.01187973086627414,0.005992430613961375,-0.0024179983179141162
WET,2026050712,1.0,1,15174.83840000025,0.0,0,15174.83840000025,100,1,1.0,0.0,2026-05-07 12:00:00+00:00,0.0,0.0,0.0,0.0,long,False,False,False,False,0.09406,-0.0106315118009781,-0.02232617478205401,0.04529024027216666,0.014990431639378965,0.0012757814161172831
WET,2026050713,1.0,1,15174.83840000025,0.0,0,15174.83840000025,100,1,1.0,0.0,2026-05-07 13:00:00+00:00,0.0,0.0,0.0,0.0,long,False,False,False,False,0.09306,-0.012465076294863597,0.01493660004298314,0.04190844616376532,0.027186761229314405,0.010423382763808275
WET,2026050714,1.0,1,15174.83840000025,0.0,0,15174.83840000025,100,1,1.0,0.0,2026-05-07 14:00:00+00:00,0.0,0.0,0.0,0.0,long,False,False,False,False,0.0919,0.0006528835690968737,0.047334058759521236,0.04319912948857452,0.03297062023939068,0.03177366702937978
WET,2026050715,1.0,1,15174.83840000025,0.0,0,15174.83840000025,100,1,1.0,0.0,2026-05-07 15:00:00+00:00,0.0,0.0,0.0,0.0,long,False,False,False,False,0.09196,0.027076989995650447,0.06916050456720324,0.04240974336668124,0.027620704654197414,0.02348847324923864
WET,2026050716,1.0,1,15174.83840000025,0.0,0,15174.83840000025,100,1,1.0,0.0,2026-05-07 16:00:00+00:00,0.0,0.0,0.0,0.0,long,False,False,False,False,0.09445,0.019057702488088912,0.026574907358390742,0.011964002117522465,0.01810481736368441,0.002964531498147016
WET,2026050717,1.0,1,15174.83840000025,0.0,0,15174.83840000025,100,1,1.0,0.0,2026-05-07 17:00:00+00:00,0.0,0.0,0.0,0.0,long,False,False,False,False,0.09625,0.021506493506493474,-0.003948051948052034,-0.0058181818181818334,-0.0165194805194806,-0.006441558441558359
WET,2026050718,1.0,1,15174.83840000025,0.0,0,15174.83840000025,100,1,1.0,0.0,2026-05-07 18:00:00+00:00,0.0,0.0,0.0,0.0,long,False,False,False,False,0.09832,-0.013832384052074875,-0.025020341741253116,-0.028986981285598068,-0.03417412530512609,-0.019324654190398638
WET,2026050719,1.0,1,15174.83840000025,0.0,0,15174.83840000025,100,1,1.0,0.0,2026-05-07 19:00:00+00:00,0.0,0.0,0.0,0.0,long,False,False,False,False,0.09696,-0.011241749174917604,-0.0142326732673268,-0.014129537953795457,-0.019389438943894444,-0.008250825082508295
WET,2026050720,1.0,1,15174.83840000025,0.0,0,15174.83840000025,100,1,1.0,0.0,2026-05-07 20:00:00+00:00,0.0,0.0,0.0,0.0,long,False,False,False,False,0.09587,-0.00010430791697080277,-0.0018775425054761152,-0.009804944195264342,-0.008136017523730055,0.0008344633357670883
WET,2026050721,1.0,1,15174.83840000025,0.0,0,15174.83840000025,100,1,1.0,0.0,2026-05-07 21:00:00+00:00,0.0,0.0,0.0,0.0,long,False,False,False,False,0.09586,-0.0029209263509284433,-0.004068433131650284,-0.014187356561652376,-0.008345503859795489,0.004277070728145205
WET,2026050722,1.0,1,15174.83840000025,0.0,0,15174.83840000025,100,1,1.0,0.0,2026-05-07 22:00:00+00:00,0.0,0.0,0.0,0.0,long,False,False,False,False,0.09558,0.0011508683825067756,0.00010462439840974724,0.00606821510776312,-0.005754341912533989,0.008997698263234932
WET,2026050723,1.0,1,15174.83840000025,0.0,0,15174.83840000025,100,1,1.0,0.0,2026-05-07 23:00:00+00:00,0.0,0.0,0.0,0.0,long,False,False,False,False,0.09569,-0.00229909081408719,-0.00794231372139198,-0.010763925175044431,-0.008360330233044166,0.00794231372139187
WET,2026050801,1.0,1,15174.83840000025,0.0,0,15174.83840000025,100,1,1.0,0.0,2026-05-08 01:00:00+00:00,0.0,0.0,0.0,0.0,long,False,False,False,False,0.09559,-0.0069044879171460405,0.005962966837535388,-0.0053352861177946576,-0.01631969871325445,0.039334658437075065
WET,2026050802,1.0,1,15174.83840000025,0.0,0,15174.83840000025,100,1,1.0,0.0,2026-05-08 02:00:00+00:00,0.0,0.0,0.0,0.0,long,False,False,False,False,0.09493,-0.004529653428842262,-0.002844200990203327,0.0016854524386389347,-0.0011587485515642815,0.036131886653323564
WET,2026050803,1.0,1,15174.83840000025,0.0,0,15174.83840000025,100,1,1.0,0.0,2026-05-08 03:00:00+00:00,0.0,0.0,0.0,0.0,long,False,False,False,False,0.0945,0.017566137566137563,0.00486772486772491,0.00592592592592589,-0.0040211640211640365,0.0462433862433862
WET,2026050804,1.0,1,15174.83840000025,0.0,0,15174.83840000025,100,1,1.0,0.0,2026-05-08 04:00:00+00:00,0.0,0.0,0.0,0.0,long,False,False,False,False,0.09616,-0.015599001663893497,-0.011231281198003318,-0.011751247920133046,-0.014871048252911856,0.034317803660565804
WET,2026050805,1.0,1,15174.83840000025,0.0,0,15174.83840000025,100,1,1.0,0.0,2026-05-08 05:00:00+00:00,0.0,0.0,0.0,0.0,long,False,False,False,False,0.09466,0.0031692372702303295,0.004542573420663443,0.002429748573843371,0.010247200507078169,0.02450876822311443
WET,2026050806,1.0,1,15174.83840000025,0.0,0,15174.83840000025,100,1,1.0,0.0,2026-05-08 06:00:00+00:00,0.0,0.0,0.0,0.0,long,False,False,False,False,0.09496,0.0012636899747262564,0.001053074978938584,-0.008213984835720334,0.015374894692502084,0.012742207245155956
WET,2026050807,1.0,1,15174.83840000025,0.0,0,15174.83840000025,100,1,1.0,0.0,2026-05-08 07:00:00+00:00,0.0,0.0,0.0,0.0,long,False,False,False,False,0.09508,0.00010517458981906813,-0.0005258729490954517,-0.011043331931005373,0.011358855700462689,0.005469078670593319
WET,2026050808,1.0,1,15174.83840000025,0.0,0,15174.83840000025,100,1,1.0,0.0,2026-05-08 08:00:00+00:00,0.0,0.0,0.0,0.0,long,False,False,False,False,0.09509,-0.00031549058786395356,-0.0021032705857607636,-0.0028394152907770254,0.009044063518771628,0.015038384688190076
WET,2026050809,1.0,1,15174.83840000025,0.0,0,15174.83840000025,100,1,1.0,0.0,2026-05-08 09:00:00+00:00,0.0,0.0,0.0,0.0,long,False,False,False,False,0.09506,-0.00031559015358728626,-0.009257311171891547,-0.009888491479066008,0.012728802861350585,
WET,2026050810,1.0,1,15174.83840000025,0.0,0,15174.83840000025,100,1,1.0,0.0,2026-05-08 10:00:00+00:00,0.0,0.0,0.0,0.0,long,False,False,False,False,0.09503,-0.0014732189834789633,-0.01052299273913504,-0.0031568978217405563,0.014837419762180337,
WET,2026050811,1.0,1,15174.83840000025,0.0,0,15174.83840000025,100,1,1.0,0.0,2026-05-08 11:00:00+00:00,0.0,0.0,0.0,0.0,long,False,False,False,False,0.09489,-0.007482347981873749,-0.0007376962799030551,0.007798503530403567,0.01644008852355361,
WET,2026050812,1.0,1,15174.83840000025,0.0,0,15174.83840000025,100,1,1.0,0.0,2026-05-08 12:00:00+00:00,0.0,0.0,0.0,0.0,long,False,False,False,False,0.09418,-0.001592694839668729,-0.000637077935867536,0.023784242939052902,0.04586961138245926,
WET,2026050813,1.0,1,15174.83840000025,0.0,0,15174.83840000025,100,1,1.0,0.0,2026-05-08 13:00:00+00:00,0.0,0.0,0.0,0.0,long,False,False,False,False,0.09403,0.008401573965755693,0.007444432627884634,0.022652344996277662,0.05657768797192375,
WET,2026050814,1.0,1,15174.83840000025,0.0,0,15174.83840000025,100,1,1.0,0.0,2026-05-08 14:00:00+00:00,0.0,0.0,0.0,0.0,long,False,False,False,False,0.09482,-0.007382408774520233,0.008542501581944695,0.011917317021725271,0.03733389580257329,
WET,2026050815,1.0,1,15174.83840000025,0.0,0,15174.83840000025,100,1,1.0,0.0,2026-05-08 15:00:00+00:00,0.0,0.0,0.0,0.0,long,False,False,False,False,0.09412,0.006481087972800781,0.024436889077773083,0.022843178920527007,0.05046748831279224,
WET,2026050816,1.0,1,15174.83840000025,0.0,0,15174.83840000025,100,1,1.0,0.0,2026-05-08 16:00:00+00:00,0.0,0.0,0.0,0.0,long,False,False,False,False,0.09473,0.009500686160667238,0.015095534677504574,0.01805130370526764,0.049931383933284224,
WET,2026050817,1.0,1,15174.83840000025,0.0,0,15174.83840000025,100,1,1.0,0.0,2026-05-08 17:00:00+00:00,0.0,0.0,0.0,0.0,long,False,False,False,False,0.09563,0.008261005960472634,0.0033462302624698292,0.008574715047579007,0.014116908919795002,
WET,2026050818,1.0,1,15174.83840000025,0.0,0,15174.83840000025,100,1,1.0,0.0,2026-05-08 18:00:00+00:00,0.0,0.0,0.0,0.0,long,False,False,False,False,0.09642,-0.0026965359883842632,-0.0015556938394525321,0.021572287907073218,-0.002592823065754035,
WET,2026050819,1.0,1,15174.83840000025,0.0,0,15174.83840000025,100,1,1.0,0.0,2026-05-08 19:00:00+00:00,0.0,0.0,0.0,0.0,long,False,False,False,False,0.09616,-0.002183860232945145,0.002911813643926786,0.033173876871880115,-0.005823627287853461,
WET,2026050820,1.0,1,15174.83840000025,0.0,0,15174.83840000025,100,1,1.0,0.0,2026-05-08 20:00:00+00:00,0.0,0.0,0.0,0.0,long,False,False,False,False,0.09595,0.0033350703491401568,0.005211047420531578,0.02511724856696196,0.005940594059405946,
WET,2026050821,1.0,1,15174.83840000025,0.0,0,15174.83840000025,100,1,1.0,0.0,2026-05-08 21:00:00+00:00,0.0,0.0,0.0,0.0,long,False,False,False,False,0.09627,0.0017658668328659477,0.02316401786641742,0.02700737509089035,,
WET,2026050822,1.0,1,15174.83840000025,0.0,0,15174.83840000025,100,1,1.0,0.0,2026-05-08 22:00:00+00:00,0.0,0.0,0.0,0.0,long,False,False,False,False,0.09644,0.00010369141435084828,0.030174201576109505,0.0313148071339695,,
WET,2026050823,1.0,1,15174.83840000025,0.0,0,15174.83840000025,100,1,1.0,0.0,2026-05-08 23:00:00+00:00,0.0,0.0,0.0,0.0,long,False,False,False,False,0.09645,0.021254536029030602,0.01980300673924318,0.005495075168481023,,
WET,2026050901,1.0,1,15174.83840000025,0.0,0,15174.83840000025,100,1,1.0,0.0,2026-05-09 01:00:00+00:00,0.0,0.0,0.0,0.0,long,False,False,False,False,0.09935,-0.009964771011575113,0.0011071967790641235,-0.037745344740815145,,
WET,2026050902,1.0,1,15174.83840000025,0.0,0,15174.83840000025,100,1,1.0,0.0,2026-05-09 02:00:00+00:00,0.0,0.0,0.0,0.0,long,False,False,False,False,0.09836,0.005185034566897118,-0.014030093533957011,-0.01870679137860931,,
WET,2026050903,1.0,1,15174.83840000025,0.0,0,15174.83840000025,100,1,1.0,0.0,2026-05-09 03:00:00+00:00,0.0,0.0,0.0,0.0,long,False,False,False,False,0.09887,0.005967431981389826,-0.02730858703347827,,,
WET,2026050904,1.0,1,15174.83840000025,0.0,0,15174.83840000025,100,1,1.0,0.0,2026-05-09 04:00:00+00:00,0.0,0.0,0.0,0.0,long,False,False,False,False,0.09946,-0.02493464709430937,-0.03880957168711041,,,
WET,2026050905,1.0,1,15174.83840000025,0.0,0,15174.83840000025,100,1,1.0,0.0,2026-05-09 05:00:00+00:00,0.0,0.0,0.0,0.0,long,False,False,False,False,0.09698,-0.00835223757475756,-0.004743246030109338,,,
OP,2026050605,1.0,1,1197.0,0.0,0,1197.0,100,1,1.0,0.0,2026-05-06 05:00:00+00:00,,,,,long,False,False,False,False,0.1321,0.0,0.020439061317184093,0.0302800908402725,0.031037093111279335,0.13096139288417863
OP,2026050606,1.0,1,1197.0,0.0,0,1197.0,100,1,1.0,0.0,2026-05-06 06:00:00+00:00,0.0,0.0,0.0,0.0,long,False,False,False,False,0.1321,0.0015140045420136694,0.02876608629825883,0.037850113550340625,0.032551097653293004,0.12641937925813762
OP,2026050607,1.0,1,1197.0,0.0,0,1197.0,100,1,1.0,0.0,2026-05-06 07:00:00+00:00,0.0,0.0,0.0,0.0,long,False,False,False,False,0.1323,0.01889644746787611,0.024187452758881456,0.015117157974300799,0.046107331821617414,0.09372637944066509
OP,2026050608,1.0,1,1197.0,0.0,0,1197.0,100,1,1.0,0.0,2026-05-06 08:00:00+00:00,0.0,0.0,0.0,0.0,long,False,False,False,False,0.1348,0.008160237388723957,0.009643916913946615,-0.0014836795252225476,0.04302670623145399,0.07492581602373893
OP,2026050609,1.0,1,1197.0,0.0,0,1197.0,100,1,1.0,0.0,2026-05-06 09:00:00+00:00,0.0,0.0,0.0,0.0,long,False,False,False,False,0.1359,-0.0029433406916848925,0.008830022075055233,0.0014716703458426128,0.08388520971302427,0.06401766004415022
OP,2026050610,1.0,1,1197.0,0.0,0,1197.0,100,1,1.0,0.0,2026-05-06 10:00:00+00:00,0.0,0.0,0.0,0.0,long,False,False,False,False,0.1355,0.0044280442804427445,-0.008856088560885711,0.01918819188191878,0.05387453874538739,0.07601476014760156
OP,2026050611,1.0,1,1197.0,0.0,0,1197.0,100,1,1.0,0.0,2026-05-06 11:00:00+00:00,0.0,0.0,0.0,0.0,long,False,False,False,False,0.1361,0.0073475385745775945,-0.01102130786186628,0.0007347538574575818,0.044819985304922705,0.06759735488611329
OP,2026050612,1.0,1,1197.0,0.0,0,1197.0,100,1,1.0,0.0,2026-05-06 12:00:00+00:00,0.0,0.0,0.0,0.0,long,False,False,False,False,0.1371,-0.020423048869438354,-0.00729394602479938,-0.0051057622173595885,0.035010940919037115,0.07585703865791382
OP,2026050613,1.0,1,1197.0,0.0,0,1197.0,100,1,1.0,0.0,2026-05-06 13:00:00+00:00,0.0,0.0,0.0,0.0,long,False,False,False,False,0.1343,0.0022338049143708627,0.028294862248696928,0.03052866716306779,0.033507073715562274,0.08041697691734928
OP,2026050614,1.0,1,1197.0,0.0,0,1197.0,100,1,1.0,0.0,2026-05-06 14:00:00+00:00,0.0,0.0,0.0,0.0,long,False,False,False,False,0.1346,0.011144130757800852,0.011887072808320909,0.04457652303120363,0.03194650817236244,0.07057949479940562
OP,2026050615,1.0,1,1197.0,0.0,0,1197.0,100,1,1.0,0.0,2026-05-06 15:00:00+00:00,0.0,0.0,0.0,0.0,long,False,False,False,False,0.1361,0.014695077149154967,0.0022042615723731895,0.08229243203526804,0.019838354151359372,0.059515062454077894
OP,2026050616,1.0,1,1197.0,0.0,0,1197.0,100,1,1.0,0.0,2026-05-06 16:00:00+00:00,0.0,0.0,0.0,0.0,long,False,False,False,False,0.1381,-0.013758146270818394,0.0021723388848660097,0.034033309196234596,0.04417089065894286,0.051412020275162895
OP,2026050617,1.0,1,1197.0,0.0,0,1197.0,100,1,1.0,0.0,2026-05-06 17:00:00+00:00,0.0,0.0,0.0,0.0,long,False,False,False,False,0.1362,0.001468428781204123,0.032305433186490484,0.04405286343612347,0.09691629955947145,0.06607929515418509
OP,2026050618,1.0,1,1197.0,0.0,0,1197.0,100,1,1.0,0.0,2026-05-06 18:00:00+00:00,0.0,0.0,0.0,0.0,long,False,False,False,False,0.1364,0.014662756598240456,0.07991202346041049,0.040322580645161255,0.09090909090909083,0.06304985337243396
OP,2026050619,1.0,1,1197.0,0.0,0,1197.0,100,1,1.0,0.0,2026-05-06 19:00:00+00:00,0.0,0.0,0.0,0.0,long,False,False,False,False,0.1384,0.01589595375722541,0.031791907514451045,0.0028901734104047616,0.04552023121387294,0.05997109826589586
OP,2026050620,1.0,1,1197.0,0.0,0,1197.0,100,1,1.0,0.0,2026-05-06 20:00:00+00:00,0.0,0.0,0.0,0.0,long,False,False,False,False,0.1406,0.04765291607396849,0.01137980085348489,-0.012091038406827903,0.030583214793741043,0.045519203413940224
OP,2026050621,1.0,1,1197.0,0.0,0,1197.0,100,1,1.0,0.0,2026-05-06 21:00:00+00:00,0.0,0.0,0.0,0.0,long,False,False,False,False,0.1473,-0.03054989816700593,-0.03665987780040725,-0.05770536320434472,-0.018329938900203513,-0.0020366598778003286
OP,2026050622,1.0,1,1197.0,0.0,0,1197.0,100,1,1.0,0.0,2026-05-06 22:00:00+00:00,0.0,0.0,0.0,0.0,long,False,False,False,False,0.1428,-0.004201680672269004,-0.02801120448179273,0.009803921568627416,0.021008403361344463,0.02310924369747891
OP,2026050623,1.0,1,1197.0,0.0,0,1197.0,100,1,1.0,0.0,2026-05-06 23:00:00+00:00,0.0,0.0,0.0,0.0,long,False,False,False,False,0.1422,-0.002109704641350185,-0.02320675105485226,0.05063291139240511,0.021800281293952395,0.039381153305203975
OP,2026050701,1.0,1,1197.0,0.0,0,1197.0,100,1,1.0,0.0,2026-05-07 01:00:00+00:00,0.0,0.0,0.0,0.0,long,False,False,False,False,0.1388,0.0007204610951008217,0.03890489913544659,0.04250720461095092,0.04538904899135443,0.06700288184438041
OP,2026050702,1.0,1,1197.0,0.0,0,1197.0,100,1,1.0,0.0,2026-05-07 02:00:00+00:00,0.0,0.0,0.0,0.0,long,False,False,False,False,0.1389,-0.0007199424046075986,0.07559395248380141,0.043196544276457916,0.037437005039596905,0.07487401007919359
OP,2026050703,1.0,1,1197.0,0.0,0,1197.0,100,1,1.0,0.0,2026-05-07 03:00:00+00:00,0.0,0.0,0.0,0.0,long,False,False,False,False,0.1388,0.03890489913544659,0.07204610951008639,0.0417867435158501,0.03890489913544659,0.07060518731988474
OP,2026050704,1.0,1,1197.0,0.0,0,1197.0,100,1,1.0,0.0,2026-05-07 04:00:00+00:00,0.0,0.0,0.0,0.0,long,False,False,False,False,0.1442,0.03606102635228847,0.0034674063800277377,0.011095700416088983,0.006934812760055475,0.032593619972260734
OP,2026050705,1.0,1,1197.0,0.0,0,1197.0,100,1,1.0,0.0,2026-05-07 05:00:00+00:00,0.0,0.0,0.0,0.0,long,False,False,False,False,0.1494,-0.004016064257028273,-0.030120481927710885,-0.027443105756358666,-0.028112449799196804,-0.01606425702811254
OP,2026050706,1.0,1,1197.0,0.0,0,1197.0,100,1,1.0,0.0,2026-05-07 06:00:00+00:00,0.0,0.0,0.0,0.0,long,False,False,False,False,0.1488,-0.027553763440860135,-0.028225806451612767,-0.008736559139784883,-0.025537634408602128,0.0047043010752687575
OP,2026050707,1.0,1,1197.0,0.0,0,1197.0,100,1,1.0,0.0,2026-05-07 07:00:00+00:00,0.0,0.0,0.0,0.0,long,False,False,False,False,0.1447,0.0013821700069109877,0.007601935038009877,0.0027643400138217533,0.013821700069108545,0.03870076019350366
OP,2026050708,1.0,1,1197.0,0.0,0,1197.0,100,1,1.0,0.0,2026-05-07 08:00:00+00:00,0.0,0.0,0.0,0.0,long,False,False,False,False,0.1449,-0.0020703933747411307,0.002760524499654915,-0.00552104899930983,0.014492753623188248,0.026915113871635477
OP,2026050709,1.0,1,1197.0,0.0,0,1197.0,100,1,1.0,0.0,2026-05-07 09:00:00+00:00,0.0,0.0,0.0,0.0,long,False,False,False,False,0.1446,0.008298755186721962,0.020055325034578075,-0.0027662517289074318,0.016597510373443924,0.03596127247579517
OP,2026050710,1.0,1,1197.0,0.0,0,1197.0,100,1,1.0,0.0,2026-05-07 10:00:00+00:00,0.0,0.0,0.0,0.0,long,False,False,False,False,0.1458,-0.003429355281207136,-0.004801097393690057,-0.004115226337448652,0.002057613168724215,0.02537722908093265
OP,2026050711,1.0,1,1197.0,0.0,0,1197.0,100,1,1.0,0.0,2026-05-07 11:00:00+00:00,0.0,0.0,0.0,0.0,long,False,False,False,False,0.1453,0.015141087405368125,-0.008258774948382674,-0.0006882312456987227,0.01720578114246374,0.04473503097040599
OP,2026050712,1.0,1,1197.0,0.0,0,1197.0,100,1,1.0,0.0,2026-05-07 12:00:00+00:00,0.0,0.0,0.0,0.0,long,False,False,False,False,0.1475,-0.01627118644067782,-0.022372881355932184,-0.016949152542372947,0.0013559322033898091,0.02169491525423739
OP,2026050713,1.0,1,1197.0,0.0,0,1197.0,100,1,1.0,0.0,2026-05-07 13:00:00+00:00,0.0,0.0,0.0,0.0,long,False,False,False,False,0.1451,-0.006891798759476209,0.000689179875947632,0.01102687801516189,0.020675396278428737,0.028256374913852467
OP,2026050714,1.0,1,1197.0,0.0,0,1197.0,100,1,1.0,0.0,2026-05-07 14:00:00+00:00,0.0,0.0,0.0,0.0,long,False,False,False,False,0.1441,0.000693962526023606,0.007633587786259444,0.02012491325468413,0.036086051353226845,0.04371963913948651
OP,2026050715,1.0,1,1197.0,0.0,0,1197.0,100,1,1.0,0.0,2026-05-07 15:00:00+00:00,0.0,0.0,0.0,0.0,long,False,False,False,False,0.1442,0.006934812760055475,0.00554785020804438,0.01941747572815533,0.030513176144244314,0.05478502080443848
OP,2026050716,1.0,1,1197.0,0.0,0,1197.0,100,1,1.0,0.0,2026-05-07 16:00:00+00:00,0.0,0.0,0.0,0.0,long,False,False,False,False,0.1452,0.0,0.010330578512396604,0.006198347107438051,0.025482093663911964,0.05578512396694202
OP,2026050717,1.0,1,1197.0,0.0,0,1197.0,100,1,1.0,0.0,2026-05-07 17:00:00+00:00,0.0,0.0,0.0,0.0,long,False,False,False,False,0.1452,-0.0013774104683196287,0.012396694214876103,0.017906336088154173,0.012396694214876103,0.09779614325068864
OP,2026050718,1.0,1,1197.0,0.0,0,1197.0,100,1,1.0,0.0,2026-05-07 18:00:00+00:00,0.0,0.0,0.0,0.0,long,False,False,False,False,0.145,0.01172413793103444,0.01379310344827589,0.018620689655172384,0.03103448275862064,0.10896551724137948
OP,2026050719,1.0,1,1197.0,0.0,0,1197.0,100,1,1.0,0.0,2026-05-07 19:00:00+00:00,0.0,0.0,0.0,0.0,long,False,False,False,False,0.1467,0.002044989775051187,-0.004089979550102152,0.009543285616905317,0.024539877300613355,0.10224948875255624
OP,2026050720,1.0,1,1197.0,0.0,0,1197.0,100,1,1.0,0.0,2026-05-07 20:00:00+00:00,0.0,0.0,0.0,0.0,long,False,False,False,False,0.147,0.0,0.0054421768707482165,0.0156462585034014,0.012244897959183598,0.14421768707482996
OP,2026050721,1.0,1,1197.0,0.0,0,1197.0,100,1,1.0,0.0,2026-05-07 21:00:00+00:00,0.0,0.0,0.0,0.0,long,False,False,False,False,0.147,-0.006122448979591688,0.004761904761904745,0.010884353741496655,0.01904761904761898,0.18639455782312941
OP,2026050722,1.0,1,1197.0,0.0,0,1197.0,100,1,1.0,0.0,2026-05-07 22:00:00+00:00,0.0,0.0,0.0,0.0,long,False,False,False,False,0.1461,0.011635865845311288,0.013689253935660561,0.019164955509924697,0.0232717316906228,0.19438740588637904
OP,2026050723,1.0,1,1197.0,0.0,0,1197.0,100,1,1.0,0.0,2026-05-07 23:00:00+00:00,0.0,0.0,0.0,0.0,long,False,False,False,False,0.1478,-0.0006765899864681346,0.010148849797023018,-0.005412719891745521,0.02706359945872805,0.1623815967523683
OP,2026050801,1.0,1,1197.0,0.0,0,1197.0,100,1,1.0,0.0,2026-05-08 01:00:00+00:00,0.0,0.0,0.0,0.0,long,False,False,False,False,0.1481,0.008102633355840494,0.005401755570560329,0.014854827819041017,0.007427413909520508,0.13099257258609054
OP,2026050802,1.0,1,1197.0,0.0,0,1197.0,100,1,1.0,0.0,2026-05-08 02:00:00+00:00,0.0,0.0,0.0,0.0,long,False,False,False,False,0.1493,-0.0046885465505691615,-0.015405224380442006,-0.0033489618218351946,0.00736771600803765,0.13797722705961157
OP,2026050803,1.0,1,1197.0,0.0,0,1197.0,100,1,1.0,0.0,2026-05-08 03:00:00+00:00,0.0,0.0,0.0,0.0,long,False,False,False,False,0.1486,0.0020188425302825053,0.006056527590847738,0.008075370121130465,0.02355316285329745,0.13189771197846545
OP,2026050804,1.0,1,1197.0,0.0,0,1197.0,100,1,1.0,0.0,2026-05-08 04:00:00+00:00,0.0,0.0,0.0,0.0,long,False,False,False,False,0.1489,-0.012760241773002057,0.009402283411685586,0.00402955003357941,0.029550033579583523,0.12222968435191395
OP,2026050805,1.0,1,1197.0,0.0,0,1197.0,100,1,1.0,0.0,2026-05-08 05:00:00+00:00,0.0,0.0,0.0,0.0,long,False,False,False,False,0.147,0.017006802721088343,0.012244897959183598,0.03265306122448974,0.08435374149659869,0.14489795918367365
OP,2026050806,1.0,1,1197.0,0.0,0,1197.0,100,1,1.0,0.0,2026-05-08 06:00:00+00:00,0.0,0.0,0.0,0.0,long,False,False,False,False,0.1495,0.005351170568561825,0.0020066889632106566,0.008026755852842848,0.07558528428093658,0.13645484949832776
OP,2026050807,1.0,1,1197.0,0.0,0,1197.0,100,1,1.0,0.0,2026-05-08 07:00:00+00:00,0.0,0.0,0.0,0.0,long,False,False,False,False,0.1503,-0.009980039920159722,-0.005322687957418415,-0.007318695941450404,0.0758483033932138,0.10179640718562877
OP,2026050808,1.0,1,1197.0,0.0,0,1197.0,100,1,1.0,0.0,2026-05-08 08:00:00+00:00,0.0,0.0,0.0,0.0,long,False,False,False,False,0.1488,0.006720430107526987,0.02016129032258074,0.010752688172043223,0.1303763440860215,0.10819892473118276
OP,2026050809,1.0,1,1197.0,0.0,0,1197.0,100,1,1.0,0.0,2026-05-08 09:00:00+00:00,0.0,0.0,0.0,0.0,long,False,False,False,False,0.1498,-0.0020026702269692054,0.006008010680907949,0.015353805073431426,0.16421895861148217,
OP,2026050810,1.0,1,1197.0,0.0,0,1197.0,100,1,1.0,0.0,2026-05-08 10:00:00+00:00,0.0,0.0,0.0,0.0,long,False,False,False,False,0.1495,0.01538461538461533,-0.0020066889632106566,0.025418060200668835,0.16722408026755842,
OP,2026050811,1.0,1,1197.0,0.0,0,1197.0,100,1,1.0,0.0,2026-05-08 11:00:00+00:00,0.0,0.0,0.0,0.0,long,False,False,False,False,0.1518,-0.007246376811594124,-0.00922266139657435,0.050065876152832756,0.13175230566534935,
OP,2026050812,1.0,1,1197.0,0.0,0,1197.0,100,1,1.0,0.0,2026-05-08 12:00:00+00:00,0.0,0.0,0.0,0.0,long,False,False,False,False,0.1507,-0.009953550099535469,0.00928998009289983,0.06702057067020561,0.11413404114134029,
OP,2026050813,1.0,1,1197.0,0.0,0,1197.0,100,1,1.0,0.0,2026-05-08 13:00:00+00:00,0.0,0.0,0.0,0.0,long,False,False,False,False,0.1492,0.008042895442359255,0.027479892761393954,0.08378016085790896,0.12265415549597858,
OP,2026050814,1.0,1,1197.0,0.0,0,1197.0,100,1,1.0,0.0,2026-05-08 14:00:00+00:00,0.0,0.0,0.0,0.0,long,False,False,False,False,0.1504,0.011303191489361764,0.05984042553191471,0.1183510638297871,0.12965425531914887,
OP,2026050815,1.0,1,1197.0,0.0,0,1197.0,100,1,1.0,0.0,2026-05-08 15:00:00+00:00,0.0,0.0,0.0,0.0,long,False,False,False,False,0.1521,0.007889546351084631,0.05719921104536474,0.14661406969099278,0.10585141354372096,
OP,2026050816,1.0,1,1197.0,0.0,0,1197.0,100,1,1.0,0.0,2026-05-08 16:00:00+00:00,0.0,0.0,0.0,0.0,long,False,False,False,False,0.1533,0.039791258969341214,0.054794520547945424,0.13829093281148075,0.09001956947162437,
OP,2026050817,1.0,1,1197.0,0.0,0,1197.0,100,1,1.0,0.0,2026-05-08 17:00:00+00:00,0.0,0.0,0.0,0.0,long,False,False,False,False,0.1594,0.008782936010037767,0.05520702634880803,0.07779171894604775,0.055834378920953665,
OP,2026050818,1.0,1,1197.0,0.0,0,1197.0,100,1,1.0,0.0,2026-05-08 18:00:00+00:00,0.0,0.0,0.0,0.0,long,False,False,False,False,0.1608,0.005597014925373234,0.08457711442786064,0.04415422885572129,0.05659203980099492,
OP,2026050819,1.0,1,1197.0,0.0,0,1197.0,100,1,1.0,0.0,2026-05-08 19:00:00+00:00,0.0,0.0,0.0,0.0,long,False,False,False,False,0.1617,0.04019789734075441,0.07915893630179327,0.035868893011750114,0.024118738404452555,
OP,2026050820,1.0,1,1197.0,0.0,0,1197.0,100,1,1.0,0.0,2026-05-08 20:00:00+00:00,0.0,0.0,0.0,0.0,long,False,False,False,False,0.1682,0.0368608799048753,0.021403091557669507,0.01010701545778847,-0.019619500594530326,
OP,2026050821,1.0,1,1197.0,0.0,0,1197.0,100,1,1.0,0.0,2026-05-08 21:00:00+00:00,0.0,0.0,0.0,0.0,long,False,False,False,False,0.1744,0.0005733944954127157,-0.03727064220183485,-0.03555045871559637,,
OP,2026050822,1.0,1,1197.0,0.0,0,1197.0,100,1,1.0,0.0,2026-05-08 22:00:00+00:00,0.0,0.0,0.0,0.0,long,False,False,False,False,0.1745,-0.015472779369627432,-0.04011461318051568,-0.04240687679083088,,
OP,2026050823,1.0,1,1197.0,0.0,0,1197.0,100,1,1.0,0.0,2026-05-08 23:00:00+00:00,0.0,0.0,0.0,0.0,long,False,False,False,False,0.1718,-0.022700814901047806,-0.011059371362048931,-0.02037252619324803,,
OP,2026050901,1.0,1,1197.0,0.0,0,1197.0,100,1,1.0,0.0,2026-05-09 01:00:00+00:00,0.0,0.0,0.0,0.0,long,False,False,False,False,0.1675,0.014328358208955061,-0.002388059701492584,-0.01134328358208958,,
OP,2026050902,1.0,1,1197.0,0.0,0,1197.0,100,1,1.0,0.0,2026-05-09 02:00:00+00:00,0.0,0.0,0.0,0.0,long,False,False,False,False,0.1699,-0.010005885815185467,-0.009417304296645002,-0.029429075927015935,,
OP,2026050903,1.0,1,1197.0,0.0,0,1197.0,100,1,1.0,0.0,2026-05-09 03:00:00+00:00,0.0,0.0,0.0,0.0,long,False,False,False,False,0.1682,-0.006539833531509998,0.01010701545778847,,,
OP,2026050904,1.0,1,1197.0,0.0,0,1197.0,100,1,1.0,0.0,2026-05-09 04:00:00+00:00,0.0,0.0,0.0,0.0,long,False,False,False,False,0.1671,0.007181328545780907,-0.008976660682226245,,,
OP,2026050905,1.0,1,1197.0,0.0,0,1197.0,100,1,1.0,0.0,2026-05-09 05:00:00+00:00,0.0,0.0,0.0,0.0,long,False,False,False,False,0.1683,0.009506833036244666,-0.020202020202020332,,,
