ccy,dataVersion,longRatio,longTraders,netNotionalUsdt,shortRatio,shortTraders,totalNotionalUsdt,tradersQualified,tradersWithPosition,weightedLongRatio,weightedShortRatio,ts,d_traders_with_position,d_total_notional_usdt,d_net_notional_usdt,d_weighted_long_ratio,smartmoney_direction,long_diffusion_event,long_exit_event,short_diffusion_event,short_exit_event,close,fwd_ret_1h,fwd_ret_3h,fwd_ret_6h,fwd_ret_12h,fwd_ret_24h
NOT,2026050605,1.0,2,18709.194140033425,0.0,0,18709.194140033425,100,2,1.0,0.0,2026-05-06 05:00:00+00:00,,,,,long,False,False,False,False,0.000542,-0.015867158671586723,0.013468634686346848,0.0177121771217712,0.01217712177121788,0.23560885608856097
NOT,2026050606,1.0,2,18242.55285003332,0.0,0,18242.55285003332,100,2,1.0,0.0,2026-05-06 06:00:00+00:00,0.0,-466.6412900001051,-466.6412900001051,0.0,long,False,True,False,False,0.0005334,0.01687289088863886,0.022309711286089273,0.05999250093738295,0.03337082864641916,0.2859017622797153
NOT,2026050607,1.0,2,18242.55285003332,0.0,0,18242.55285003332,100,2,1.0,0.0,2026-05-06 07:00:00+00:00,0.0,0.0,0.0,0.0,long,False,False,False,False,0.0005424,0.012721238938053103,0.026733038348082827,-0.00497787610619449,0.0047935103244838295,0.2181047197640118
NOT,2026050608,1.0,1,17833.7068000332,0.0,0,17833.7068000332,100,1,1.0,0.0,2026-05-06 08:00:00+00:00,-1.0,-408.84605000012016,-408.84605000012016,0.0,long,False,True,False,False,0.0005493,-0.007281995266703034,0.004187147278354342,-0.03695612597851816,-0.0018204988166755642,0.20025486983433471
NOT,2026050609,1.0,1,17833.7068000332,0.0,0,17833.7068000332,100,1,1.0,0.0,2026-05-06 09:00:00+00:00,0.0,0.0,0.0,0.0,long,False,False,False,False,0.0005453,0.021272693929947017,0.03686044379240783,-0.017054832202457293,0.014304052814964274,0.23088208325692294
NOT,2026050610,0.5,1,16672.1948700312,0.5,1,18995.2187300352,100,2,0.9388524056,0.0611475944,2026-05-06 10:00:00+00:00,1.0,1161.5119300020015,-1161.5119300020015,-0.06114759439999995,long,True,False,False,False,0.0005569,-0.00951696893517695,-0.030885257676423028,-0.018854372418746657,-0.018136110612318346,0.154246722930508
NOT,2026050611,0.5,2,5396.814255119295,0.5,2,34959.799344948704,100,4,0.5771860015,0.4228139985,2026-05-06 11:00:00+00:00,2.0,15964.580614913502,-11275.380614911905,-0.36166640410000006,long,False,False,False,False,0.0005516,0.025018129079042772,-0.040971718636693244,-0.0054387237128352695,-0.008883248730964355,0.13415518491660627
NOT,2026050612,0.5,2,5949.17279710284,0.5,2,34407.44080296516,100,4,0.5864518351,0.4135481649,2026-05-06 12:00:00+00:00,0.0,-552.3585419835435,552.3585419835454,0.009265833599999995,long,False,False,False,False,0.0005654,-0.0454545454545453,-0.05199858507251498,-0.02511496285815351,-0.03873363990095502,0.09090909090909105
NOT,2026050613,1.0,2,20178.306800034,0.0,0,20178.306800034,100,2,1.0,0.0,2026-05-06 13:00:00+00:00,-2.0,-14229.134002931161,14229.134002931158,0.4135481649,long,False,True,False,False,0.0005397,-0.019825829164350717,0.012414304243097973,0.00982027052065959,0.06596257179914766,0.15045395590142663
NOT,2026050614,1.0,2,20178.306800034,0.0,0,20178.306800034,100,2,1.0,0.0,2026-05-06 14:00:00+00:00,0.0,0.0,0.0,0.0,long,False,False,False,False,0.000529,0.013232514177693888,0.03705103969754253,0.036483931947070225,0.17731568998109637,0.1510396975425332
NOT,2026050615,1.0,2,20178.306800034,0.0,0,20178.306800034,100,2,1.0,0.0,2026-05-06 15:00:00+00:00,0.0,0.0,0.0,0.0,long,False,False,False,False,0.000536,0.0194029850746269,0.028358208955223674,0.03190298507462663,0.11847014925373123,0.1311567164179106
NOT,2026050616,1.0,2,20178.306800034,0.0,0,20178.306800034,100,2,1.0,0.0,2026-05-06 16:00:00+00:00,0.0,0.0,0.0,0.0,long,False,False,False,False,0.0005464,0.004026354319180081,-0.0025622254758419505,0.0007320644216688432,0.2780014641288433,0.13744509516837478
NOT,2026050617,1.0,2,20178.306800034,0.0,0,20178.306800034,100,2,1.0,0.0,2026-05-06 17:00:00+00:00,0.0,0.0,0.0,0.0,long,False,False,False,False,0.0005486,0.004739336492890933,-0.0005468465184104154,-0.0034633612832665195,0.2207437112650381,0.19066715275246082
NOT,2026050618,1.0,2,20178.306800034,0.0,0,20178.306800034,100,2,1.0,0.0,2026-05-06 18:00:00+00:00,0.0,0.0,0.0,0.0,long,False,False,False,False,0.0005512,-0.011248185776487563,0.0034470246734397136,-0.013969521044992605,0.24437590711175639,0.2768505079825836
NOT,2026050619,1.0,2,20178.306800034,0.0,0,20178.306800034,100,2,1.0,0.0,2026-05-06 19:00:00+00:00,0.0,0.0,0.0,0.0,long,False,False,False,False,0.000545,0.006055045871559583,0.003302752293577793,0.055596330275229366,0.21229357798165127,0.29357798165137616
NOT,2026050620,1.0,2,20178.306800034,0.0,0,20178.306800034,100,2,1.0,0.0,2026-05-06 20:00:00+00:00,0.0,0.0,0.0,0.0,long,False,False,False,False,0.0005483,0.008754331570308027,-0.002918110523436157,0.1358745212474921,0.20244391756337765,0.33211745394856806
NOT,2026050621,1.0,3,30410.312910065124,0.0,0,30410.312910065124,100,3,1.0,0.0,2026-05-06 21:00:00+00:00,1.0,10232.006110031125,10232.006110031125,0.0,long,True,False,False,False,0.0005531,-0.011390345326342421,-0.017356716687759732,0.08389079732417293,0.21352377508587983,0.25022599891520514
NOT,2026050622,1.0,2,22488.3068000388,0.0,0,22488.3068000388,100,2,1.0,0.0,2026-05-06 22:00:00+00:00,-1.0,-7922.006110026323,-7922.006110026323,0.0,long,False,True,False,False,0.0005468,-0.00018288222384776898,0.05212143379663514,0.2770665691294807,0.17556693489392838,0.2986466715435261
NOT,2026050623,1.0,2,22602.30348003885,0.0,0,22602.30348003885,100,2,1.0,0.0,2026-05-06 23:00:00+00:00,0.0,113.99668000004749,113.99668000004749,0.0,long,True,False,False,False,0.0005467,-0.005853301627949503,0.13919882933967442,0.2249862813243093,0.14432046826413036,0.26705688677519657
NOT,2026050701,1.0,2,22602.30348003885,0.0,0,22602.30348003885,100,2,1.0,0.0,2026-05-07 01:00:00+00:00,0.0,0.0,0.0,0.0,long,False,False,False,False,0.0005753,0.08256561793846662,0.21380149487224043,0.14844428993568548,0.07926299322092811,0.23500782200590975
NOT,2026050702,1.0,2,22602.30348003885,0.0,0,22602.30348003885,100,2,1.0,0.0,2026-05-07 02:00:00+00:00,0.0,0.0,0.0,0.0,long,False,False,False,False,0.0006228,-0.03741168914579318,0.07530507385998719,0.058606294155427285,-0.022318561335902265,0.14290301862556198
NOT,2026050703,1.0,2,22602.30348003885,0.0,0,22602.30348003885,100,2,1.0,0.0,2026-05-07 03:00:00+00:00,0.0,0.0,0.0,0.0,long,False,False,False,False,0.0005995,0.16480400333611356,0.14412010008340292,0.11959966638865738,0.011342785654712362,0.20650542118432025
NOT,2026050704,1.0,2,22602.30348003885,0.0,0,22602.30348003885,100,2,1.0,0.0,2026-05-07 04:00:00+00:00,0.0,0.0,0.0,0.0,long,False,False,False,False,0.0006983,-0.040956608907346426,-0.05384505226979819,-0.07947873406845196,-0.10998138335958763,0.01675497637118717
NOT,2026050705,1.0,2,22602.30348003885,0.0,0,22602.30348003885,100,2,1.0,0.0,2026-05-07 05:00:00+00:00,0.0,0.0,0.0,0.0,long,False,False,False,False,0.0006697,0.02418993579214579,-0.015529341496192228,-0.06585038076750771,-0.024637897566074263,0.06570106017619826
NOT,2026050706,1.0,2,22602.30348003885,0.0,0,22602.30348003885,100,2,1.0,0.0,2026-05-07 06:00:00+00:00,0.0,0.0,0.0,0.0,long,False,False,False,False,0.0006859,-0.036740049569908284,-0.021431695582446397,-0.1007435486222481,0.026097098702434707,0.09024639160227421
NOT,2026050707,1.0,2,22602.30348003885,0.0,0,22602.30348003885,100,2,1.0,0.0,2026-05-07 07:00:00+00:00,0.0,0.0,0.0,0.0,long,False,False,False,False,0.0006607,-0.0021189647343725637,-0.02709247767519285,-0.060239140305736294,0.06705009838050557,0.1251702739518692
NOT,2026050708,1.0,2,22602.30348003885,0.0,0,22602.30348003885,100,2,1.0,0.0,2026-05-07 08:00:00+00:00,0.0,0.0,0.0,0.0,long,False,False,False,False,0.0006593,0.018049446382526924,-0.051114818747156066,-0.0764447140907023,0.10784165023509784,0.07796147429091449
NOT,2026050709,1.0,2,22602.30348003885,0.0,0,22602.30348003885,100,2,1.0,0.0,2026-05-07 09:00:00+00:00,0.0,0.0,0.0,0.0,long,False,False,False,False,0.0006712,-0.04231227651966629,-0.08104886769964248,-0.0966924910607867,0.030244338498212064,0.014004767580452882
NOT,2026050710,1.0,2,22488.3068000388,0.0,0,22488.3068000388,100,2,1.0,0.0,2026-05-07 10:00:00+00:00,0.0,-113.99668000004749,-113.99668000004749,0.0,long,False,True,False,False,0.0006428,-0.026757934038581177,-0.03406969508400759,-0.03313627878033609,0.10469819539514624,0.05740510267579335
NOT,2026050711,0.6666666666,2,22457.0543400388,0.3333333333,1,22519.5592600388,100,3,0.9986122081,0.0013877919,2026-05-07 11:00:00+00:00,1.0,31.2524599999997,-31.2524599999997,-0.001387791900000046,long,True,False,False,False,0.0006256,-0.014066496163682829,-0.026694373401534577,0.044117647058823595,0.10725703324808178,0.10374040920716121
NOT,2026050712,1.0,2,22488.3068000388,0.0,0,22488.3068000388,100,2,1.0,0.0,2026-05-07 12:00:00+00:00,-1.0,-31.2524599999997,31.2524599999997,0.001387791900000046,long,False,True,False,False,0.0006168,0.006647211413748355,-0.017023346303501885,0.1410505836575875,0.16553177691309973,0.10214007782101175
NOT,2026050713,0.6666666666,2,22245.20430003879,0.3333333333,1,22731.40930003881,100,3,0.9893054365,0.0106945635,2026-05-07 13:00:00+00:00,1.0,243.10250000000815,-243.1025000000118,-0.010694563499999976,long,True,False,False,False,0.0006209,-0.019326783701078987,0.0009663391850540659,0.135448542438396,0.14430665163472378,0.10984055403446624
NOT,2026050714,0.6666666666,2,22449.451870787227,0.3333333333,1,22527.161729290372,100,3,0.9982751964,0.0017248036,2026-05-07 14:00:00+00:00,0.0,-204.24757074843728,204.24757074843728,0.00896975989999993,long,False,True,False,False,0.0006089,-0.004269995073082566,0.07275414682213843,0.199540154376745,0.1689932665462308,0.18820824437510253
NOT,2026050715,1.0,2,22488.3068000388,0.0,0,22488.3068000388,100,2,1.0,0.0,2026-05-07 15:00:00+00:00,-1.0,-38.854929251570866,38.854929251574504,0.0017248036000000466,long,False,True,False,False,0.0006063,0.025070097311561845,0.16081147946561103,0.14052449282533375,0.19297377535873306,0.17136730991258453
NOT,2026050716,1.0,2,22488.3068000388,0.0,0,22488.3068000388,100,2,1.0,0.0,2026-05-07 16:00:00+00:00,0.0,0.0,0.0,0.0,long,False,False,False,False,0.0006215,0.0510056315366052,0.13435237329042637,0.14255832662912304,0.1423974255832663,0.13338696701528563
NOT,2026050717,1.0,2,22488.3068000388,0.0,0,22488.3068000388,100,2,1.0,0.0,2026-05-07 17:00:00+00:00,0.0,0.0,0.0,0.0,long,False,False,False,False,0.0006532,0.07746478873239426,0.11818738518064897,0.060471524800979726,0.09262094304960189,0.0662890385793018
NOT,2026050718,1.0,2,22488.3068000388,0.0,0,22488.3068000388,100,2,1.0,0.0,2026-05-07 18:00:00+00:00,0.0,0.0,0.0,0.0,long,False,False,False,False,0.0007038,0.0017050298380221207,-0.01747655583972718,0.021454958795112278,0.06251776072747939,0.006535947712418277
NOT,2026050719,1.0,2,22488.3068000388,0.0,0,22488.3068000388,100,2,1.0,0.0,2026-05-07 19:00:00+00:00,0.0,0.0,0.0,0.0,long,False,False,False,False,0.000705,0.03602836879432614,0.007234042553191378,0.007801418439716379,0.05446808510638301,-0.015177304964538951
NOT,2026050720,1.0,2,22488.3068000388,0.0,0,22488.3068000388,100,2,1.0,0.0,2026-05-07 20:00:00+00:00,0.0,0.0,0.0,0.0,long,False,False,False,False,0.0007304,-0.05325848849945236,-0.05161555312157717,-0.025465498357064686,-0.026971522453450136,-0.07352135815991234
NOT,2026050721,1.0,2,22488.3068000388,0.0,0,22488.3068000388,100,2,1.0,0.0,2026-05-07 21:00:00+00:00,0.0,0.0,0.0,0.0,long,False,False,False,False,0.0006915,0.026898047722342833,0.03962400578452652,0.04598698481561825,-0.015762834417932026,-0.019088937093275526
NOT,2026050722,1.0,2,22488.3068000388,0.0,0,22488.3068000388,100,2,1.0,0.0,2026-05-07 22:00:00+00:00,0.0,0.0,0.0,0.0,long,False,False,False,False,0.0007101,-0.02450359104351496,0.000563300943529077,-0.00014082523588221374,-0.042810871708210074,-0.04534572595409081
NOT,2026050723,1.0,1,17833.7068000332,0.0,0,17833.7068000332,100,1,1.0,0.0,2026-05-07 23:00:00+00:00,-1.0,-4654.600000005601,-4654.600000005601,0.0,long,False,True,False,False,0.0006927,0.0378230114046485,0.02757326403926652,0.03031615417929845,-0.0031759780568787477,-0.021654395842355845
NOT,2026050801,1.0,2,99673.7068000332,0.0,0,99673.7068000332,100,2,1.0,0.0,2026-05-08 01:00:00+00:00,1.0,81840.0,81840.0,0.0,long,True,False,False,False,0.0007105,0.0018296973961997587,-0.0007037297677691123,0.04630541871921179,-0.03011963406052076,-0.043490499648135006
NOT,2026050802,1.0,2,99673.7068000332,0.0,0,99673.7068000332,100,2,1.0,0.0,2026-05-08 02:00:00+00:00,0.0,0.0,0.0,0.0,long,False,False,False,False,0.0007118,0.016156223658331026,0.002669289126159047,-0.0015453779151446412,0.016437201461084516,-0.09272267490868213
NOT,2026050803,0.6666666666,2,99395.42073544704,0.3333333333,1,99951.99286461936,100,3,0.9972158027,0.0027841973,2026-05-08 03:00:00+00:00,1.0,278.2860645861656,-278.28606458615104,-0.002784197300000013,long,True,False,False,False,0.0007233,-0.01838794414489142,0.03387252868795798,-0.05903497857044104,-0.018111433706622382,-0.08972763721830501
NOT,2026050804,0.6666666666,2,99569.32170462592,0.3333333333,1,99778.09189544048,100,3,0.9989538275,0.0010461725,2026-05-08 04:00:00+00:00,0.0,-173.9009691788815,173.9009691788815,0.0017380247999999598,long,False,True,False,False,0.00071,0.005211267605633729,0.04704225352112679,-0.04267605633802818,-0.007887323943661984,-0.051830985915492955
NOT,2026050805,0.6666666666,2,99569.32170462592,0.3333333333,1,99778.09189544048,100,3,0.9989538275,0.0010461725,2026-05-08 05:00:00+00:00,0.0,0.0,0.0,0.0,long,False,False,False,False,0.0007137,0.0477791789267199,-0.004203446826397617,-0.032506655457475,-0.024099761804679765,-0.07173882583718638
NOT,2026050806,0.6666666666,2,99647.59197872305,0.3333333333,1,99699.82162134333,100,3,0.9997380655,0.0002619345,2026-05-08 06:00:00+00:00,0.0,-78.27027409714356,78.270274097129,0.0007842380000000482,long,False,True,False,False,0.0007478,-0.005883926183471555,-0.08986359989301951,-0.09093340465365063,-0.052687884461085854,-0.1071142016581973
NOT,2026050807,0.6666666666,2,99647.59197872305,0.3333333333,1,99699.82162134333,100,3,0.9997380655,0.0002619345,2026-05-08 07:00:00+00:00,0.0,0.0,0.0,0.0,long,False,False,False,False,0.0007434,-0.04398708635996773,-0.0856873822975518,-0.07304277643260693,-0.0660478880817863,-0.11272531611514658
NOT,2026050808,0.6666666666,2,99660.64938937812,0.3333333333,1,99686.76421068827,100,3,0.9998690156,0.0001309844,2026-05-08 08:00:00+00:00,0.0,-13.057410655062995,13.057410655062995,0.00013095009999997131,long,False,True,False,False,0.0007107,-0.04235261010271563,-0.028422681862951937,0.018010412269593434,-0.04784015759110727,-0.07091599831152384
NOT,2026050809,0.75,3,101081.78192937872,0.25,1,101107.89675068886,100,4,0.9998708566,0.0001291434,2026-05-08 09:00:00+00:00,1.0,1421.132540000588,1421.1325400006026,1.841000000002424e-06,long,True,False,False,False,0.0006806,-0.001322362621216544,-0.0011754334410812861,0.043491037320011916,-0.0033793711431090445,
NOT,2026050810,0.75,3,101081.78192937872,0.25,1,101107.89675068886,100,4,0.9998708566,0.0001291434,2026-05-08 10:00:00+00:00,0.0,0.0,0.0,0.0,long,False,False,False,False,0.0006797,0.01588936295424448,0.013829630719434993,0.036339561571281376,-0.0026482271590406725,
NOT,2026050811,0.75,3,101081.78192937872,0.25,1,101107.89675068886,100,4,0.9998708566,0.0001291434,2026-05-08 11:00:00+00:00,0.0,0.0,0.0,0.0,long,False,False,False,False,0.0006905,-0.015496017378711091,0.04779145546705266,0.008689355539464039,-0.018537291817523505,
NOT,2026050812,0.75,3,101069.58313470626,0.25,1,101120.09554536131,100,4,0.9997502355,0.0002497645,2026-05-08 12:00:00+00:00,0.0,12.198794672454824,-12.198794672454824,-0.0001206210999999957,long,True,False,False,False,0.0006798,0.013680494263018428,0.04471903501029706,0.04207119741100307,-0.00044130626654903526,
NOT,2026050813,0.75,3,101082.21123737004,0.25,1,101107.46744269755,100,4,0.9998751021,0.0001248979,2026-05-08 13:00:00+00:00,0.0,-12.62810266375891,12.628102663773461,0.0001248665999999954,long,False,True,False,False,0.0006891,0.04992018574952839,0.02220287331301707,0.007546074590045082,-0.013786097808735964,
NOT,2026050814,0.6666666666,2,83248.50443733683,0.3333333333,1,83273.76064266436,100,3,0.9998483543,0.0001516457,2026-05-08 14:00:00+00:00,-1.0,-17833.706800033193,-17833.706800033207,-2.6747800000004318e-05,long,False,True,False,False,0.0007235,-0.018382861091914227,-0.037318590186593004,-0.06468555632342776,-0.107394609536973,
NOT,2026050815,0.6666666666,2,83248.50443733683,0.3333333333,1,83273.76064266436,100,3,0.9998483543,0.0001516457,2026-05-08 15:00:00+00:00,0.0,0.0,0.0,0.0,long,False,False,False,False,0.0007102,-0.008166713601802322,-0.002534497324697349,-0.04491692480991283,-0.0729372007885104,
NOT,2026050816,0.5,2,78687.75582733606,0.5,2,87834.50925266514,100,4,0.947931892,0.052068108,2026-05-08 16:00:00+00:00,1.0,4560.748610000781,-4560.748610000766,-0.05191646229999991,long,True,False,False,False,0.0007044,-0.011215218625780898,-0.014338444065871592,-0.03762067007382164,-0.04429301533219765,
NOT,2026050817,0.6,3,88284.80246734002,0.4,2,98726.16661267175,100,5,0.9471195707,0.0528804293,2026-05-08 17:00:00+00:00,1.0,10891.657360006604,9597.046640003959,-0.0008123213000000851,long,True,False,False,False,0.0006965,0.0170854271356784,-0.028427853553481652,-0.02699210337401281,-0.04881550610193819,
NOT,2026050818,0.6666666666,2,25006.55057002802,0.3333333333,1,35422.65851003222,100,3,0.8529739384,0.1470260616,2026-05-08 18:00:00+00:00,-2.0,-63303.50810263953,-63278.251897312,-0.09414563229999995,long,False,True,False,False,0.0007084,-0.01990400903444378,-0.04249011857707519,-0.04079616036137779,-0.05745341614906829,
NOT,2026050819,0.6666666666,2,25006.55057002802,0.3333333333,1,35422.65851003222,100,3,0.8529739384,0.1470260616,2026-05-08 19:00:00+00:00,0.0,0.0,0.0,0.0,long,False,False,False,False,0.0006943,-0.025349272648710897,-0.023620913149935086,-0.021172403860002853,-0.04997839550626537,
NOT,2026050820,0.6666666666,2,25006.55057002802,0.3333333333,1,35422.65851003222,100,3,0.8529739384,0.1470260616,2026-05-08 20:00:00+00:00,0.0,0.0,0.0,0.0,long,False,False,False,False,0.0006767,0.0023644155460320615,0.0014777597162700662,-0.0456627752327472,-0.02423525934683035,
NOT,2026050821,0.6666666666,2,25006.55057002802,0.3333333333,1,35422.65851003222,100,3,0.8529739384,0.1470260616,2026-05-08 21:00:00+00:00,0.0,0.0,0.0,0.0,long,False,False,False,False,0.0006783,-0.0005897095680376108,0.0017691287041132764,-0.02933805100987763,,
NOT,2026050822,0.6666666666,2,25006.55057002802,0.3333333333,1,35422.65851003222,100,3,0.8529739384,0.1470260616,2026-05-08 22:00:00+00:00,0.0,0.0,0.0,0.0,long,False,False,False,False,0.0006779,-0.00029502876530462796,0.002507744505089171,-0.0069331759846585905,,
NOT,2026050823,0.5,2,24968.26057002802,0.5,2,35460.94851003222,100,4,0.8520529148,0.1479470852,2026-05-08 23:00:00+00:00,1.0,38.29000000000087,-38.29000000000087,-0.0009210236000000149,long,True,False,False,False,0.0006777,0.0026560424966799445,-0.047070975357828004,-0.022428803305297396,,
NOT,2026050901,0.75,3,98625.95057002873,0.25,1,109042.05851003292,100,4,0.9522381176,0.0477618824,2026-05-09 01:00:00+00:00,0.0,73581.1100000007,73657.6900000007,0.10018520279999998,long,True,False,False,False,0.0006796,-0.04973513831665699,-0.009417304296645113,-0.029429075927015935,,
NOT,2026050902,0.75,3,99321.65057002901,0.25,1,109737.75851003322,100,4,0.9525409117,0.0474590883,2026-05-09 02:00:00+00:00,0.0,695.7000000003027,695.7000000002881,0.0003027941000000034,long,True,False,False,False,0.0006458,0.019510684422421765,0.025859399194797295,0.022452771755961498,,
NOT,2026050903,0.75,3,99321.65057002901,0.25,1,109737.75851003322,100,4,0.9525409117,0.0474590883,2026-05-09 03:00:00+00:00,0.0,0.0,0.0,0.0,long,False,False,False,False,0.0006584,0.022478736330498128,0.014125151883353615,,,
NOT,2026050904,0.75,3,99321.65057002901,0.25,1,109737.75851003322,100,4,0.9525409117,0.0474590883,2026-05-09 04:00:00+00:00,0.0,0.0,0.0,0.0,long,False,False,False,False,0.0006732,-0.01589423648247179,-0.02020202020202022,,,
NOT,2026050905,0.75,3,105876.5305700403,0.25,1,116292.6385100445,100,4,0.9552159617,0.0447840383,2026-05-09 05:00:00+00:00,0.0,6554.880000011282,6554.880000011282,0.002675050000000012,long,True,False,False,False,0.0006625,0.007849056603773663,-0.0033207547169812335,,,
FIL,2026050610,1.0,2,24245.40996000005,0.0,0,24245.40996000005,100,2,1.0,0.0,2026-05-06 10:00:00+00:00,,,,,long,False,False,False,False,1.1207,-0.015526010529133605,-0.052288748103863636,-0.039171946105112876,-0.028196662800035743,-0.02319978584813065
FIL,2026050611,1.0,2,24245.40996000005,0.0,0,24245.40996000005,100,2,1.0,0.0,2026-05-06 11:00:00+00:00,0.0,0.0,0.0,0.0,long,False,False,False,False,1.1033,-0.012598567932565974,-0.04395903199492435,-0.03634550892776223,0.010060726910178674,-0.006253965376597392
FIL,2026050612,1.0,3,38383.12644000007,0.0,0,38383.12644000007,100,3,1.0,0.0,2026-05-06 12:00:00+00:00,1.0,14137.716480000021,14137.716480000021,0.0,long,True,False,False,False,1.0894,-0.025059665871121628,-0.019093078758949833,-0.025885808702037827,-0.0029373967321459915,0.011474205984945973
FIL,2026050613,1.0,3,38383.12644000007,0.0,0,38383.12644000007,100,3,1.0,0.0,2026-05-06 13:00:00+00:00,0.0,0.0,0.0,0.0,long,False,False,False,False,1.0621,-0.0068731757838246255,0.013840504660578068,0.004236889181809644,-0.004613501553526134,0.018077393842387712
FIL,2026050614,1.0,3,48379.008360000145,0.0,0,48379.008360000145,100,3,1.0,0.0,2026-05-06 14:00:00+00:00,0.0,9995.881920000073,9995.881920000073,0.0,long,True,False,False,False,1.0548,0.013083048919226403,0.007963594994311762,0.019340159271899804,0.006257110352673401,0.014031095942358851
FIL,2026050615,1.0,4,92766.95239000041,0.0,0,92766.95239000041,100,4,1.0,0.0,2026-05-06 15:00:00+00:00,1.0,44387.94403000027,44387.94403000027,0.0,long,True,False,False,False,1.0686,0.007673591615197539,-0.0069249485307880665,0.020213363279056873,0.0027138311809844495,-0.006644207374134292
FIL,2026050616,1.0,4,92766.95239000041,0.0,0,92766.95239000041,100,4,1.0,0.0,2026-05-06 16:00:00+00:00,0.0,0.0,0.0,0.0,long,False,False,False,False,1.0768,-0.012630014858841077,-0.009472511144130724,0.011422734026745873,0.009472511144130724,-0.014115898959880968
FIL,2026050617,1.0,4,92766.95239000041,0.0,0,92766.95239000041,100,4,1.0,0.0,2026-05-06 17:00:00+00:00,0.0,0.0,0.0,0.0,long,False,False,False,False,1.0632,-0.0018811136192625755,0.011286681715575675,0.04815650865312282,0.017964635063957957,0.0018811136192626865
FIL,2026050618,1.0,3,79131.9523900004,0.0,0,79131.9523900004,100,3,1.0,0.0,2026-05-06 18:00:00+00:00,-1.0,-13635.000000000015,-13635.000000000015,0.0,long,False,True,False,False,1.0612,0.005088578967207047,0.027327553712778174,0.023558235959291407,0.0432529212212589,0.006125141349415886
FIL,2026050619,1.0,3,79131.9523900004,0.0,0,79131.9523900004,100,3,1.0,0.0,2026-05-06 19:00:00+00:00,0.0,0.0,0.0,0.0,long,False,False,False,False,1.0666,0.00806300393774606,0.021095068441777665,-0.008813050815676071,0.023813988374273398,0.01209450590661909
FIL,2026050620,1.0,3,79131.9523900004,0.0,0,79131.9523900004,100,3,1.0,0.0,2026-05-06 20:00:00+00:00,0.0,0.0,0.0,0.0,long,False,False,False,False,1.0752,0.013950892857143016,0.03645833333333348,-0.012834821428571508,0.022414434523809534,0.0012090773809525501
FIL,2026050621,1.0,3,79131.9523900004,0.0,0,79131.9523900004,100,3,1.0,0.0,2026-05-06 21:00:00+00:00,0.0,0.0,0.0,0.0,long,False,False,False,False,1.0902,-0.001008989176297992,-0.0036690515501742738,-0.017152815997064863,0.007246376811594235,-0.011007154650522821
FIL,2026050622,1.0,2,54236.34070000035,0.0,0,54236.34070000035,100,2,1.0,0.0,2026-05-06 22:00:00+00:00,-1.0,-24895.61169000005,-24895.61169000005,0.0,long,False,True,False,False,1.0891,0.023230190065191447,-0.029290239647415284,-0.0019281975943439278,0.0051418602515840295,-0.01276283169589576
FIL,2026050623,1.0,2,54236.34070000035,0.0,0,54236.34070000035,100,2,1.0,0.0,2026-05-06 23:00:00+00:00,0.0,0.0,0.0,0.0,long,False,False,False,False,1.1144,-0.025305096913137093,-0.04755922469490326,-0.028804737975592243,-0.016152189519023752,-0.01471643933955491
FIL,2026050701,1.0,2,58501.94070000035,0.0,0,58501.94070000035,100,2,1.0,0.0,2026-05-07 01:00:00+00:00,0.0,4265.5999999999985,4265.5999999999985,0.0,long,True,False,False,False,1.0572,0.0039727582292847785,0.02818766553159291,0.03291713961407505,0.022796065077563377,0.043700340522133896
FIL,2026050702,1.0,2,58501.94070000035,0.0,0,58501.94070000035,100,2,1.0,0.0,2026-05-07 02:00:00+00:00,0.0,0.0,0.0,0.0,long,False,False,False,False,1.0614,0.009515733936310555,0.019690974185038845,0.03570755605803666,0.007725645374034418,0.03796872055775391
FIL,2026050703,1.0,2,58501.94070000035,0.0,0,58501.94070000035,100,2,1.0,0.0,2026-05-07 03:00:00+00:00,0.0,0.0,0.0,0.0,long,False,False,False,False,1.0715,0.014465702286514226,0.03322445170321986,0.02482501166588902,-0.009332711152589601,0.019972001866542355
FIL,2026050704,1.0,2,58501.94070000035,0.0,0,58501.94070000035,100,2,1.0,0.0,2026-05-07 04:00:00+00:00,0.0,0.0,0.0,0.0,long,False,False,False,False,1.087,-0.004323827046918027,0.004599816007359703,0.007083716651334004,-0.023367065317387192,0.007267709291628455
FIL,2026050705,1.0,2,58501.94070000035,0.0,0,58501.94070000035,100,2,1.0,0.0,2026-05-07 05:00:00+00:00,0.0,0.0,0.0,0.0,long,False,False,False,False,1.0823,0.02291416427977455,0.01570729003049043,0.013027811142936274,-0.01579968585419944,0.007114478425575221
FIL,2026050706,1.0,2,58501.94070000035,0.0,0,58501.94070000035,100,2,1.0,0.0,2026-05-07 06:00:00+00:00,0.0,0.0,0.0,0.0,long,False,False,False,False,1.1071,-0.013639237647908864,-0.008129346942462146,-0.004696956011200348,-0.03558847439255697,-0.0027097823141539745
FIL,2026050707,1.0,2,58501.94070000035,0.0,0,58501.94070000035,100,2,1.0,0.0,2026-05-07 07:00:00+00:00,0.0,0.0,0.0,0.0,long,False,False,False,False,1.092,0.006684981684981661,0.0024725274725274637,-0.009798534798534986,-0.011446886446886628,0.007234432234432209
FIL,2026050708,1.0,2,58501.94070000035,0.0,0,58501.94070000035,100,2,1.0,0.0,2026-05-07 08:00:00+00:00,0.0,0.0,0.0,0.0,long,False,False,False,False,1.0993,-0.0010916037478394536,-0.002638042390612161,-0.027017192759028363,-0.02074047120895106,-0.004093514054398173
FIL,2026050709,1.0,2,58501.94070000035,0.0,0,58501.94070000035,100,2,1.0,0.0,2026-05-07 09:00:00+00:00,0.0,0.0,0.0,0.0,long,False,False,False,False,1.0981,-0.0030962571714781006,0.0034605227210637857,-0.03333029778708674,-0.018122211091886054,0.0006374647117748378
FIL,2026050710,1.0,2,58501.94070000035,0.0,0,58501.94070000035,100,2,1.0,0.0,2026-05-07 10:00:00+00:00,0.0,0.0,0.0,0.0,long,False,False,False,False,1.0947,0.0015529368776834307,-0.012240796565269108,-0.030236594500776426,-0.017813099479309424,-0.0010961907371883628
FIL,2026050711,1.0,2,58501.94070000035,0.0,0,58501.94070000035,100,2,1.0,0.0,2026-05-07 11:00:00+00:00,0.0,0.0,0.0,0.0,long,False,False,False,False,1.0964,0.005016417365924841,-0.024443633710324653,-0.028456767603064703,0.0014593214155418366,0.008391098139365116
FIL,2026050712,1.0,2,58501.94070000035,0.0,0,58501.94070000035,100,2,1.0,0.0,2026-05-07 12:00:00+00:00,0.0,0.0,0.0,0.0,long,False,False,False,False,1.1019,-0.018694981395771082,-0.036663944096560486,-0.031037299210454727,-0.009075233687267481,-0.007169434612941283
FIL,2026050713,1.0,2,58501.94070000035,0.0,0,58501.94070000035,100,2,1.0,0.0,2026-05-07 13:00:00+00:00,0.0,0.0,0.0,0.0,long,False,False,False,False,1.0813,-0.010820308887450114,-0.018218810690834975,-0.0016646629057616158,0.02043836123185061,-0.0009248127254229965
FIL,2026050714,1.0,2,58501.94070000035,0.0,0,58501.94070000035,100,2,1.0,0.0,2026-05-07 14:00:00+00:00,0.0,0.0,0.0,0.0,long,False,False,False,False,1.0696,-0.007572924457741159,-0.004113687359760809,0.006451009723260848,0.030011219147344503,0.035527299925205424
FIL,2026050715,1.0,2,58501.94070000035,0.0,0,58501.94070000035,100,2,1.0,0.0,2026-05-07 15:00:00+00:00,0.0,0.0,0.0,0.0,long,False,False,False,False,1.0615,9.420631182277539e-05,0.005840791333019402,0.01573245407442303,0.02958078191238811,0.07348092322185562
FIL,2026050716,1.0,2,58501.94070000035,0.0,0,58501.94070000035,100,2,1.0,0.0,2026-05-07 16:00:00+00:00,0.0,0.0,0.0,0.0,long,False,False,False,False,1.0616,0.0033911077618686836,0.016861341371514404,0.012810851544837742,0.031367746797287044,0.14365109269027876
FIL,2026050717,1.0,2,58501.94070000035,0.0,0,58501.94070000035,100,2,1.0,0.0,2026-05-07 17:00:00+00:00,0.0,0.0,0.0,0.0,long,False,False,False,False,1.0652,0.0023469770935036216,0.010608336462636148,0.03079233946676685,0.023282012767555482,0.1365940668419079
FIL,2026050718,1.0,2,58501.94070000035,0.0,0,58501.94070000035,100,2,1.0,0.0,2026-05-07 18:00:00+00:00,0.0,0.0,0.0,0.0,long,False,False,False,False,1.0677,0.0110517935749741,0.009834223096375272,0.022665542755455625,0.03409197340076808,0.12756392245012638
FIL,2026050719,1.0,2,58501.94070000035,0.0,0,58501.94070000035,100,2,1.0,0.0,2026-05-07 19:00:00+00:00,0.0,0.0,0.0,0.0,long,False,False,False,False,1.0795,-0.0027790643816580918,-0.003983325613710065,0.022139879573876753,0.018897637795275868,0.1169059749884207
FIL,2026050720,1.0,2,58501.94070000035,0.0,0,58501.94070000035,100,2,1.0,0.0,2026-05-07 20:00:00+00:00,0.0,0.0,0.0,0.0,long,False,False,False,False,1.0765,0.0015791918253600379,0.019972131908964297,0.023409196470041804,0.01699953553181599,0.12466326056665133
FIL,2026050721,1.0,2,58501.94070000035,0.0,0,58501.94070000035,100,2,1.0,0.0,2026-05-07 21:00:00+00:00,0.0,0.0,0.0,0.0,long,False,False,False,False,1.0782,-0.0027824151363384786,0.012706362455945142,0.013633834168057746,0.019105917269523154,0.14644778334260788
FIL,2026050722,1.0,2,58501.94070000035,0.0,0,58501.94070000035,100,2,1.0,0.0,2026-05-07 22:00:00+00:00,0.0,0.0,0.0,0.0,long,False,False,False,False,1.0752,0.021205357142857206,0.026227678571428603,0.018322172619047672,0.01702008928571419,0.19056919642857162
FIL,2026050723,1.0,2,58501.94070000035,0.0,0,58501.94070000035,100,2,1.0,0.0,2026-05-07 23:00:00+00:00,0.0,0.0,0.0,0.0,long,False,False,False,False,1.098,-0.005555555555555536,0.003369763205828713,-0.007285974499089298,0.006921675774134606,0.17131147540983593
FIL,2026050801,1.0,2,58501.94070000035,0.0,0,58501.94070000035,100,2,1.0,0.0,2026-05-08 01:00:00+00:00,0.0,0.0,0.0,0.0,long,False,False,False,False,1.1034,-0.001540692405292754,-0.007703462026463659,-0.0031720137756025,-0.02093529091897761,0.14201558818198312
FIL,2026050802,1.0,2,58501.94070000035,0.0,0,58501.94070000035,100,2,1.0,0.0,2026-05-08 02:00:00+00:00,0.0,0.0,0.0,0.0,long,False,False,False,False,1.1017,-0.007987655441590191,-0.010619950984841475,-0.006263048016701411,0.005355359898338907,0.17173459199419083
FIL,2026050803,1.0,2,58501.94070000035,0.0,0,58501.94070000035,100,2,1.0,0.0,2026-05-08 03:00:00+00:00,0.0,0.0,0.0,0.0,long,False,False,False,False,1.0929,0.001829993595022339,0.010247964132125587,0.005398481105316044,0.042638850764022296,0.18748284381004665
FIL,2026050804,1.0,2,58501.94070000035,0.0,0,58501.94070000035,100,2,1.0,0.0,2026-05-08 04:00:00+00:00,0.0,0.0,0.0,0.0,long,False,False,False,False,1.0949,-0.004475294547447217,0.004566627089231945,-0.0012786555849849668,0.10886838980728841,0.15754863457850043
FIL,2026050805,1.0,2,58501.94070000035,0.0,0,58501.94070000035,100,2,1.0,0.0,2026-05-08 05:00:00+00:00,0.0,0.0,0.0,0.0,long,False,False,False,False,1.09,0.012935779816513726,0.004403669724770465,0.01431192660550451,0.11073394495412847,0.16091743119266044
FIL,2026050806,1.0,2,58501.94070000035,0.0,0,58501.94070000035,100,2,1.0,0.0,2026-05-08 06:00:00+00:00,0.0,0.0,0.0,0.0,long,False,False,False,False,1.1041,-0.0038040032605741736,-0.00480028982881997,-0.009147722126618962,0.09039036319173976,0.1551489901277059
FIL,2026050807,1.0,2,58501.94070000035,0.0,0,58501.94070000035,100,2,1.0,0.0,2026-05-08 07:00:00+00:00,0.0,0.0,0.0,0.0,long,False,False,False,False,1.0999,-0.004636785162287604,-0.005818710791890336,-0.017819801800163737,0.0961905627784343,0.14883171197381584
FIL,2026050808,1.0,2,58501.94070000035,0.0,0,58501.94070000035,100,2,1.0,0.0,2026-05-08 08:00:00+00:00,0.0,0.0,0.0,0.0,long,False,False,False,False,1.0948,0.003653635367190322,0.009864815491413825,0.011691633175008986,0.10586408476434062,0.152630617464377
FIL,2026050809,1.0,2,58501.94070000035,0.0,0,58501.94070000035,100,2,1.0,0.0,2026-05-08 09:00:00+00:00,0.0,0.0,0.0,0.0,long,False,False,False,False,1.0988,-0.0048234437568257515,-0.00436840189297405,0.03704040771750994,0.12495449581361484,
FIL,2026050810,1.0,2,60702.52070000036,0.0,0,60702.52070000036,100,2,1.0,0.0,2026-05-08 10:00:00+00:00,0.0,2200.580000000009,2200.580000000009,0.0,long,True,False,False,False,1.0935,0.01106538637402843,-0.012071330589848994,0.11028806584362139,0.17064471879286702,
FIL,2026050811,1.0,2,60702.52070000036,0.0,0,60702.52070000036,100,2,1.0,0.0,2026-05-08 11:00:00+00:00,0.0,0.0,0.0,0.0,long,False,False,False,False,1.1056,-0.010492040520983958,0.0018089725036178894,0.09506150506512312,0.16325976845151957,
FIL,2026050812,1.0,2,60702.52070000036,0.0,0,60702.52070000036,100,2,1.0,0.0,2026-05-08 12:00:00+00:00,0.0,0.0,0.0,0.0,long,False,False,False,False,1.094,-0.012522851919561262,0.041590493601462386,0.10045703839122466,0.15429616087751352,
FIL,2026050813,1.0,2,60702.52070000036,0.0,0,60702.52070000036,100,2,1.0,0.0,2026-05-08 13:00:00+00:00,0.0,0.0,0.0,0.0,long,False,False,False,False,1.0803,0.025270758122743597,0.12385448486531514,0.11607886698139391,0.16643524946774035,
FIL,2026050814,1.0,2,60702.52070000036,0.0,0,60702.52070000036,100,2,1.0,0.0,2026-05-08 14:00:00+00:00,0.0,0.0,0.0,0.0,long,False,False,False,False,1.1076,0.02880101119537737,0.09308414590104741,0.09308414590104741,0.16549295774647899,
FIL,2026050815,1.0,2,60702.52070000036,0.0,0,60702.52070000036,100,2,1.0,0.0,2026-05-08 15:00:00+00:00,0.0,0.0,0.0,0.0,long,False,False,False,False,1.1395,0.06546731022378238,0.056516015796401975,0.08477402369460285,0.13892057920140433,
FIL,2026050816,1.0,2,60702.52070000036,0.0,0,60702.52070000036,100,2,1.0,0.0,2026-05-08 16:00:00+00:00,0.0,0.0,0.0,0.0,long,False,False,False,False,1.2141,-0.0028004283007988517,-0.006918705213738496,0.05436125525080304,0.0439008318919365,
FIL,2026050817,1.0,2,60702.52070000036,0.0,0,60702.52070000036,100,2,1.0,0.0,2026-05-08 17:00:00+00:00,0.0,0.0,0.0,0.0,long,False,False,False,False,1.2107,-0.005616585446436062,0.0,0.06227802097959856,0.04518047410588921,
FIL,2026050818,1.0,2,60702.52070000036,0.0,0,60702.52070000036,100,2,1.0,0.0,2026-05-08 18:00:00+00:00,0.0,0.0,0.0,0.0,long,False,False,False,False,1.2039,0.0014951407924246318,0.026746407508929426,0.04892432926322776,0.059390314810200184,
FIL,2026050819,1.0,2,60702.52070000036,0.0,0,60702.52070000036,100,2,1.0,0.0,2026-05-08 19:00:00+00:00,0.0,0.0,0.0,0.0,long,False,False,False,False,1.2057,0.004146968565978293,0.06170689226175674,0.04511901799784357,0.048021895994028396,
FIL,2026050820,1.0,2,60702.52070000036,0.0,0,60702.52070000036,100,2,1.0,0.0,2026-05-08 20:00:00+00:00,0.0,0.0,0.0,0.0,long,False,False,False,False,1.2107,0.02097959857933418,0.06227802097959856,0.06624266953002378,0.04228958453787057,
FIL,2026050821,1.0,2,60702.52070000036,0.0,0,60702.52070000036,100,2,1.0,0.0,2026-05-08 21:00:00+00:00,0.0,0.0,0.0,0.0,long,False,False,False,False,1.2361,0.03559582558045471,0.02160019415904868,0.04991505541622843,,
FIL,2026050822,1.0,2,60702.52070000036,0.0,0,60702.52070000036,100,2,1.0,0.0,2026-05-08 22:00:00+00:00,0.0,0.0,0.0,0.0,long,False,False,False,False,1.2801,0.004687133817670608,-0.015623779392235027,-0.009921099914069198,,
FIL,2026050823,1.0,2,60702.52070000036,0.0,0,60702.52070000036,100,2,1.0,0.0,2026-05-08 23:00:00+00:00,0.0,0.0,0.0,0.0,long,False,False,False,False,1.2861,-0.018116787186066463,0.003732213669232598,-0.016095171448565426,,
FIL,2026050901,1.0,2,60702.52070000036,0.0,0,60702.52070000036,100,2,1.0,0.0,2026-05-09 01:00:00+00:00,0.0,0.0,0.0,0.0,long,False,False,False,False,1.2601,0.024442504563129797,0.005793191016586041,0.0027775573367192496,,
FIL,2026050902,1.0,2,60702.52070000036,0.0,0,60702.52070000036,100,2,1.0,0.0,2026-05-09 02:00:00+00:00,0.0,0.0,0.0,0.0,long,False,False,False,False,1.2909,0.005345108064141346,-0.019753660237043835,-0.02246494693624601,,
FIL,2026050903,1.0,2,60702.52070000036,0.0,0,60702.52070000036,100,2,1.0,0.0,2026-05-09 03:00:00+00:00,0.0,0.0,0.0,0.0,long,False,False,False,False,1.2978,-0.023424256433965174,-0.01725997842502691,,,
FIL,2026050904,1.0,2,60702.52070000036,0.0,0,60702.52070000036,100,2,1.0,0.0,2026-05-09 04:00:00+00:00,0.0,0.0,0.0,0.0,long,False,False,False,False,1.2674,-0.0015780337699227154,-0.0029982641628530926,,,
FIL,2026050905,1.0,2,60702.52070000036,0.0,0,60702.52070000036,100,2,1.0,0.0,2026-05-09 05:00:00+00:00,0.0,0.0,0.0,0.0,long,False,False,False,False,1.2654,0.00790263948158687,-0.002765923818555449,,,
AR,2026050605,1.0,1,983.094,0.0,0,983.094,100,1,1.0,0.0,2026-05-06 05:00:00+00:00,,,,,long,False,False,False,False,2.451,-0.01509587923296607,0.005303957568339346,0.01101591187270512,0.03467972256221952,0.030599755201958345
AR,2026050606,1.0,1,983.094,0.0,0,983.094,100,1,1.0,0.0,2026-05-06 06:00:00+00:00,0.0,0.0,0.0,0.0,long,False,False,False,False,2.414,0.005385252692626352,0.04846727423363717,0.028169014084507005,0.034382767191383445,0.03479701739850882
AR,2026050607,1.0,1,983.094,0.0,0,983.094,100,1,1.0,0.0,2026-05-06 07:00:00+00:00,0.0,0.0,0.0,0.0,long,False,False,False,False,2.427,0.01524515863205611,0.049855789039967124,-0.0024721878862794533,0.027194066749072876,0.030490317264112
AR,2026050608,1.0,1,983.094,0.0,0,983.094,100,1,1.0,0.0,2026-05-06 08:00:00+00:00,0.0,0.0,0.0,0.0,long,False,False,False,False,2.464,0.027191558441558517,0.005681818181818343,0.0024350649350650677,0.008116883116883189,-0.0012175324675325339
AR,2026050609,1.0,1,983.094,0.0,0,983.094,100,1,1.0,0.0,2026-05-06 09:00:00+00:00,0.0,0.0,0.0,0.0,long,False,False,False,False,2.531,0.006716712761754229,-0.019359936783879816,0.012248123271433986,0.003951007506914239,-0.013828526274199948
AR,2026050610,1.0,1,983.094,0.0,0,983.094,100,1,1.0,0.0,2026-05-06 10:00:00+00:00,0.0,0.0,0.0,0.0,long,False,False,False,False,2.548,-0.027472527472527375,-0.04984301412872849,-0.005494505494505586,-0.006279434850863463,-0.02276295133437989
AR,2026050611,1.0,1,983.094,0.0,0,983.094,100,1,1.0,0.0,2026-05-06 11:00:00+00:00,0.0,0.0,0.0,0.0,long,False,False,False,False,2.478,0.0016142050040355294,-0.0032284100080710587,0.023405972558514954,0.05972558514931392,0.0197740112994349
AR,2026050612,1.0,1,983.094,0.0,0,983.094,100,1,1.0,0.0,2026-05-06 12:00:00+00:00,0.0,0.0,0.0,0.0,long,False,False,False,False,2.482,-0.02457695406929916,0.03223207091055591,0.006043513295729053,0.03223207091055591,0.03666398066075738
AR,2026050613,1.0,1,983.094,0.0,0,983.094,100,1,1.0,0.0,2026-05-06 13:00:00+00:00,0.0,0.0,0.0,0.0,long,False,False,False,False,2.421,0.02023957042544411,0.046674927715819825,0.029739776951672958,0.054522924411400275,0.030565881866997158
AR,2026050614,1.0,1,983.094,0.0,0,983.094,100,1,1.0,0.0,2026-05-06 14:00:00+00:00,0.0,0.0,0.0,0.0,long,False,False,False,False,2.47,0.03724696356275281,0.026720647773279316,0.005668016194331882,-0.00445344129554659,-0.005668016194332104
AR,2026050615,1.0,1,983.094,0.0,0,983.094,100,1,1.0,0.0,2026-05-06 15:00:00+00:00,0.0,0.0,0.0,0.0,long,False,False,False,False,2.562,-0.010928961748633892,-0.025370804059328678,-0.008196721311475419,-0.026541764246682087,-0.05737704918032782
AR,2026050616,1.0,1,983.094,0.0,0,983.094,100,1,1.0,0.0,2026-05-06 16:00:00+00:00,0.0,0.0,0.0,0.0,long,False,False,False,False,2.534,0.0007892659826362891,-0.01617995264404104,-0.0007892659826360671,0.017758484609313507,-0.04459352801894234
AR,2026050617,1.0,1,983.094,0.0,0,983.094,100,1,1.0,0.0,2026-05-06 17:00:00+00:00,0.0,0.0,0.0,0.0,long,False,False,False,False,2.536,-0.015378548895899069,-0.02050473186119872,0.03548895899053628,-0.0039432176656152285,-0.036671924290220814
AR,2026050618,1.0,1,983.094,0.0,0,983.094,100,1,1.0,0.0,2026-05-06 18:00:00+00:00,0.0,0.0,0.0,0.0,long,False,False,False,False,2.497,-0.0016019223067681443,0.017621145374449254,0.02603123748498204,0.00040048057669217485,-0.0252302763315978
AR,2026050619,1.0,1,983.094,0.0,0,983.094,100,1,1.0,0.0,2026-05-06 19:00:00+00:00,0.0,0.0,0.0,0.0,long,False,False,False,False,2.493,-0.0036101083032490378,0.01564380264741283,0.024067388688327362,0.003208985158443589,-0.030084235860409092
BTC,2026050605,0.3333333333,9,-6489280.570026357,0.7407407407,20,8297031.609836536,100,27,0.1089396259,0.8910603741,2026-05-06 05:00:00+00:00,,,,,short,False,False,False,False,81287.0,0.0017727311870288087,0.007676504238069981,0.014798184211497478,0.0014922435321762517,-0.0029168255686642386
BTC,2026050606,0.3333333333,9,-6486690.997481333,0.7407407407,20,8299621.18238156,100,27,0.1092176465,0.8907823535,2026-05-06 06:00:00+00:00,0.0,2589.572545023635,2589.572545023635,0.00027802059999999795,short,False,False,True,True,81431.1,-0.0011948751766831522,0.006496289501185748,0.009309710908977031,-0.001546092340641514,-0.0003119201386203585
BTC,2026050607,0.3793103448,11,-6167444.615568286,0.6896551724,20,8714432.517914606,100,29,0.1461361882,0.8538638118,2026-05-06 07:00:00+00:00,2.0,414811.33553304616,319246.3819130473,0.03691854169999999,short,False,False,True,True,81333.8,0.007096680592816318,0.011142968851818091,0.003663913403775476,0.0010868790097104952,0.001823350193892459
BTC,2026050608,0.4,12,-5998872.046841378,0.6666666667,20,8679458.30649485,100,30,0.1544212878,0.8455787122,2026-05-06 08:00:00+00:00,1.0,-34974.21141975559,168572.56872690748,0.008285099600000012,short,False,False,True,True,81911.0,0.0005994310898413957,0.007067426841327773,-0.005270354409053657,-0.006436253982981532,-0.008822990807095477
BTC,2026050609,0.3793103448,11,-6028226.9122073855,0.6896551724,20,8854331.342628844,100,29,0.1595888114,0.8404111886,2026-05-06 09:00:00+00:00,-1.0,174873.03613399342,-29354.8653660072,0.005167523600000001,short,False,False,True,True,81960.1,0.003416296466207447,0.0027952625728859815,-0.0036822795482192028,-0.005614927263388081,-0.013031950912700263
BTC,2026050610,0.3333333333,9,-6784824.000954523,0.7407407407,20,8199628.404321707,100,27,0.0862724707,0.9137275293,2026-05-06 10:00:00+00:00,-2.0,-654702.9383071372,-756597.0887471372,-0.0733163407,short,False,False,True,True,82240.1,0.0030374476684729146,-0.007396634974908833,-0.008099455131985511,-0.01150290430094325,-0.01729569881359594
BTC,2026050611,0.3076923076,8,-6782657.746948805,0.7692307692,20,8201794.658327424,100,26,0.086513804,0.913486196,2026-05-06 11:00:00+00:00,-1.0,2166.2540057171136,2166.254005718045,0.00024133329999999342,short,False,False,True,True,82489.9,-0.003645294757297579,-0.012251196813185539,-0.013111908245736603,-0.013264654218273941,-0.02004245368220825
BTC,2026050612,0.3076923076,8,-8052666.267127021,0.7692307692,20,9110495.96077185,100,26,0.0580555492,0.9419444508,2026-05-06 12:00:00+00:00,0.0,908701.3024444254,-1270008.5201782165,-0.0284582548,short,False,False,True,False,82189.2,-0.006781912952066649,-0.006459486161198735,-0.010755671061404626,-0.014758630087651436,-0.013030909170547944
BTC,2026050613,0.2666666666,8,-18500946.2613157,0.8,24,19569023.957060527,100,30,0.0272900094,0.9727099906,2026-05-06 13:00:00+00:00,4.0,10458527.996288678,-10448279.994188678,-0.030765539800000002,short,False,False,True,False,81631.8,-0.00186814452211026,-0.0007080573991998795,-0.0025676268317004203,-0.006122613981316194,-0.014224848649668331
BTC,2026050614,0.3,9,-18292778.564895224,0.7666666667,23,19367351.04930705,100,30,0.0277418548,0.9722581452,2026-05-06 14:00:00+00:00,0.0,-201672.90775347874,208167.69642047584,0.0004518454000000012,short,False,False,False,True,81479.3,0.0021968769982068093,-0.0008713869657692719,-0.001172076834238922,-0.004845402451911118,-0.016394348012317317
BTC,2026050615,0.2758620689,8,-18430719.954261724,0.7931034483,23,19493709.589440547,100,29,0.0272649397,0.9727350603,2026-05-06 15:00:00+00:00,-1.0,126358.54013349861,-137941.38936650008,-0.00047691509999999923,short,False,False,True,True,81658.3,-0.001032350661231085,-0.0043241164707078505,-0.0019397905662988935,-0.010412903526034745,-0.02199531462202875
BTC,2026050616,0.2580645161,8,-18908306.853458226,0.8064516129,25,19845072.959404048,100,31,0.0236019819,0.9763980181,2026-05-06 16:00:00+00:00,2.0,351363.36996350065,-477586.8991965018,-0.0036629578000000017,short,False,False,True,False,81574.0,-0.002031284477897355,-0.0018608870473435513,-0.003431240346188691,-0.0076507220437885826,-0.022194571799838192
BTC,2026050617,0.2121212121,7,-19361050.167648625,0.8484848485,28,20263425.819693647,100,33,0.0222661177,0.9777338823,2026-05-06 17:00:00+00:00,2.0,418352.86028959975,-452743.3141903989,-0.0013358641999999983,short,False,False,True,False,81408.3,-0.001266455631674046,-0.00030095211421932166,-0.0001547753730271051,-0.00440249949943694,-0.01660764320100039
BTC,2026050618,0.2121212121,7,-19982431.16306836,0.8484848485,28,20884991.001573913,100,33,0.0216078579,0.9783921421,2026-05-06 18:00:00+00:00,0.0,621565.1818802655,-621380.995419737,-0.0006582598000000016,short,False,False,True,False,81305.2,0.00143902235035398,0.0023946807830248495,-0.004046481651850065,0.0012360833009450456,-0.0140839700289771
BTC,2026050619,0.1714285714,6,-20560278.67450064,0.8857142857,31,21297313.573301632,100,35,0.017303471,0.982696529,2026-05-06 19:00:00+00:00,2.0,412322.57172771916,-577847.5114322789,-0.0043043868999999985,short,False,False,True,False,81422.2,-0.00047161584924004796,-0.0015732809970744333,-0.003564138527330396,0.0007356715981636786,-0.01611722601452681
BTC,2026050620,0.1428571428,5,-22542768.952206936,0.9142857143,32,23196240.147173304,100,35,0.0140857136,0.9859142864,2026-05-06 20:00:00+00:00,0.0,1898926.5738716722,-1982490.2777062953,-0.0032177574,short,False,False,True,False,81383.8,0.0014265738390195626,0.00014622074663495077,-0.0036776360897378124,-0.002402197980433507,-0.018883364994015994
BTC,2026050621,0.1764705882,6,-22475602.642600257,0.8823529412,30,23155977.54041998,100,34,0.0146911288,0.9853088712,2026-05-06 21:00:00+00:00,-1.0,-40262.60675332323,67166.30960667878,0.000605415199999999,short,False,False,False,True,81499.9,-0.0025251564725844444,-0.0064257747555518385,-0.008489580968810917,-0.007458904857551851,-0.02213622348002875
BTC,2026050622,0.1875,6,-21832275.609904893,0.875,28,22708689.725615967,100,32,0.0192968886,0.9807031114,2026-05-06 22:00:00+00:00,-2.0,-447287.8148040138,643327.0326953642,0.0046057597999999995,short,False,False,False,True,81294.1,0.0012497831945983418,-0.001993994644137853,-0.004234009602173017,-0.005860203877034231,-0.01741331781765232
BTC,2026050623,0.2,6,-21297263.256796345,0.8666666667,26,22341847.998047184,100,30,0.0233773128,0.9766226872,2026-05-06 23:00:00+00:00,-2.0,-366841.72756878287,535012.3531085476,0.004080424200000002,short,False,False,False,True,81395.7,-0.005153834907740795,-0.00382329779091517,-0.004248381671267731,-0.006868913222688566,-0.017402639205756576
BTC,2026050701,0.2424242424,8,-21084039.123117033,0.8181818182,27,22634094.928546492,100,33,0.0342416122,0.9657583878,2026-05-07 01:00:00+00:00,3.0,292246.9304993078,213224.13367931172,0.0108642994,short,False,False,True,True,81132.0,-0.0005854656608983433,-0.0022444904599911997,0.00431519006064196,-0.008152147118276276,-0.017552876793373806
BTC,2026050702,0.25,8,-20832014.769807033,0.8125,26,22767320.88311649,100,32,0.0425018411,0.9574981589,2026-05-07 02:00:00+00:00,-1.0,133225.95456999913,252024.35331000015,0.0082602289,short,False,False,True,True,81084.5,-0.0034100228773686903,-0.0004267153401699142,0.0012801460205094095,-0.011605177315023196,-0.0202800781900363
BTC,2026050703,0.2727272727,9,-19690459.768895507,0.7878787879,26,22375925.341012016,100,33,0.0600079221,0.9399920779,2026-05-07 03:00:00+00:00,1.0,-391395.5421044752,1141555.0009115264,0.017506081,short,False,False,True,True,80808.0,0.0017560142560142378,0.007396544896544954,0.0010395010395010118,-0.011704286704286693,-0.015753390753390772
BTC,2026050704,0.28125,9,-18082892.744126607,0.78125,25,21421447.286584914,100,32,0.0779255131,0.9220744869,2026-05-07 04:00:00+00:00,-1.0,-954478.0544271022,1607567.0247689001,0.017917590999999997,short,False,False,False,True,80949.9,0.0012353319769389248,0.006574436781268567,-0.0016331088735130894,-0.014655978574402151,-0.016491681892133236
BTC,2026050705,0.2580645161,8,-18090334.283064812,0.8064516129,25,21414005.74764671,100,31,0.0776050848,0.9223949152,2026-05-07 05:00:00+00:00,-1.0,-7441.538938201964,-7441.538938205689,-0.00032042829999999467,short,False,False,True,True,81049.9,0.004389888204674008,0.0017075900155336665,-0.0026317120687378015,-0.012259114446778963,-0.018444193021829647
BTC,2026050706,0.2580645161,8,-18095474.71499754,0.8064516129,25,21408865.315713983,100,31,0.0773836107,0.9226163893,2026-05-07 06:00:00+00:00,0.0,-5140.431932728738,-5140.431932728738,-0.00022147410000000756,short,False,False,True,True,81405.7,0.0009385092198703759,-0.006310368929939747,-0.003531693726606333,-0.015301139846472522,-0.023643307532519198
BTC,2026050707,0.2580645161,8,-18090350.71394754,0.8064516129,25,21413989.316763982,100,31,0.077604377,0.922395623,2026-05-07 07:00:00+00:00,0.0,5124.001049999148,5124.001050002873,0.0002207663000000082,short,False,False,True,True,81482.1,-0.003605699902187176,-0.008153938104197178,-0.01241376940456862,-0.016840508528867204,-0.022652828044441686
BTC,2026050708,0.2580645161,8,-18092705.13887702,0.8064516129,25,21411634.891834505,100,31,0.0775029503,0.9224970497,2026-05-07 08:00:00+00:00,0.0,-2354.4249294772744,-2354.4249294809997,-0.00010142670000000409,short,False,False,True,True,81188.3,-0.0036495406357812676,-0.004331904966602296,-0.012868849329275345,-0.016520853374193067,-0.01648390223714502
BTC,2026050709,0.2580645161,8,-18217976.253958546,0.8064516129,25,21308571.30627298,100,31,0.0725199969,0.9274800031,2026-05-07 09:00:00+00:00,0.0,-103063.58556152508,-125271.11508152634,-0.004982953400000004,short,False,False,True,True,80892.0,-0.0009185086287890609,0.0027963210206201072,-0.012730554319339449,-0.014787618058646035,-0.013148395391386125
BTC,2026050710,0.2903225806,9,-17141808.078509793,0.7741935484,24,20388993.735459898,100,31,0.0796308464,0.9203691536,2026-05-07 10:00:00+00:00,0.0,-919577.5708130822,1076168.175448753,0.007110849500000002,short,False,False,False,True,80817.7,0.00023385966193067986,-0.004294851251643972,-0.013044172254345288,-0.011621216639424281,-0.007920294687920992
BTC,2026050711,0.3,9,-16148374.233747056,0.7666666667,23,19400632.207746632,100,30,0.0838183503,0.9161816497,2026-05-07 11:00:00+00:00,-1.0,-988361.5277132653,993433.8447627369,0.0041875039,short,False,False,False,True,80836.6,0.0034835705608597944,-0.008574086490525379,-0.009652805783518903,-0.01060658167216344,-0.007959265976055563
BTC,2026050712,0.3,9,-16145826.932697056,0.7666666667,23,19403179.508796632,100,30,0.083938629,0.916061371,2026-05-07 12:00:00+00:00,0.0,2547.3010499998927,2547.3010499998927,0.00012027870000000385,short,False,False,True,True,81118.2,-0.007983411860716716,-0.015483578284528066,-0.011811159517839287,-0.01625036058492424,-0.013885909697207266
BTC,2026050713,0.3,9,-15420627.57512329,0.7666666667,23,18677943.244387995,100,30,0.087196851,0.912803149,2026-05-07 13:00:00+00:00,0.0,-725236.2644086368,725199.3575737663,0.003258222000000005,short,False,False,False,True,80470.6,-0.00406483858701201,-0.008787060118850887,-0.004482382385616712,-0.009477995690351682,-0.010720685567151333
BTC,2026050714,0.3,9,-15186630.78385816,0.7666666667,23,18934154.284253128,100,30,0.0989619986,0.9010380014,2026-05-07 14:00:00+00:00,0.0,256211.03986513242,233996.79126513004,0.011765147599999998,short,False,False,True,True,80143.5,-0.0035099540199766688,-0.0010880483133378638,-0.003699613817714442,-0.008776756692682408,-0.00039179721374771326
BTC,2026050715,0.3448275862,10,-14961127.299811518,0.7586206897,22,19069778.660243314,100,29,0.107726771,0.892273229,2026-05-07 15:00:00+00:00,-1.0,135624.3759901859,225503.48404664174,0.008764772399999995,short,False,False,True,True,79862.2,-0.0012358788012351019,0.0037301752268283916,-0.0020835889820214337,-0.004097057180994179,0.0032092779813228667
BTC,2026050716,0.3103448275,9,-15464144.6722922,0.7586206897,22,18654079.51856439,100,29,0.0855023385,0.9144976615,2026-05-07 16:00:00+00:00,0.0,-415699.1416789256,-503017.372480683,-0.022224432500000002,short,False,False,True,True,79763.5,0.003670851956095289,0.004342838516363967,0.0014417622095319604,-0.0018630075159691284,8.274461376456266e-05
BTC,2026050717,0.3103448275,9,-14102771.1142422,0.7586206897,22,20015453.076614387,100,29,0.1477029258,0.8522970742,2026-05-07 17:00:00+00:00,0.0,1361373.5580499992,1361373.558050001,0.0622005873,short,False,False,True,True,80056.3,0.0012965875265282811,-0.0026144101088858562,-0.0009630722379125878,-0.006261843227828412,-0.0002210944048125496
BTC,2026050718,0.3,9,-14361415.4775122,0.7666666667,23,20920089.78770439,100,30,0.1567554053,0.8432445947,2026-05-07 18:00:00+00:00,1.0,904636.7110900022,-258644.36326999962,0.009052479500000016,short,False,False,True,False,80160.1,-0.0006262467237442282,-0.00579215844291614,-0.0044922598649453915,-0.008471795818618011,-0.0013934613355024439
BTC,2026050719,0.3448275862,10,-13619028.032387504,0.7586206897,22,20500990.94056151,100,29,0.1678446404,0.8321553596,2026-05-07 19:00:00+00:00,-1.0,-419098.8471428789,742387.4451246951,0.011089235099999983,short,False,False,False,True,80109.9,-0.003281741707329533,-0.0028885318793306913,-0.005018106376365461,-0.005911878556832395,0.0003957063983355269
BTC,2026050720,0.3448275862,10,-13619039.98131705,0.7586206897,22,20500978.99163197,100,29,0.1678441554,0.8321558446,2026-05-07 20:00:00+00:00,0.0,-11.94892954081297,-11.948929546400905,-4.849999999945176e-07,short,False,False,True,True,79847.0,-0.0018936215512166399,0.0016556664621087958,-0.005095996092526867,3.757185617492276e-05,0.0031685598707527074
BTC,2026050721,0.3333333333,10,-13683559.60314746,0.7666666667,23,20555263.15534156,100,30,0.1671519235,0.8328480765,2026-05-07 21:00:00+00:00,1.0,54284.16370958835,-64519.62183040939,-0.0006922319000000066,short,False,False,True,False,79695.8,0.0022924671061712587,0.0013074716609908776,-0.002017672198534992,0.0016638267010304908,0.006526065363544831
BTC,2026050722,0.3571428571,10,-13718038.515866818,0.75,21,20537166.1172038,100,28,0.1660191956,0.8339808044,2026-05-07 22:00:00+00:00,-2.0,-18097.038137760013,-34478.91271935776,-0.0011327278999999912,short,False,False,True,True,79878.5,0.0012606646344135441,-0.002135743660684697,-0.0033000118930626154,0.0037444368634864666,0.004463028224115373
BTC,2026050723,0.3928571428,11,-12364030.000448495,0.7142857143,20,21513955.054641567,100,28,0.2126509289,0.7873490711,2026-05-07 23:00:00+00:00,0.0,976788.937437769,1354008.5154183228,0.046631733300000006,short,False,False,True,True,79979.2,-0.0022405825514633104,-0.0067405025306578326,-0.005303879008542234,0.0026756956808771104,0.0021655630463919273
BTC,2026050801,0.5185185185,14,-7513620.303346362,0.6296296296,17,25192403.64770856,100,27,0.3508752795,0.6491247205,2026-05-08 01:00:00+00:00,-1.0,3678448.593066994,4850409.697102133,0.13822435060000002,short,False,False,True,True,79707.9,-0.003359767350538556,-0.0011667601329353738,-0.0008982798442813689,-0.0012545807881025883,0.006021987782892202
BTC,2026050802,0.48,12,-3624790.9618563615,0.64,16,28581270.23995856,100,25,0.4365880009,0.5634119991,2026-05-08 02:00:00+00:00,-2.0,3388866.592249997,3888829.3414900005,0.08571272139999997,short,False,False,False,False,79440.1,0.0011946107822118357,0.0014463728016453903,0.005159862588289821,0.008459203852965835,0.011453913074127575
BTC,2026050803,0.5,13,-3314554.251856362,0.6153846154,16,28891506.94995856,100,26,0.4426379133,0.5573620867,2026-05-08 03:00:00+00:00,1.0,310236.7100000009,310236.7099999995,0.006049912400000024,short,False,False,False,False,79535.0,0.0010045891745771307,-0.0006789463758093417,0.0036889419752310637,0.007336392783051426,0.00999685672974171
BTC,2026050804,0.4814814814,13,-3683372.404656362,0.6296296296,17,29260325.10275856,100,27,0.4370585871,0.5629414129,2026-05-08 04:00:00+00:00,1.0,368818.1528000012,-368818.1527999998,-0.005579326200000012,short,False,False,False,False,79614.9,-0.0007523717294123378,0.0002687939066683409,0.007067772489822932,0.0019493838464912372,0.010309627971648583
BTC,2026050805,0.4814814814,13,-3682421.4438992674,0.6296296296,17,29261276.063515656,100,27,0.4370768821,0.5629231179,2026-05-08 05:00:00+00:00,0.0,950.9607570953667,950.9607570944354,1.8295000000001505e-05,short,False,False,False,False,79555.0,-0.0009301740933944647,0.0037081264533971314,0.008022123059518549,0.006078813399535088,0.010254540883665397
BTC,2026050806,0.4814814814,13,-3679831.2904692674,0.6296296296,17,29263866.216945656,100,27,0.4371267066,0.5628732934,2026-05-08 06:00:00+00:00,0.0,2590.1534299999475,2590.1534299999475,4.982450000001748e-05,short,False,False,False,False,79481.0,0.001953926095544789,0.004370855927831707,0.006426693171952991,0.007138813049659687,0.009877832437941159
BTC,2026050807,0.5,14,-3522846.813189267,0.6071428571,17,29420850.694225658,100,28,0.4401300994,0.5598699006,2026-05-08 07:00:00+00:00,1.0,156984.4772800021,156984.47728000022,0.003003392799999949,short,False,False,False,False,79636.3,0.0026834496328935753,0.006797151550235192,-0.0003566212895376175,0.0063450963944835514,0.00692648955313091
BTC,2026050808,0.4814814814,13,-3606841.445389267,0.6296296296,17,29336856.062025655,100,27,0.4385271305,0.5614728695,2026-05-08 08:00:00+00:00,-1.0,-83994.63220000267,-83994.63219999988,-0.0016029689000000014,short,False,False,False,False,79850.0,-0.00027050720100196823,0.004298058860363163,0.003282404508453407,0.003130870381966133,0.006487163431433851
BTC,2026050809,0.4814814814,13,-3603298.3253892674,0.6296296296,17,29340399.182025656,100,27,0.4385949335,0.5614050665,2026-05-08 09:00:00+00:00,0.0,3543.120000001043,3543.119999999646,6.780300000003292e-05,short,False,False,False,False,79828.4,0.004374383051645836,0.0020468905802948356,0.0036340450265821556,0.0048541621778714905,
BTC,2026050810,0.4814814814,13,-3595246.121711587,0.5925925926,16,29332335.434347976,100,27,0.4387153107,0.5612846893,2026-05-08 10:00:00+00:00,0.0,-8063.747677680105,8052.203677680343,0.00012037720000002139,short,False,False,False,False,80177.6,0.00019456805890905038,-0.007105475843627307,-0.005082466923429951,0.0007159106782941294,
BTC,2026050811,0.4814814814,13,-3245204.4531630157,0.5925925926,16,29682377.102896545,100,27,0.4453344918,0.5546655082,2026-05-08 11:00:00+00:00,0.0,350041.6685485691,350041.6685485714,0.006619181099999982,short,False,False,False,False,80193.2,-0.0025114348847532497,-0.0010113076919239239,-0.0019278442561213582,-0.0005087713172687858,
BTC,2026050812,0.5185185185,14,-3141827.7802868253,0.5925925926,16,29785753.775772735,100,27,0.4472595556,0.5527404444,2026-05-08 12:00:00+00:00,0.0,103376.6728761904,103376.6728761904,0.0019250638000000153,short,False,False,False,False,79991.8,-0.004799241922297193,0.0015839123510159592,0.0007075725261838084,0.0026440210121536634,
BTC,2026050813,0.4814814814,13,-3221072.1826677774,0.5925925926,16,29706509.373391785,100,27,0.4457850779,0.5542149221,2026-05-08 13:00:00+00:00,0.0,-79244.40238095075,-79244.40238095215,-0.001474477700000032,short,False,False,False,False,79607.9,0.006333542274070902,0.002037486229381935,0.006704108511843776,0.007285709081636282,
BTC,2026050814,0.4615384615,12,-3327562.2869725395,0.6153846154,16,29600019.269087024,100,26,0.4437912141,0.5562087859,2026-05-08 14:00:00+00:00,-1.0,-106490.1043047607,-106490.10430476209,-0.0019938637999999953,short,False,False,False,False,80112.1,7.988805686021117e-05,-0.0009174644030053303,-0.00015103835750163164,0.0029695888636047663,
BTC,2026050815,0.4814814814,13,-3247613.3005779814,0.5925925926,16,29679968.25548158,100,27,0.4452894748,0.5547105252,2026-05-08 15:00:00+00:00,1.0,79948.98639455438,79948.9863945581,0.001498260699999976,short,False,False,False,False,80118.5,-0.004348558697429339,-0.0008749539744254964,0.0012156992454925852,0.002641087888565208,
BTC,2026050816,0.4814814814,13,-3090167.9983330835,0.5925925926,16,29837413.55772648,100,27,0.4482165571,0.5517834429,2026-05-08 16:00:00+00:00,0.0,157445.30224490166,157445.30224489793,0.00292708230000005,short,False,False,False,False,79770.1,0.0033659228207059133,0.0046571334372151885,0.005827998209855467,0.008343978508237981,
BTC,2026050817,0.5185185185,14,-2840435.3125081854,0.5555555556,15,29913230.454551376,100,27,0.4525220902,0.5474779098,2026-05-08 17:00:00+00:00,0.0,75816.89682489634,249732.68582489807,0.004305533099999981,short,False,False,False,False,80038.6,0.000122440922254885,0.0007671298598426191,0.0014218139747570469,0.00415049738501172,
BTC,2026050818,0.5185185185,14,-2939847.2335104533,0.5555555556,15,30015020.53754911,100,27,0.4510270661,0.5489729339,2026-05-08 18:00:00+00:00,0.0,101790.08299773186,-99411.92100226786,-0.0014950241000000197,short,False,False,False,False,80048.4,0.0011642956011614913,0.002092484047151455,0.0019350792770373992,0.002719604639193518,
BTC,2026050819,0.5555555555,15,-3115809.11908941,0.5555555556,15,29839074.788250152,100,27,0.4477897833,0.5522102167,2026-05-08 19:00:00+00:00,0.0,-175945.74929895625,-175961.88557895692,-0.003237282799999963,short,False,False,False,False,80141.6,-0.0005190812262296784,0.001165437176197992,0.0005777274224620932,0.0005777274224620932,
BTC,2026050820,0.5,13,-4274537.08861941,0.5769230769,15,28680362.87702015,100,26,0.4254797244,0.5745202756,2026-05-08 20:00:00+00:00,-1.0,-1158711.9112300016,-1158727.96953,-0.02231005890000004,short,False,False,False,False,80100.0,0.001446941323345774,0.0006541822721597423,0.003121098626716501,0.003345817727840261,
BTC,2026050821,0.5,13,-4109334.1088757026,0.5769230769,15,28845565.85676386,100,26,0.4287700901,0.5712299099,2026-05-08 21:00:00+00:00,0.0,165202.97974370793,165202.97974370746,0.0032903657000000197,short,False,False,False,False,80215.9,0.00023810740763363647,-0.00015707609089954389,0.0014236579032338437,,
BTC,2026050822,0.56,14,-3689440.1876645912,0.56,14,29265379.67075497,100,25,0.4369657897,0.5630342103,2026-05-08 22:00:00+00:00,-1.0,419813.8139911108,419893.92121111136,0.008195699599999995,short,False,False,False,False,80235.0,-0.001029475914501199,-0.0005870256122640916,0.002501402131239505,,
BTC,2026050823,0.5384615384,14,-3835816.3541629654,0.5769230769,15,29221521.836016595,100,26,0.4343665881,0.5656334119,2026-05-08 23:00:00+00:00,1.0,-43857.83473837376,-146376.1664983742,-0.0025992015999999896,short,False,False,False,False,80152.4,0.0006350402483270567,0.002465303596648427,0.002724809238400905,,
BTC,2026050901,0.5185185185,14,-4072016.1669808817,0.5925925926,16,29465259.08197868,100,27,0.4309014022,0.5690985978,2026-05-09 01:00:00+00:00,1.0,243737.24596208334,-236199.81281791627,-0.0034651859000000007,short,False,False,False,False,80187.9,0.002021501997184094,0.003090241794585058,0.0,,
BTC,2026050902,0.5384615384,14,-3693775.762951171,0.5769230769,15,29306543.25314839,100,26,0.4369803574,0.5630196426,2026-05-09 02:00:00+00:00,-1.0,-158715.82883028686,378240.4040297107,0.0060789552000000135,short,False,False,False,False,80350.0,-0.0002476664592407918,0.0002588674548849035,0.00022401991288112377,,
BTC,2026050903,0.5384615384,14,-4190752.914399198,0.5769230769,15,28809566.101700366,100,26,0.4272680313,0.5727319687,2026-05-09 03:00:00+00:00,0.0,-496977.1514480263,-496977.15144802677,-0.009712326100000002,short,False,False,False,False,80330.1,0.0013145757318862028,-0.0007967125647795337,,,
BTC,2026050904,0.5384615384,14,-12087462.355713809,0.5769230769,15,20912856.660385758,100,26,0.2110040356,0.7889959644,2026-05-09 04:00:00+00:00,0.0,-7896709.441314608,-7896709.441314612,-0.21626399570000002,short,False,False,True,True,80435.7,-0.0008068556623488377,-0.0030807216198778242,,,
BTC,2026050905,0.5384615384,14,-12087460.94283906,0.5769230769,15,20912858.0732605,100,26,0.2110040889,0.7889959111,2026-05-09 05:00:00+00:00,0.0,1.4128747433423996,1.412874748930335,5.329999999692525e-08,short,False,False,True,True,80370.8,-0.0013027119302034817,-3.483852344388083e-05,,,
ETH,2026050605,0.5116279069,22,16343912.799295256,0.5581395349,24,44663848.27085891,100,43,0.6829657926,0.3170342074,2026-05-06 05:00:00+00:00,,,,,long,False,False,False,False,2364.28,0.002250156495846367,0.01235048302231534,0.019244759503950437,-0.006382492767354142,-0.014414536349332763
ETH,2026050606,0.5348837209,23,16744707.823033016,0.5581395349,24,44264473.790096566,100,43,0.6891438707,0.3108561293,2026-05-06 06:00:00+00:00,0.0,-399374.4807623476,400795.02373776026,0.0061780781000000395,long,False,True,False,False,2369.6,0.00029540850776510474,0.01784267386900762,0.01447079675894658,-0.010757089804186215,-0.014078325455773144
ETH,2026050607,0.5952380952,25,17846139.284762267,0.5238095238,22,44281281.5376839,100,42,0.7015088392,0.2984911608,2026-05-06 07:00:00+00:00,-1.0,16807.74758733064,1101431.4617292508,0.012364968499999907,long,True,True,False,False,2370.3,0.009779352824536902,0.01633970383495753,-0.0011390963169219948,-0.009386997426486077,-0.011361431042484216
ETH,2026050608,0.6279069767,27,21672336.73031537,0.4651162791,20,43213136.305237,100,43,0.7507609789,0.2492390211,2026-05-06 08:00:00+00:00,1.0,-1068145.232446894,3826197.4455531016,0.049252139700000086,long,True,True,False,False,2393.48,0.007687551180707519,0.006810167622040009,-0.014572923107776137,-0.01809081337633911,-0.025360562862442926
ETH,2026050609,0.6,27,20814786.505975887,0.4888888889,22,44824309.438065514,100,45,0.7321818982,0.2678181018,2026-05-06 09:00:00+00:00,2.0,1611173.1328285113,-857550.2243394814,-0.018579080700000028,long,True,False,False,False,2411.88,-0.0011816508283993832,-0.003312768462776061,-0.022376735160953398,-0.024155430618438833,-0.034819311076836335
ETH,2026050610,0.5909090909,26,16487469.699186144,0.5,22,50233813.749555774,100,44,0.6641072861,0.3358927139,2026-05-06 10:00:00+00:00,-1.0,5409504.31149026,-4327316.806789743,-0.06807461209999999,long,True,True,False,False,2409.03,0.00031132862604454914,-0.01719779330269866,-0.021572998260710796,-0.026006317895584607,-0.03446615442730072
ETH,2026050611,0.5957446808,28,17174939.149522133,0.4893617021,23,52045992.51433877,100,47,0.6649977099,0.3350022901,2026-05-06 11:00:00+00:00,3.0,1812178.764782995,687469.4503359888,0.0008904237999999287,long,True,False,False,False,2409.78,-0.0024442065250771527,-0.021238453302791283,-0.025143374083941294,-0.024744997468648666,-0.03336404153076222
ETH,2026050612,0.5238095238,22,14433289.709756128,0.5476190476,23,49518453.29737276,100,42,0.6457364754,0.3542635246,2026-05-06 12:00:00+00:00,-5.0,-2527539.2169660106,-2741649.4397660047,-0.019261234499999946,long,False,True,False,False,2403.89,-0.015096364642308902,-0.01912733111748044,-0.024868026407198207,-0.03149478553511187,-0.0299680933819767
ETH,2026050613,0.5111111111,23,14253118.318092028,0.5555555556,25,49974529.218948655,100,45,0.6426038277,0.3573961723,2026-05-06 13:00:00+00:00,3.0,456075.92157589644,-180171.3916641008,-0.003132647699999991,long,True,False,False,False,2367.6,-0.0038013177901672357,-0.0044517655009291834,-0.00825730697752991,-0.017481838148335815,-0.022833248859604693
ETH,2026050614,0.5869565217,27,17947361.54282257,0.5,23,50711110.418399535,100,46,0.6769568975,0.3230431025,2026-05-06 14:00:00+00:00,1.0,736581.1994508803,3694243.224730542,0.03435306979999997,long,True,False,False,False,2358.6,-0.0002925464258458632,-0.00398965488001346,-0.003569914355973869,-0.01586958365131852,-0.025587212753328203
ETH,2026050615,0.6041666666,29,18187815.494126737,0.4791666667,23,50702115.25154369,100,48,0.6793595336,0.3206404664,2026-05-06 15:00:00+00:00,2.0,-8995.166855841875,240453.9513041675,0.002402636100000022,long,True,True,False,False,2357.91,-0.00036048873790772706,-0.005852640686031196,-0.0018194078654401036,-0.01553070303785975,-0.02716812770631616
ETH,2026050616,0.5333333333,24,17810450.88830977,0.5111111111,23,50471902.825726725,100,45,0.6764392651,0.3235607349,2026-05-06 16:00:00+00:00,-3.0,-230212.42581696808,-377364.6058169678,-0.002920268500000045,long,False,True,False,False,2357.06,-0.003338905246366153,-0.0038225586111511056,-0.0045310683648273065,-0.012965304234936692,-0.028064622877652656
ETH,2026050617,0.4666666666,21,14204542.490245653,0.6,27,50866469.19548262,100,45,0.6396257958,0.3603742042,2026-05-06 17:00:00+00:00,0.0,394566.36975589395,-3605908.398064116,-0.03681346929999996,long,True,False,False,False,2349.19,-0.0021624474818979778,0.0004214218517870627,0.00040865149264224243,-0.008083637338827554,-0.0213350133450253
ETH,2026050618,0.3777777777,17,-634368.096139305,0.6666666667,30,44864682.86648153,100,45,0.4929302063,0.5070697937,2026-05-06 18:00:00+00:00,0.0,-6001786.329001091,-14838910.586384958,-0.1466955895,short,False,False,False,False,2344.11,0.0016808084944819335,0.004056976848356042,-0.00679575617185213,-0.003357350977556628,-0.020732815439548413
ETH,2026050619,0.3260869565,15,-6706175.965346732,0.7173913043,33,39969103.1158541,100,46,0.4161080003,0.5838919997,2026-05-06 19:00:00+00:00,1.0,-4895579.750627428,-6071807.869207427,-0.076822206,short,False,False,False,False,2348.05,0.0009071357083536569,-0.0007112284661741075,-0.009301335150444068,-0.0019931432465238874,-0.02238027299248324
ETH,2026050620,0.2954545454,13,-9782732.893096833,0.75,33,42633126.48557297,100,44,0.3852684086,0.6147315914,2026-05-06 20:00:00+00:00,-2.0,2664023.369718872,-3076556.9277501004,-0.030839591700000002,short,False,False,True,True,2350.18,0.0014637176726888246,-1.276497970359447e-05,-0.012343735373460674,-0.00740368822813553,-0.026185228365486868
ETH,2026050621,0.3111111111,14,-8256597.568137086,0.7333333333,33,40978527.194478,100,45,0.3992570239,0.6007429761,2026-05-06 21:00:00+00:00,1.0,-1654599.2910949737,1526135.3249597466,0.013988615300000007,short,False,False,True,True,2353.62,-0.003076112541531728,-0.010808881637647594,-0.013736287081177023,-0.010927847316049233,-0.028207612103907986
ETH,2026050622,0.488372093,21,547064.8349253035,0.6046511628,26,39587081.95599719,100,43,0.5069096382,0.4930903618,2026-05-06 22:00:00+00:00,-2.0,-1391445.2384808064,8803662.40306239,0.1076526143,long,False,False,False,False,2346.38,0.0016067303676301492,-0.008596220561034484,-0.008472625917370635,-0.008685720130584218,-0.025520162974454363
ETH,2026050623,0.5348837209,23,9782927.431588797,0.5348837209,23,39005483.330569215,100,43,0.6254045149,0.3745954851,2026-05-06 23:00:00+00:00,0.0,-581598.6254279763,9235862.596663494,0.11849487670000003,long,False,True,False,False,2350.15,-0.009348339467693645,-0.01233112780035317,-0.008488819862562114,-0.008837733761674738,-0.025334553113630975
ETH,2026050701,0.5897435897,23,8917672.065017631,0.5128205128,20,31443871.176861312,100,39,0.6418030244,0.3581969756,2026-05-07 01:00:00+00:00,-4.0,-7561612.153707903,-865255.3665711656,0.01639850949999999,long,False,True,False,False,2326.21,-0.0021666143641373425,0.00012466630269836187,0.007376806049324891,-0.0054466277765120585,-0.01783158012389252
ETH,2026050702,0.6097560975,25,11325852.995439524,0.512195122,21,33962730.109363206,100,41,0.666739437,0.333260563,2026-05-07 02:00:00+00:00,2.0,2518858.9325018935,2408180.9304218926,0.024936412600000013,long,True,False,False,False,2321.17,5.169806606142302e-05,0.0038902794711286326,0.005001787891451448,-0.009874330617748783,-0.01858545474911355
ETH,2026050703,0.6,27,11720599.193213927,0.4888888889,22,34258247.18156702,100,45,0.6710624471,0.3289375529,2026-05-07 03:00:00+00:00,4.0,295517.072203815,394746.1977744028,0.004323010099999913,long,True,False,False,False,2321.29,0.002244441668210362,0.006440384441409597,0.002847554592489532,-0.01182101331587182,-0.01864911320860385
ETH,2026050704,0.5909090909,26,11861182.593669767,0.5,22,34408224.88202286,100,44,0.6723596993,0.3276403007,2026-05-07 04:00:00+00:00,-1.0,149977.70045583695,140583.40045583993,0.0012972521999999875,long,True,True,False,False,2326.5,0.0015903718031375913,0.00725123576187392,-0.00021491510853210993,-0.01529765742531708,-0.01970341715022572
ETH,2026050705,0.5909090909,26,11661349.856024256,0.4772727273,21,33841093.08311385,100,44,0.6722957031,0.3277042969,2026-05-07 05:00:00+00:00,0.0,-567131.7989090085,-199832.73764551058,-6.399619999997164e-05,long,False,True,False,False,2330.2,0.0025920521843618705,0.0011072010986183933,-0.00035190112436689347,-0.013359368294566853,-0.02359024976396873
ETH,2026050706,0.5909090909,26,11658709.895536683,0.4772727273,21,33843166.06262628,100,44,0.6722461467,0.3277538533,2026-05-07 06:00:00+00:00,0.0,2072.9795124307275,-2639.9604875724763,-4.9556399999928225e-05,long,True,False,False,False,2336.24,0.0030519124747458992,-0.0035698387152003352,-0.0018790877649556004,-0.017433996507208005,-0.02646560284902233
ETH,2026050707,0.6046511627,26,11179145.515321683,0.4651162791,20,33330636.06241128,100,43,0.6677007527,0.3322992473,2026-05-07 07:00:00+00:00,-1.0,-512530.0002150014,-479564.38021500036,-0.004545394000000091,long,False,True,False,False,2343.37,-0.004519132702048623,-0.007412401797411428,-0.01272953054788617,-0.02042784536799558,-0.02692276507764446
ETH,2026050708,0.6222222222,28,14731158.99914898,0.4666666667,21,36968248.79379857,100,45,0.6992406927,0.3007593073,2026-05-07 08:00:00+00:00,2.0,3637612.731387295,3552013.4838272966,0.031539940000000044,long,True,False,False,False,2332.78,-0.002091924656418609,-0.001457488490127723,-0.014802081636502429,-0.01892162998653979,-0.02165227754010246
ETH,2026050709,0.7045454545,31,17937254.034071114,0.4090909091,18,39946776.98368071,100,44,0.7245144087,0.2754855913,2026-05-07 09:00:00+00:00,-1.0,2978528.189882137,3206095.034922134,0.025273715999999946,long,True,True,False,False,2327.9,-0.0008161862622965144,0.0016968082821426922,-0.014626916963787151,-0.017470681730314852,-0.019184672881137677
ETH,2026050710,0.7021276595,33,26221046.8252778,0.3829787234,18,41157812.54042608,100,47,0.8185427651,0.1814572349,2026-05-07 10:00:00+00:00,3.0,1211035.5567453727,8283792.791206688,0.09402835640000007,long,True,False,False,False,2326.0,0.0014531384350817689,-0.005356835769561474,-0.015085984522785978,-0.01698194325021496,-0.01680997420464314
ETH,2026050711,0.7391304347,34,28587264.348423485,0.347826087,16,43697153.8281022,100,46,0.8271067088,0.1728932912,2026-05-07 11:00:00+00:00,-1.0,2539341.2876761183,2366217.523145683,0.00856394370000002,long,True,True,False,False,2329.38,0.0010603679949170441,-0.01336407112622251,-0.01301204612386131,-0.01664391383114816,-0.01497394156384968
ETH,2026050712,0.744680851,35,28820263.43583847,0.3191489362,15,43551752.91551718,100,47,0.8308737479,0.1691262521,2026-05-07 12:00:00+00:00,1.0,-145400.91258502007,232999.08741498366,0.0037670390999999803,long,True,True,False,False,2331.85,-0.007852134571263103,-0.016296073932714372,-0.015584192808285158,-0.01939232797993007,-0.020627398846409517
ETH,2026050713,0.75,36,28184128.046616945,0.3125,15,44310749.526295654,100,48,0.8180281122,0.1819718878,2026-05-07 13:00:00+00:00,1.0,758996.6107784733,-636135.389221523,-0.012845635699999969,long,True,False,False,False,2313.54,-0.006608919664237489,-0.009781546893505189,-0.007797574280107522,-0.012452777993896769,-0.016476914166169587
ETH,2026050714,0.75,36,28214050.254203472,0.3125,15,44357551.285182185,100,48,0.8180298442,0.1819701558,2026-05-07 14:00:00+00:00,0.0,46801.758886530995,29922.20758652687,1.73199999997653e-06,long,True,False,False,False,2298.25,-0.0019145001631676317,0.0003567932122268136,-0.004181442401827495,-0.008797998477102054,-0.005800065267051013
ETH,2026050715,0.7021276595,33,619587.6857474482,0.3617021277,17,41024424.41974616,100,47,0.5075514488,0.4924485512,2026-05-07 15:00:00+00:00,-1.0,-3333126.865436025,-27594462.568456024,-0.3104783954,long,False,False,False,False,2293.85,-0.0012816879918041701,0.0007236741722433937,-0.002885977723041999,-0.006909780500032658,-0.005366523530309308
ETH,2026050716,0.6956521739,32,-338730.9657941407,0.3913043478,18,41785759.42428458,100,46,0.4959468133,0.5040531867,2026-05-07 16:00:00+00:00,-1.0,761335.0045384169,-958318.651541589,-0.011604635500000016,short,False,False,False,False,2290.91,0.0035619033484510787,0.0020035706335037595,-0.0019249992361113355,-0.00447420457372838,-0.000707142576530706
ETH,2026050717,0.7021276595,33,256525.6345998032,0.3829787234,18,41539907.667806886,100,47,0.503087701,0.496912299,2026-05-07 17:00:00+00:00,1.0,-245851.75647769123,595256.600393944,0.007140887699999987,long,False,False,False,False,2299.07,-0.0015484522002374712,-0.004536616979909369,-0.003679748767980162,-0.010369410239792654,0.002266133697538475
ETH,2026050718,0.7021276595,33,243774.615274238,0.3829787234,18,41527156.64848132,100,47,0.5029351228,0.4970648772,2026-05-07 18:00:00+00:00,0.0,-12751.019325569272,-12751.019325565198,-0.00015257820000003086,long,False,False,False,False,2295.51,-4.356330401633635e-06,-0.003607041572461056,-0.003868421396552413,-0.0091918571472136,0.00924413311203165
ETH,2026050719,0.6956521739,32,183089.53140624455,0.3913043478,18,41466471.56461333,100,46,0.5022076815,0.4977923185,2026-05-07 19:00:00+00:00,-1.0,-60685.08386798948,-60685.08386799344,-0.0007274413000000202,long,False,False,False,False,2295.5,-0.002988455674145074,-0.0039207144412981565,-0.0046917882814201395,-0.006630363755173119,0.008669135264648187
ETH,2026050720,0.6739130434,31,828202.8232962446,0.4130434783,19,42158144.85650333,100,46,0.5098225719,0.4901774281,2026-05-07 20:00:00+00:00,0.0,691673.2918900028,645113.29189,0.007614890400000074,long,False,False,False,False,2288.64,-0.0006160864093959217,0.0008607732102909882,-0.004635940995525556,-0.0027833123601789245,0.007681417785234901
ETH,2026050721,0.6739130434,31,733592.7769129173,0.4130434783,19,42252428.85852,100,46,0.5086810722,0.4913189278,2026-05-07 21:00:00+00:00,0.0,94284.002016671,-94610.04638332734,-0.0011414996999999927,long,False,False,False,False,2287.23,-0.00031916335480031144,-0.00026232604504139445,-0.004035448992886548,-0.0017444681995253397,0.009496202830497902
ETH,2026050722,0.7272727272,32,3910605.6079198527,0.3409090909,15,41008329.18528694,100,44,0.5476806259,0.4523193741,2026-05-07 22:00:00+00:00,-2.0,-1244099.673233062,3177012.8310069353,0.03899955369999997,long,False,False,False,False,2286.5,0.0017975071069320503,-0.0007741089000655732,-0.0025541220205554938,0.00017493986442174148,0.01028209053137985
ETH,2026050723,0.7391304347,34,4793821.186517528,0.3043478261,14,42026221.76388461,100,46,0.5570336921,0.4429663079,2026-05-07 23:00:00+00:00,2.0,1017892.5785976723,883215.5785976755,0.009353066199999982,long,False,False,False,False,2290.61,-0.0017375284312912687,-0.00549198685066421,-0.006714368661622894,0.0016982375873675348,0.006867166387992674
ETH,2026050801,0.7083333333,34,1628021.2418286763,0.3541666667,17,42025589.61487576,100,48,0.5193694039,0.4806305961,2026-05-08 01:00:00+00:00,2.0,-632.1490088477731,-3165799.944688852,-0.03766428820000001,long,False,False,False,False,2284.73,-0.002932512813330179,-0.0017813921119782528,-0.0019477137342267525,-0.004074879745090243,0.010421362699312375
ETH,2026050802,0.75,36,37703460.77604123,0.3125,15,53349291.97290832,100,48,0.8533642095,0.1466357905,2026-05-08 02:00:00+00:00,0.0,11323702.358032554,36075439.53421256,0.33399480560000006,long,True,False,False,False,2278.03,-1.3169273451296704e-05,-0.0012291321887771822,0.0018612573144338729,0.0030245431359552377,0.017084937424002078
ETH,2026050803,0.7551020408,37,39866165.83331706,0.306122449,15,55834150.83018415,100,49,0.8570052131,0.1429947869,2026-05-08 03:00:00+00:00,1.0,2484858.8572758287,2162705.0572758242,0.00364100359999997,long,True,False,False,False,2278.0,0.0011676909569797722,-0.001575943810360081,0.002300263388937518,0.0015539947322211756,0.015333625987708377
ETH,2026050804,0.7659574468,36,37948840.299192674,0.2978723404,14,53798016.58565976,100,47,0.852697392,0.147302608,2026-05-08 04:00:00+00:00,-2.0,-2036134.2445243895,-1917325.5341243818,-0.004307821099999942,long,False,True,False,False,2280.66,-0.002380889742442882,-0.00016661843501430962,0.0027360500907633867,0.0037839923530909036,0.015600747152140215
ETH,2026050805,0.7608695652,35,38421053.80515944,0.3043478261,14,53153672.45606653,100,46,0.8614148564,0.1385851436,2026-05-08 05:00:00+00:00,-1.0,-644344.1295932308,472213.50596676767,0.008717464399999986,long,False,True,False,False,2275.23,-0.0003604031240798111,0.0030941926750263082,0.00846947341587434,0.012767939944533069,0.017378462836724173
ETH,2026050806,0.7826086956,36,40307590.20630668,0.2826086957,13,52249275.57467376,100,46,0.8857239144,0.1142760856,2026-05-08 06:00:00+00:00,0.0,-904396.8813927695,1886536.401147239,0.02430905799999994,long,False,True,False,False,2274.41,0.0025808891097032216,0.003882325526180397,0.004106559503343821,0.018607023359904495,0.017828799556808272
ETH,2026050807,0.7872340425,37,42609022.78849515,0.2340425532,11,54046496.75686223,100,47,0.8941885722,0.1058114278,2026-05-08 07:00:00+00:00,1.0,1797221.1821884736,2301432.582188472,0.008464657800000053,long,True,False,False,False,2280.28,0.0008726998438788325,0.002903152244461138,-0.0021313172066589336,0.015401617345238261,0.014892907888504725
ETH,2026050808,0.7959183673,39,46428778.08453326,0.2448979592,12,57957852.05290034,100,49,0.9005391542,0.0994608458,2026-05-08 08:00:00+00:00,2.0,3911355.296038106,3819755.296038106,0.006350581999999938,long,True,False,False,False,2282.27,0.00042501544514883527,0.0053586998908981,0.001161124669736724,0.01049393805290344,0.0155985049972176
ETH,2026050809,0.8076923076,42,47902693.41141325,0.2115384615,11,59340167.37978034,100,52,0.9036278925,0.0963721075,2026-05-08 09:00:00+00:00,3.0,1382315.3268800005,1473915.326879993,0.0030887383000000046,long,True,False,False,False,2283.24,0.0016029852315131432,0.00022336679455525754,-0.0007445559818503034,0.011260314290219231,
ETH,2026050810,0.8039215686,41,50119742.93190942,0.2352941176,12,61785390.10027649,100,51,0.9055954235,0.0944045765,2026-05-08 10:00:00+00:00,-1.0,2445222.7204961553,2217049.5204961672,0.0019675310000000223,long,True,True,False,False,2286.9,0.003323276050548829,-0.005019895928986884,0.001045082863264657,0.010105382832655607,
ETH,2026050811,0.8113207547,43,54001458.65050754,0.2452830189,13,65894595.21887462,100,53,0.9097563576,0.0902436424,2026-05-08 11:00:00+00:00,2.0,4109205.118598126,3881715.71859812,0.004160934099999958,long,True,False,False,False,2294.5,-0.004685116583133531,-0.004175201568969222,0.004262366528655637,0.005160165613423473,
ETH,2026050812,0.8,40,54683951.87803249,0.26,13,66622685.04639957,100,50,0.9104003901,0.0895996099,2026-05-08 12:00:00+00:00,-3.0,728089.8275249526,682493.2275249511,0.0006440325000000025,long,True,True,False,False,2283.75,-0.0036475095785439837,-0.0009677066228790387,0.014441160372194783,0.010627257799671552,
ETH,2026050813,0.8,40,54644155.89235901,0.26,13,66582889.0607261,100,50,0.9103468373,0.0896531627,2026-05-08 13:00:00+00:00,0.0,-39795.985673472285,-39795.985673479736,-5.3552799999967426e-05,long,False,True,False,False,2275.42,0.0041750533967355175,0.006095577959233767,0.017570382610682778,0.01455555457893487,
ETH,2026050814,0.7959183673,39,54186055.924289055,0.2653061224,13,66124789.09265614,100,49,0.9097257372,0.0902742628,2026-05-08 14:00:00+00:00,-1.0,-458099.9680699557,-458099.9680699557,-0.0006211000999999383,long,False,True,False,False,2284.92,-0.0014792640442554683,0.008472944348161038,0.009321989391313457,0.01401799625369815,
ETH,2026050815,0.7959183673,39,55257517.31102018,0.2448979592,12,66968119.47938726,100,49,0.9125658428,0.0874341572,2026-05-08 15:00:00+00:00,0.0,843330.386731118,1071461.3867311254,0.0028401055999999203,long,True,False,False,False,2281.54,0.0033968284579712904,0.015423792701420913,0.012013815230063951,0.013758251005899558,
ETH,2026050816,0.7916666666,38,55048843.47750859,0.2708333333,13,67440890.01337568,100,48,0.9081266088,0.0918733912,2026-05-08 16:00:00+00:00,-1.0,472770.53398842365,-208673.83351159096,-0.004439234000000014,long,True,True,False,False,2289.29,0.006547881657631871,0.011405282860625032,0.009050841090469275,0.011772208850779009,
ETH,2026050817,0.8260869565,38,55261383.527487285,0.2391304348,11,67024820.08915438,100,46,0.9122456684,0.0877543316,2026-05-08 17:00:00+00:00,-2.0,-416069.92422130704,212540.0499786958,0.00411905960000003,long,False,True,False,False,2304.28,0.005402989220059995,0.0008419115732460902,0.0008939885777770051,0.004552398146058456,
ETH,2026050818,0.8260869565,38,49954875.44551258,0.2391304348,11,61967247.21159174,100,46,0.9030748314,0.0969251686,2026-05-08 18:00:00+00:00,0.0,-5057572.877562635,-5306508.081974708,-0.009170836999999987,long,False,True,False,False,2316.73,-0.0005740850250136598,-0.003358181574892316,-0.0037596094495258026,-0.0007640078904317393,
ETH,2026050819,0.78,39,49975912.700902686,0.28,14,62402278.48878186,100,50,0.9004333969,0.0995666031,2026-05-08 19:00:00+00:00,4.0,435031.277190119,21037.25539010763,-0.002641434499999984,long,True,False,False,False,2315.4,-0.003964757709251199,-0.0023278915090264585,-0.002962771011488341,-0.0005009933488815399,
ETH,2026050820,0.7959183673,39,49930054.06594591,0.2653061224,13,62445150.05382509,100,49,0.899791289,0.100208711,2026-05-08 20:00:00+00:00,-1.0,42871.565043225884,-45858.634956777096,-0.0006421078999999663,long,True,True,False,False,2306.22,0.0011837552358404668,5.2033197180056945e-05,0.004652635047827092,0.005051556226205678,
ETH,2026050821,0.7826086956,36,48744552.938273735,0.2826086957,13,63588621.999345005,100,46,0.8832804628,0.1167195372,2026-05-08 21:00:00+00:00,-3.0,1143471.9455199167,-1185501.127672173,-0.016510826199999995,long,True,True,False,False,2308.95,0.0004590831330260059,-0.00040278048463582294,0.0017237272353234356,,
ETH,2026050822,0.804347826,37,49911139.300364725,0.2391304348,11,63793565.203236,100,46,0.8911925845,0.1088074155,2026-05-08 22:00:00+00:00,0.0,204943.2038909942,1166586.36209099,0.007912121699999997,long,True,False,False,False,2310.01,-0.0015887377110921364,-0.0006363608815547206,0.0026969580218265676,,
ETH,2026050823,0.78,39,47418524.03994581,0.28,14,67609657.38782328,100,50,0.8506786298,0.1493213702,2026-05-08 23:00:00+00:00,4.0,3816092.184587285,-2492615.2604189143,-0.04051395470000008,long,True,False,False,False,2306.34,0.0007284268581388975,0.004600362479079356,0.003655141913160964,,
ETH,2026050901,0.82,41,52247881.04733909,0.24,12,66875187.10451656,100,50,0.89063727,0.10936273,2026-05-09 01:00:00+00:00,0.0,-734470.2833067253,4829357.007393278,0.03995864020000006,long,False,True,False,False,2308.54,0.0036429951397851656,0.0033354414478414807,0.0024690930198305594,,
ETH,2026050902,0.7959183673,39,50252863.525048256,0.2857142857,14,65373131.77888371,100,49,0.8843541081,0.1156458919,2026-05-09 02:00:00+00:00,-1.0,-1502055.3256328478,-1995017.5222908333,-0.0062831619000000005,long,False,True,False,False,2316.95,-0.0017350395994734091,-0.0009408921211073729,0.0003970737391829626,,
ETH,2026050903,0.7872340425,37,46284926.08630882,0.2978723404,14,62135530.180924274,100,47,0.8724513651,0.1275486349,2026-05-09 03:00:00+00:00,-2.0,-3237601.5979594365,-3967937.438739434,-0.011902743000000049,long,False,True,False,False,2312.93,0.0014310852468513158,0.0008776746377971989,,,
ETH,2026050904,0.8,36,44229175.17664386,0.2888888889,13,59753020.945119314,100,45,0.8700999085,0.1299000915,2026-05-09 04:00:00+00:00,-2.0,-2382509.23580496,-2055750.9096649587,-0.0023514566000000237,long,False,True,False,False,2316.24,-0.0006346492591440267,-0.0008634683797879017,,,
ETH,2026050905,0.8139534883,35,43742961.226663865,0.2790697674,12,59569458.21047931,100,43,0.8671593005,0.1328406995,2026-05-09 05:00:00+00:00,-2.0,-183562.73464000225,-486213.9499799982,-0.0029406079999999557,long,False,True,False,False,2314.77,8.208158909961405e-05,0.0013392259274138674,,,
SOL,2026050605,0.625,5,1040038.0239280484,0.5,4,3678614.2034879504,100,8,0.6413627478,0.3586372522,2026-05-06 05:00:00+00:00,,,,,long,False,False,False,False,87.35,0.0010303377218088272,0.018775042930738506,0.028162564396107648,0.016370921579851316,0.0145392100744135
SOL,2026050606,0.625,5,1040038.0239280484,0.5,4,3678614.2034879504,100,8,0.6413627478,0.3586372522,2026-05-06 06:00:00+00:00,0.0,0.0,0.0,0.0,long,False,False,False,False,87.44,0.0025160109789570395,0.02287282708142735,0.024702653247941297,0.017040256175663515,0.02035681610247031
SOL,2026050607,0.625,5,1040038.0239280484,0.5,4,3678614.2034879504,100,8,0.6413627478,0.3586372522,2026-05-06 07:00:00+00:00,0.0,0.0,0.0,0.0,long,False,False,False,False,87.66,0.015172256445357135,0.019050878393794157,0.007072781200091249,0.017681953000228123,0.02806297056810414
SOL,2026050608,0.6666666666,6,1142308.1267280483,0.4444444444,4,3780884.3062879504,100,9,0.6510636182,0.3489363818,2026-05-06 08:00:00+00:00,1.0,102270.1028,102270.10279999988,0.009700870400000006,long,True,False,False,False,88.99,0.0050567479492078515,0.009214518485223033,-0.00730419148218886,0.0015732104730867835,0.006292841892347578
SOL,2026050609,0.6666666666,6,1126398.0239280483,0.4444444444,4,3764974.2034879504,100,9,0.6495890759,0.3504109241,2026-05-06 09:00:00+00:00,0.0,-15910.102799999993,-15910.102799999993,-0.0014745422999999924,long,False,True,False,False,89.44,-0.0012298747763863638,0.0017889087656528524,-0.005925760286225379,0.0,-0.0003354203935599376
SOL,2026050610,0.6666666666,6,1126398.0239280483,0.4444444444,4,3764974.2034879504,100,9,0.6495890759,0.3504109241,2026-05-06 10:00:00+00:00,0.0,0.0,0.0,0.0,long,False,False,False,False,89.33,0.00537333482592639,-0.011754169931713854,-0.0024627784618829196,-0.003470278741744104,-0.0024627784618829196
SOL,2026050611,0.6666666666,6,1126398.0239280483,0.4444444444,4,3764974.2034879504,100,9,0.6495890759,0.3504109241,2026-05-06 11:00:00+00:00,0.0,0.0,0.0,0.0,long,False,False,False,False,89.81,-0.0023382696804366,-0.01636788776305531,-0.011468656051664583,-0.0077942322681215925,-0.0034517314330253512
SOL,2026050612,0.6666666666,6,1031553.6070690491,0.4444444444,4,3682912.252628952,100,9,0.6400459115,0.3599540885,2026-05-06 12:00:00+00:00,0.0,-82061.95085899858,-94844.41685899918,-0.009543164400000026,long,False,True,False,False,89.6,-0.01473214285714275,-0.007700892857142816,-0.007477678571428448,-0.01473214285714275,0.001116071428571619
SOL,2026050613,0.6666666666,6,1031553.6070690491,0.4444444444,4,3682912.252628952,100,9,0.6400459115,0.3599540885,2026-05-06 13:00:00+00:00,0.0,0.0,0.0,0.0,long,False,False,False,False,88.28,0.0006796556411419186,0.009401903035795245,0.010534662437698072,-0.0002265518803805655,0.0036248300860897142
SOL,2026050614,0.625,5,287296.0541890291,0.5,4,2945226.1299704714,100,8,0.5487731741,0.4512268259,2026-05-06 14:00:00+00:00,-1.0,-737686.1226584804,-744257.5528800201,-0.09127273739999997,long,False,False,False,False,88.34,0.006452343219379486,0.00498075616934579,0.008942721304052492,-0.002716776092370532,-0.002603577088521658
SOL,2026050615,0.625,5,374631.0541890291,0.5,4,3032561.1299704714,100,8,0.561768096,0.438231904,2026-05-06 15:00:00+00:00,0.0,87335.0,87335.0,0.012994921899999956,long,False,False,False,False,88.91,0.0022494657518838945,0.00022494657518845607,0.00596108424249242,-0.01349679451130359,-0.007310763693622713
SOL,2026050616,0.625,5,374631.0541890291,0.5,4,3032561.1299704714,100,8,0.561768096,0.438231904,2026-05-06 16:00:00+00:00,0.0,0.0,0.0,0.0,long,False,False,False,False,89.11,-0.0037032880709235716,0.001122208506340483,-0.001009987655706479,-0.00886544720008986,-0.008079901245651389
SOL,2026050617,0.6666666666,6,426895.86898902914,0.4444444444,4,3109743.9675704716,100,9,0.568638427,0.431361573,2026-05-06 17:00:00+00:00,1.0,77182.8376000002,52264.81480000005,0.006870331000000007,long,False,False,False,False,88.78,0.0016895697229106776,0.003942329353457952,0.00371705339040318,-0.0018022077044379525,-0.00033791394458215773
SOL,2026050618,0.6,6,-137045.23156481708,0.5,5,3622861.3758166255,100,10,0.4810860508,0.5189139492,2026-05-06 18:00:00+00:00,1.0,513117.40824615397,-563941.1005538462,-0.0875523762,short,False,False,False,False,88.93,0.003148543798493053,0.0057348476329697196,-0.007309119532216468,0.0032609917912964637,-0.004385471719329792
SOL,2026050619,0.5,5,-423522.28276481706,0.6,6,3561948.4270166256,100,10,0.4405490714,0.5594509286,2026-05-06 19:00:00+00:00,0.0,-60912.9487999999,-286477.0512,-0.040536979400000006,short,False,False,False,False,89.21,-0.0008967604528640205,-0.002129806075552021,-0.010649030377760216,0.010200650151328539,-0.009079699585248124
SOL,2026050620,0.4444444444,4,-1118182.1431052156,0.6666666667,6,3989622.9794762274,100,9,0.3598636827,0.6401363173,2026-05-06 20:00:00+00:00,-1.0,427674.5524596018,-694659.8603403985,-0.08068538869999997,short,False,False,True,True,89.13,0.0034780657466622067,-0.00022439133849427861,-0.011556153932458235,0.004712218108380961,-0.0125659149556826
SOL,2026050621,0.4444444444,4,-1118182.1431052156,0.6666666667,6,3989622.9794762274,100,9,0.3598636827,0.6401363173,2026-05-06 21:00:00+00:00,0.0,0.0,0.0,0.0,short,False,False,False,False,89.44,-0.004695885509839015,-0.012969588550983846,-0.01934257602862255,-0.0003354203935599376,-0.0168828264758496
SOL,2026050622,0.5,4,-450304.0598052156,0.625,5,3321744.8961762274,100,8,0.4322187473,0.5677812527,2026-05-06 22:00:00+00:00,-1.0,-667878.0833,667878.0833,0.07235506459999996,short,False,False,False,False,89.02,0.0010110087620760488,-0.008537407324196722,-0.007863401482812837,0.0010110087620760488,-0.011008762075937928
SOL,2026050623,0.5714285714,4,251511.67102870825,0.5714285714,4,3124713.512942303,100,7,0.5402455569,0.4597544431,2026-05-06 23:00:00+00:00,-1.0,-197031.3832339244,701815.7308339239,0.1080268096,long,False,False,False,False,89.11,-0.009314330602625986,-0.011334305914038834,-0.0054988216810683,0.004376613174727817,-0.008079901245651389
SOL,2026050701,0.5714285714,4,258397.43812870825,0.5714285714,4,3131599.2800423033,100,7,0.5412564659,0.4587435341,2026-05-07 01:00:00+00:00,0.0,6885.767100000288,6885.767099999997,0.0010109090000000043,long,False,False,False,False,88.26,-0.0018128257421257121,0.0006798096532969478,0.021074099252209377,0.0038522547020165554,-0.0019261273510083887
SOL,2026050702,0.5714285714,4,629330.7107287082,0.5714285714,4,3759646.8776423032,100,7,0.5836954548,0.4163045452,2026-05-07 02:00:00+00:00,0.0,628047.5976,370933.2725999999,0.042438988899999974,long,False,False,False,False,88.1,-0.0044267877412031975,0.005902383654937671,0.016458569807037415,0.00011350737797966026,-0.0009080590238365049
SOL,2026050703,0.5714285714,4,629330.7107287082,0.5714285714,4,3759646.8776423032,100,7,0.5836954548,0.4163045452,2026-05-07 03:00:00+00:00,0.0,0.0,0.0,0.0,long,False,False,False,False,87.71,0.006954737202143457,0.017215824877437003,0.019382054497776746,0.006270664690457339,0.005358568008209108
SOL,2026050704,0.5714285714,4,629330.7107287082,0.5714285714,4,3759646.8776423032,100,7,0.5836954548,0.4163045452,2026-05-07 04:00:00+00:00,0.0,0.0,0.0,0.0,long,False,False,False,False,88.32,0.0033967391304348116,0.02038043478260887,0.008944746376811752,0.0007925724637682929,-0.0022644927536230597
SOL,2026050705,0.5714285714,4,629330.7107287082,0.5714285714,4,3759646.8776423032,100,7,0.5836954548,0.4163045452,2026-05-07 05:00:00+00:00,0.0,0.0,0.0,0.0,long,False,False,False,False,88.62,0.00677048070413,0.0104942450914014,0.009930038366057214,0.0014669374858948814,-0.007109004739336622
SOL,2026050706,0.5714285714,4,629330.7107287082,0.5714285714,4,3759646.8776423032,100,7,0.5836954548,0.4163045452,2026-05-07 06:00:00+00:00,0.0,0.0,0.0,0.0,long,False,False,False,False,89.22,0.01008742434431742,0.0021295673615779886,0.005379959650302579,-0.007621609504595339,-0.013674064111185769
SOL,2026050707,0.5714285714,4,629330.7107287082,0.5714285714,4,3759646.8776423032,100,7,0.5836954548,0.4163045452,2026-05-07 07:00:00+00:00,0.0,0.0,0.0,0.0,long,False,False,False,False,90.12,-0.006324900133155897,-0.011207279183311214,-0.016866400355082245,-0.019085663559698207,-0.021526853084775865
SOL,2026050708,0.5714285714,4,629330.7107287082,0.5714285714,4,3759646.8776423032,100,7,0.5836954548,0.4163045452,2026-05-07 08:00:00+00:00,0.0,0.0,0.0,0.0,long,False,False,False,False,89.55,-0.0015633724176438157,-0.0005583472920156485,-0.016080402010050232,-0.017197096594081418,-0.01373534338358462
SOL,2026050709,0.5714285714,4,640996.1843287082,0.5714285714,4,3793530.287242303,100,7,0.5844854444,0.4155145556,2026-05-07 09:00:00+00:00,0.0,33883.4095999999,11665.473600000027,0.0007899896000000961,long,False,False,False,False,89.41,-0.00335532938150096,0.0032434850687843575,-0.012862095962420161,-0.016552958282071262,-0.011631808522536535
SOL,2026050710,0.625,5,665998.8741287083,0.5,4,3818532.9770423034,100,8,0.5872061179,0.4127938821,2026-05-07 10:00:00+00:00,1.0,25002.689800000284,25002.68980000005,0.002720673499999937,long,False,False,False,False,89.11,0.004376613174727817,-0.00572326338233653,-0.008079901245651389,-0.012007631017843079,-0.0060599259342386524
SOL,2026050711,0.625,5,665998.8741287083,0.5,4,3818532.9770423034,100,8,0.5872061179,0.4127938821,2026-05-07 11:00:00+00:00,0.0,0.0,0.0,0.0,long,False,False,False,False,89.5,0.0022346368715084886,-0.015530726256983263,-0.008379888268156388,-0.012402234636871512,-0.010167597765363134
SOL,2026050712,0.6666666666,6,727137.6418287081,0.4444444444,4,3879671.744742303,100,9,0.5937112325,0.4062887675,2026-05-07 12:00:00+00:00,1.0,61138.767699999735,61138.76769999985,0.006505114600000028,long,False,False,False,False,89.7,-0.012263099219621099,-0.016053511705685586,-0.012931995540691132,-0.01638795986622077,-0.01449275362318836
SOL,2026050713,0.7,7,942606.8033287082,0.4,4,4095140.906242303,100,10,0.6150884456,0.3849115544,2026-05-07 13:00:00+00:00,1.0,215469.16149999993,215469.16150000005,0.02137721309999996,long,True,False,False,False,88.6,-0.005530474040632005,-0.002370203160270812,-0.0022573363431149795,-0.005756207674943448,-0.0037246049661399105
SOL,2026050714,0.7,7,942606.8033287082,0.4,4,4095140.906242303,100,10,0.6150884456,0.3849115544,2026-05-07 14:00:00+00:00,0.0,0.0,0.0,0.0,long,False,False,False,False,88.11,0.001702417432754677,0.007263647713085852,-0.0011349449551696367,-0.0010214504596527396,0.011235955056179803
SOL,2026050715,0.7,7,942606.8033287082,0.4,4,4095140.906242303,100,10,0.6150884456,0.3849115544,2026-05-07 15:00:00+00:00,0.0,0.0,0.0,0.0,long,False,False,False,False,88.26,0.0014729209154769052,0.0031724450487196076,-0.003738953093133879,-0.000906412871062745,0.006231588488556428
SOL,2026050716,0.6666666666,8,511580.84227394743,0.4166666667,5,4515704.104587543,100,12,0.5566446372,0.4433553628,2026-05-07 16:00:00+00:00,2.0,420563.19834523974,-431025.96105476073,-0.058443808399999964,long,False,False,False,False,88.39,0.004072858920692424,0.00011313497001919082,-0.003959723950673122,-0.0030546441905192623,0.011879171852019477
SOL,2026050717,0.6666666666,8,531870.7266739474,0.4166666667,5,4580430.921787542,100,12,0.5580590271,0.4419409729,2026-05-07 17:00:00+00:00,0.0,64726.81719999947,20289.88439999998,0.0014143898999999793,long,False,False,False,False,88.75,-0.002366197183098495,-0.008338028169014078,-0.00405633802816896,-0.008563380281690236,0.03233802816901421
SOL,2026050718,0.7272727272,8,942150.3836739473,0.3636363636,4,4270470.578787542,100,11,0.6103099021,0.3896900979,2026-05-07 18:00:00+00:00,-1.0,-309960.34300000034,410279.6569999999,0.05225087500000003,long,False,True,False,False,88.54,-0.0015812062344703337,-0.006889541450192049,-0.003501242376327096,-0.006098938332956938,0.041337248701152074
SOL,2026050719,0.7272727272,8,1041427.6136739474,0.3636363636,4,4369747.808787542,100,11,0.6191633544,0.3808366456,2026-05-07 19:00:00+00:00,0.0,99277.23000000045,99277.2300000001,0.008853452300000009,long,True,False,False,False,88.4,-0.004411764705882337,-0.004072398190045234,-0.0035067873303167296,-0.002488687782805421,0.0469457013574659
SOL,2026050720,0.7272727272,8,1059214.0346739474,0.3636363636,4,4387534.2297875425,100,11,0.6207072103,0.3792927897,2026-05-07 20:00:00+00:00,0.0,17786.42100000009,17786.420999999973,0.0015438558999999463,long,True,False,False,False,88.01,-0.0009089876150437659,0.004317691171457749,0.0001136234518803736,0.003522327008294468,0.0460174980115895
SOL,2026050721,0.7272727272,8,383347.232134394,0.3636363636,4,3722775.192047989,100,11,0.5514867554,0.4485132446,2026-05-07 21:00:00+00:00,0.0,-664759.0377395535,-675866.8025395534,-0.06922045489999995,long,False,False,False,False,87.93,0.0012509951097463556,0.003411804844762889,0.002843170703969111,0.0050039804389854226,0.05003980438985556
SOL,2026050722,0.7,7,273173.5072722915,0.4,4,3612601.4671858866,100,10,0.53780842,0.46219158,2026-05-07 22:00:00+00:00,-1.0,-110173.72486210242,-110173.72486210248,-0.013678335400000075,long,False,False,False,False,88.04,0.003975465697410252,0.0005679236710585123,0.0009086778736937529,0.006019990913221029,0.04781917310313477
SOL,2026050723,0.6666666666,6,-223725.73173266987,0.4444444444,4,3103440.9138150527,100,9,0.4639552132,0.5360447868,2026-05-07 23:00:00+00:00,-1.0,-509160.55337083386,-496899.2390049614,-0.07385320679999996,short,False,False,False,False,88.39,-0.0018101595203077192,-0.0041859938907117256,-0.004525398800769409,0.0022626994003847045,0.040389184296866
SOL,2026050801,0.6,6,-57711.781732669886,0.5,5,3269631.6638150527,100,10,0.4911745744,0.5088254256,2026-05-08 01:00:00+00:00,1.0,166190.75,166013.94999999998,0.027219361200000014,short,False,False,False,False,88.09,-0.0007946418435691438,0.0003405607901010299,0.0010216823703030897,0.0020433647406061795,0.048813713247814805
SOL,2026050802,0.6,6,30713.21826733011,0.5,5,3181206.6638150527,100,10,0.5048272906,0.4951727094,2026-05-08 02:00:00+00:00,0.0,-88425.0,88425.0,0.01365271619999997,long,False,False,False,False,88.02,0.0018177686889344624,-0.0003408316291751978,0.003408316291751756,0.012269938650306678,0.06123608270847525
SOL,2026050803,0.6,6,30713.21826733011,0.5,5,3181206.6638150527,100,10,0.5048272906,0.4951727094,2026-05-08 03:00:00+00:00,0.0,0.0,0.0,0.0,long,False,False,False,False,88.18,-0.0006804264005443317,-0.002041279201633106,0.0021546836017236615,0.007144477205715427,0.06089816284871841
SOL,2026050804,0.6,6,30713.21826733011,0.5,5,3181206.6638150527,100,10,0.5048272906,0.4951727094,2026-05-08 04:00:00+00:00,0.0,0.0,0.0,0.0,long,False,False,False,False,88.12,-0.0014752610077168882,0.0006808896958692134,0.005106672719019434,0.014979573309123806,0.06207444394008177
SOL,2026050805,0.5555555555,5,-144854.71523266987,0.5555555556,5,3005638.730315053,100,9,0.4759028399,0.5240971601,2026-05-08 05:00:00+00:00,-1.0,-175567.9334999998,-175567.93349999998,-0.028924450699999993,short,False,False,False,False,87.99,0.00011364927832713256,0.0037504261847935982,0.006818956699625067,0.041254688032731135,0.06148425957495185
SOL,2026050806,0.5555555555,5,-144854.71523266987,0.5555555556,5,3005638.730315053,100,9,0.4759028399,0.5240971601,2026-05-08 06:00:00+00:00,0.0,0.0,0.0,0.0,short,False,False,False,False,88.0,0.0020454545454546835,0.004204545454545405,0.00454545454545463,0.04772727272727284,0.0625
SOL,2026050807,0.5555555555,5,-144854.71523266987,0.5555555556,5,3005638.730315053,100,9,0.4759028399,0.5240971601,2026-05-08 07:00:00+00:00,0.0,0.0,0.0,0.0,short,False,False,False,False,88.18,0.0015876616012699962,0.0044227716035381,0.001020639600816331,0.04955772283964599,0.0625992288500794
SOL,2026050808,0.5555555555,5,-144854.71523266987,0.5555555556,5,3005638.730315053,100,9,0.4759028399,0.5240971601,2026-05-08 08:00:00+00:00,0.0,0.0,0.0,0.0,short,False,False,False,False,88.32,0.000566123188405987,0.0030570652173913526,0.008831521739130377,0.04234601449275366,0.061141304347826164
SOL,2026050809,0.6,6,-51514.88033266989,0.5,5,3098978.5652150526,100,10,0.4916884097,0.5083115903,2026-05-08 09:00:00+00:00,1.0,93339.83489999967,93339.83489999999,0.01578556980000001,short,False,False,False,False,88.37,0.0022632114971141704,0.00033948172456721437,0.004979065293651663,0.04481158764286519,
SOL,2026050810,0.6,6,-7183.31273266989,0.5,5,3143310.1328150528,100,10,0.4988573649,0.5011426351,2026-05-08 10:00:00+00:00,0.0,44331.567600000184,44331.5676,0.007168955199999993,short,False,False,False,False,88.57,0.00022581009371136496,-0.00338715140566781,0.009822739076436715,0.041549057242858733,
SOL,2026050811,0.6,6,-7183.31273266989,0.5,5,3143310.1328150528,100,10,0.4988573649,0.5011426351,2026-05-08 11:00:00+00:00,0.0,0.0,0.0,0.0,short,False,False,False,False,88.59,-0.0021447115927305527,0.005756857433118823,0.034202505926176796,0.03804041088158927,
SOL,2026050812,0.6,6,2818.6523673301103,0.5,5,3153312.097915053,100,10,0.5004469352,0.4995530648,2026-05-08 12:00:00+00:00,0.0,10001.965100000147,10001.9651,0.001589570300000065,long,False,False,False,False,88.4,-0.0014705882352942234,0.004638009049773739,0.042986425339366585,0.045475113122172006,
SOL,2026050813,0.6363636363,7,595507.4241673301,0.4545454545,5,3746000.8697150527,100,11,0.5794857562,0.4205142438,2026-05-08 13:00:00+00:00,1.0,592688.7717999998,592688.7718,0.07903882099999993,long,False,False,False,False,88.27,0.00940296816585473,0.013254786450662692,0.048487594879347506,0.04667497451002611,
SOL,2026050814,0.6,6,199927.20416733017,0.5,5,3350420.649715053,100,10,0.5298361347,0.4701638653,2026-05-08 14:00:00+00:00,-1.0,-395580.21999999974,-395580.22,-0.04964962149999996,long,False,False,False,False,89.1,-0.0032547699214364734,0.028282828282828465,0.03322109988776667,0.04837261503928181,
SOL,2026050815,0.6,6,199927.20416733017,0.5,5,3350420.649715053,100,10,0.5298361347,0.4701638653,2026-05-08 15:00:00+00:00,0.0,0.0,0.0,0.0,long,False,False,False,False,88.81,0.007093795743722486,0.038171377097173664,0.03963517621889423,0.05337236797657918,
SOL,2026050816,0.5555555555,5,43583.53526733016,0.5555555556,5,3194076.980815053,100,9,0.5068225555,0.4931774445,2026-05-08 16:00:00+00:00,-1.0,-156343.66889999993,-156343.66890000002,-0.023013579200000023,long,False,False,False,False,89.44,0.024373881932021613,0.034771914132379234,0.03141771019678008,0.04639982110912344,
SOL,2026050817,0.6666666666,6,9934.66466733015,0.4444444444,4,3293581.473815053,100,9,0.5015081856,0.4984918144,2026-05-08 17:00:00+00:00,0.0,99504.49299999978,-33648.87060000001,-0.005314369900000004,long,False,False,False,False,91.62,0.006330495524994539,0.00480244488103021,0.003710980135341435,0.019428072473259173,
SOL,2026050818,0.6666666666,6,58109.30370850572,0.4444444444,4,3245406.834773877,100,9,0.5089525453,0.4910474547,2026-05-08 18:00:00+00:00,0.0,-48174.6390411756,48174.63904117557,0.007444359700000014,long,False,False,False,False,92.2,0.003796095444685399,0.0014099783080259165,0.0023861171366594824,0.014099783080260275,
SOL,2026050819,0.6666666666,6,58109.30370850572,0.4444444444,4,3245406.834773877,100,9,0.5089525453,0.4910474547,2026-05-08 19:00:00+00:00,0.0,0.0,0.0,0.0,long,False,False,False,False,92.55,-0.005294435440302503,-0.0032414910858994395,-0.0017287952458130418,0.012425715829281536,
SOL,2026050820,0.6666666666,6,49101.89970850572,0.4444444444,4,3236399.430773877,100,9,0.5075858837,0.4924141163,2026-05-08 20:00:00+00:00,0.0,-9007.404000000097,-9007.404000000002,-0.0013666615999999854,long,False,False,False,False,92.06,0.002932869867477761,-0.0010862480990658785,0.014664349337388582,0.018031718444492695,
SOL,2026050821,0.625,5,14187.09650850572,0.5,4,3201484.627573877,100,8,0.5022157058,0.4977842942,2026-05-08 21:00:00+00:00,-1.0,-34914.803199999966,-34914.8032,-0.0053701779000000505,long,False,False,False,False,92.33,-0.0008664572728257491,0.0009747644319288984,0.013213473410592425,,
SOL,2026050822,0.625,5,14187.09650850572,0.5,4,3201484.627573877,100,8,0.5022157058,0.4977842942,2026-05-08 22:00:00+00:00,0.0,0.0,0.0,0.0,long,False,False,False,False,92.25,-0.0031436314363144646,0.0015176151761517875,0.014525745257452538,,
SOL,2026050823,0.7,7,242122.46310850573,0.4,4,3473866.963373877,100,10,0.5348491271,0.4651508729,2026-05-08 23:00:00+00:00,2.0,272382.3358,227935.3666,0.03263342130000002,long,False,False,False,False,91.96,0.00500217485863419,0.015767725097868723,0.01565898216615924,,
SOL,2026050901,0.7,7,239175.3847085057,0.4,4,3470919.884973877,100,10,0.5344541782,0.4655458218,2026-05-09 01:00:00+00:00,0.0,-2947.0783999999985,-2947.0784000000276,-0.00039494890000002503,long,False,False,False,False,92.39,0.011040155861023804,0.0129884186600282,0.014179023703864146,,
SOL,2026050902,0.7,7,43854.907203375995,0.4,4,3598500.8807368586,100,10,0.5060934968,0.4939065032,2026-05-09 02:00:00+00:00,0.0,127580.99576298147,-195320.4775051297,-0.02836068139999992,long,False,False,False,False,93.41,0.0014987688684295897,-0.00010705491917339938,0.0033187024943797105,,
SOL,2026050903,0.7272727272,8,27324.29820337599,0.3636363636,4,3581970.2717368584,100,11,0.5038141436,0.4961858564,2026-05-09 03:00:00+00:00,1.0,-16530.60900000017,-16530.609000000004,-0.002279353200000056,long,False,False,False,False,93.55,0.000427578834847786,-0.0005344735435595105,,,
SOL,2026050904,0.7272727272,8,-20820.304177427664,0.3636363636,4,3544780.403156054,100,11,0.4970632448,0.5029367552,2026-05-09 04:00:00+00:00,0.0,-37189.86858080421,-48144.602380803655,-0.00675089879999996,short,False,False,False,False,93.59,-0.002030131424297421,0.0011753392456459455,,,
SOL,2026050905,0.6363636363,7,-569513.5907794355,0.4545454545,5,4010984.8973540463,100,11,0.4290057672,0.5709942328,2026-05-09 05:00:00+00:00,0.0,466204.49419799214,-548693.2866020078,-0.06805747760000003,short,False,False,False,False,93.4,0.0010706638115631772,0.003426124197002167,,,
